legacy_kind,legacy_name,legacy_value,migration_status,current_names,reason
COMMAND,MAV_CMD_DO_GRIPPER,211,EXACT,"[""MAV_CMD_DO_GRIPPER""]",same identifier exists in the current catalog
COMMAND,MAV_CMD_NAV_WAYPOINT,16,EXACT,"[""MAV_CMD_NAV_WAYPOINT""]",same identifier exists in the current catalog
COMMAND,RC1,0,EXACT,"[""RC1""]",same identifier exists in the current catalog
COMMAND,RC2,0,EXACT,"[""RC2""]",same identifier exists in the current catalog
COMMAND,RC3,0,EXACT,"[""RC3""]",same identifier exists in the current catalog
COMMAND,RC4,0,EXACT,"[""RC4""]",same identifier exists in the current catalog
COMMAND,MAV_CMD_NAV_RETURN_TO_LAUNCH,20,EXACT,"[""MAV_CMD_NAV_RETURN_TO_LAUNCH""]",same identifier exists in the current catalog
COMMAND,MAV_CMD_NAV_TAKEOFF,22,EXACT,"[""MAV_CMD_NAV_TAKEOFF""]",same identifier exists in the current catalog
COMMAND,MAV_CMD_NAV_LAND,21,EXACT,"[""MAV_CMD_NAV_LAND""]",same identifier exists in the current catalog
COMMAND,MAV_CMD_NAV_LOITER_UNLIM,17,EXACT,"[""MAV_CMD_NAV_LOITER_UNLIM""]",same identifier exists in the current catalog
COMMAND,MAV_CMD_NAV_LOITER_TURNS,18,EXACT,"[""MAV_CMD_NAV_LOITER_TURNS""]",same identifier exists in the current catalog
COMMAND,MAV_CMD_NAV_LOITER_TIME,19,EXACT,"[""MAV_CMD_NAV_LOITER_TIME""]",same identifier exists in the current catalog
COMMAND,MAV_CMD_NAV_SPLINE_WAYPOINT,82,EXACT,"[""MAV_CMD_NAV_SPLINE_WAYPOINT""]",same identifier exists in the current catalog
COMMAND,MAV_CMD_NAV_GUIDED_ENABLE,92,EXACT,"[""MAV_CMD_NAV_GUIDED_ENABLE""]",same identifier exists in the current catalog
COMMAND,MAV_CMD_DO_JUMP,177,REMOVED,[],no current runtime/source identity was found
COMMAND,MAV_CMD_MISSION_START,300,EXACT,"[""MAV_CMD_MISSION_START""]",same identifier exists in the current catalog
COMMAND,MAV_CMD_COMPONENT_ARM_DISARM,400,EXACT,"[""MAV_CMD_COMPONENT_ARM_DISARM""]",same identifier exists in the current catalog
COMMAND,MAV_CMD_CONDITION_DELAY,112,EXACT,"[""MAV_CMD_CONDITION_DELAY""]",same identifier exists in the current catalog
COMMAND,MAV_CMD_CONDITION_DISTANCE,114,EXACT,"[""MAV_CMD_CONDITION_DISTANCE""]",same identifier exists in the current catalog
COMMAND,MAV_CMD_CONDITION_YAW,115,EXACT,"[""MAV_CMD_CONDITION_YAW""]",same identifier exists in the current catalog
COMMAND,MAV_CMD_DO_CHANGE_SPEED,178,EXACT,"[""MAV_CMD_DO_CHANGE_SPEED""]",same identifier exists in the current catalog
COMMAND,MAV_CMD_DO_SET_HOME,179,EXACT,"[""MAV_CMD_DO_SET_HOME""]",same identifier exists in the current catalog
COMMAND,MAV_CMD_DO_SET_SERVO,183,EXACT,"[""MAV_CMD_DO_SET_SERVO""]",same identifier exists in the current catalog
COMMAND,MAV_CMD_DO_SET_RELAY,181,EXACT,"[""MAV_CMD_DO_SET_RELAY""]",same identifier exists in the current catalog
COMMAND,MAV_CMD_DO_REPEAT_SERVO,184,EXACT,"[""MAV_CMD_DO_REPEAT_SERVO""]",same identifier exists in the current catalog
COMMAND,MAV_CMD_DO_REPEAT_RELAY,182,EXACT,"[""MAV_CMD_DO_REPEAT_RELAY""]",same identifier exists in the current catalog
COMMAND,MAV_CMD_DO_DIGICAM_CONFIGURE,202,EXACT,"[""MAV_CMD_DO_DIGICAM_CONFIGURE""]",same identifier exists in the current catalog
COMMAND,MAV_CMD_DO_DIGICAM_CONTROL,203,EXACT,"[""MAV_CMD_DO_DIGICAM_CONTROL""]",same identifier exists in the current catalog
COMMAND,MAV_CMD_DO_SET_CAM_TRIGG_DIST,206,EXACT,"[""MAV_CMD_DO_SET_CAM_TRIGG_DIST""]",same identifier exists in the current catalog
COMMAND,MAV_CMD_DO_SET_ROI,201,EXACT,"[""MAV_CMD_DO_SET_ROI""]",same identifier exists in the current catalog
COMMAND,MAV_CMD_DO_SET_MODE,176,EXACT,"[""MAV_CMD_DO_SET_MODE""]",same identifier exists in the current catalog
COMMAND,MAV_CMD_DO_MOUNT_CONTROL,205,EXACT,"[""MAV_CMD_DO_MOUNT_CONTROL""]",same identifier exists in the current catalog
COMMAND,MAV_CMD_DO_PARACHUTE,208,EXACT,"[""MAV_CMD_DO_PARACHUTE""]",same identifier exists in the current catalog
COMMAND,MAV_CMD_DO_GUIDED_LIMITS,222,EXACT,"[""MAV_CMD_DO_GUIDED_LIMITS""]",same identifier exists in the current catalog
COMMAND,MAV_CMD_DO_REPOSITION,192,EXACT,"[""MAV_CMD_DO_REPOSITION""]",same identifier exists in the current catalog
COMMAND,MAV_CMD_DO_GRIPPER,211,EXACT,"[""MAV_CMD_DO_GRIPPER""]",same identifier exists in the current catalog
COMMAND,MAV_CMD_DO_AUTOTUNE_ENABLE,212,REMOVED,[],no current runtime/source identity was found
COMMAND,MAV_CMD_DO_PAUSE_CONTINUE,193,EXACT,"[""MAV_CMD_DO_PAUSE_CONTINUE""]",same identifier exists in the current catalog
COMMAND,MAV_CMD_NAV_ALTITUDE_WAIT,83,REMOVED,[],no current runtime/source identity was found
COMMAND,MAV_CMD_POWER_OFF_INITIATED,42000,REMOVED,[],no current runtime/source identity was found
COMMAND,MAV_CMD_SOLO_BTN_FLY_CLICK,42001,EXACT,"[""MAV_CMD_SOLO_BTN_FLY_CLICK""]",same identifier exists in the current catalog
COMMAND,MAV_CMD_SOLO_BTN_FLY_HOLD,42002,EXACT,"[""MAV_CMD_SOLO_BTN_FLY_HOLD""]",same identifier exists in the current catalog
COMMAND,MAV_CMD_SOLO_BTN_PAUSE_CLICK,42003,EXACT,"[""MAV_CMD_SOLO_BTN_PAUSE_CLICK""]",same identifier exists in the current catalog
COMMAND,MAV_CMD_FIXED_MAG_CAL,42004,REMOVED,[],no current runtime/source identity was found
COMMAND,MAV_CMD_FIXED_MAG_CAL_FIELD,42005,REMOVED,[],no current runtime/source identity was found
COMMAND,MAV_CMD_FIXED_MAG_CAL_YAW,42006,EXACT,"[""MAV_CMD_FIXED_MAG_CAL_YAW""]",same identifier exists in the current catalog
COMMAND,MAV_CMD_DO_START_MAG_CAL,42424,EXACT,"[""MAV_CMD_DO_START_MAG_CAL""]",same identifier exists in the current catalog
COMMAND,MAV_CMD_DO_ACCEPT_MAG_CAL,42425,EXACT,"[""MAV_CMD_DO_ACCEPT_MAG_CAL""]",same identifier exists in the current catalog
COMMAND,MAV_CMD_DO_CANCEL_MAG_CAL,42426,EXACT,"[""MAV_CMD_DO_CANCEL_MAG_CAL""]",same identifier exists in the current catalog
COMMAND,MAV_CMD_DO_SEND_BANNER,42428,EXACT,"[""MAV_CMD_DO_SEND_BANNER""]",same identifier exists in the current catalog
COMMAND,MAV_CMD_SET_FACTORY_TEST_MODE,42427,REMOVED,[],no current runtime/source identity was found
COMMAND,MAV_CMD_GIMBAL_RESET,42501,REMOVED,[],no current runtime/source identity was found
COMMAND,MAV_CMD_GIMBAL_AXIS_CALIBRATION_STATUS,42502,REMOVED,[],no current runtime/source identity was found
COMMAND,MAV_CMD_GIMBAL_REQUEST_AXIS_CALIBRATION,42503,REMOVED,[],no current runtime/source identity was found
COMMAND,MAV_CMD_GIMBAL_FULL_RESET,42505,REMOVED,[],no current runtime/source identity was found
COMMAND,MAV_CMD_DO_WINCH,42600,EXACT,"[""MAV_CMD_DO_WINCH""]",same identifier exists in the current catalog
COMMAND,MAV_CMD_FLASH_BOOTLOADER,42650,EXACT,"[""MAV_CMD_FLASH_BOOTLOADER""]",same identifier exists in the current catalog
COMMAND,MAV_CMD_BATTERY_RESET,42651,EXACT,"[""MAV_CMD_BATTERY_RESET""]",same identifier exists in the current catalog
COMMAND,MAV_CMD_DEBUG_TRAP,42651,EXACT,"[""MAV_CMD_DEBUG_TRAP""]",same identifier exists in the current catalog
COMMAND,MAV_CMD_SCRIPTING,42701,EXACT,"[""MAV_CMD_SCRIPTING""]",same identifier exists in the current catalog
ENVIRONMENT,SIM_ACC2_BIAS_X,,EXACT,"[""SIM_ACC2_BIAS_X""]",same identifier exists in the current catalog
ENVIRONMENT,SIM_ACC2_BIAS_Y,,EXACT,"[""SIM_ACC2_BIAS_Y""]",same identifier exists in the current catalog
ENVIRONMENT,SIM_ACC2_BIAS_Z,,EXACT,"[""SIM_ACC2_BIAS_Z""]",same identifier exists in the current catalog
ENVIRONMENT,SIM_ACC2_RND,,EXACT,"[""SIM_ACC2_RND""]",same identifier exists in the current catalog
ENVIRONMENT,SIM_ACCEL_FAIL,,REMOVED,[],no current runtime/source identity was found
ENVIRONMENT,SIM_ACC_BIAS_X,,REMOVED,[],no current runtime/source identity was found
ENVIRONMENT,SIM_ACC_BIAS_Y,,REMOVED,[],no current runtime/source identity was found
ENVIRONMENT,SIM_ACC_BIAS_Z,,REMOVED,[],no current runtime/source identity was found
ENVIRONMENT,SIM_ACC_RND,,REMOVED,[],no current runtime/source identity was found
ENVIRONMENT,SIM_ADSB_ALT,,EXACT,"[""SIM_ADSB_ALT""]",same identifier exists in the current catalog
ENVIRONMENT,SIM_ADSB_COUNT,,EXACT,"[""SIM_ADSB_COUNT""]",same identifier exists in the current catalog
ENVIRONMENT,SIM_ADSB_RADIUS,,EXACT,"[""SIM_ADSB_RADIUS""]",same identifier exists in the current catalog
ENVIRONMENT,SIM_ADSB_TX,,EXACT,"[""SIM_ADSB_TX""]",same identifier exists in the current catalog
ENVIRONMENT,SIM_ARSPD2_FAIL,,EXACT,"[""SIM_ARSPD2_FAIL""]",same identifier exists in the current catalog
ENVIRONMENT,SIM_ARSPD2_FAILP,,EXACT,"[""SIM_ARSPD2_FAILP""]",same identifier exists in the current catalog
ENVIRONMENT,SIM_ARSPD2_PITOT,,EXACT,"[""SIM_ARSPD2_PITOT""]",same identifier exists in the current catalog
ENVIRONMENT,SIM_ARSPD_FAIL,,EXACT,"[""SIM_ARSPD_FAIL""]",same identifier exists in the current catalog
ENVIRONMENT,SIM_ARSPD_FAIL_P,,REMOVED,[],no current runtime/source identity was found
ENVIRONMENT,SIM_ARSPD_PITOT,,EXACT,"[""SIM_ARSPD_PITOT""]",same identifier exists in the current catalog
ENVIRONMENT,SIM_ARSPD_RND,,EXACT,"[""SIM_ARSPD_RND""]",same identifier exists in the current catalog
ENVIRONMENT,SIM_ARSPD_SIGN,,EXACT,"[""SIM_ARSPD_SIGN""]",same identifier exists in the current catalog
ENVIRONMENT,SIM_BARO_COUNT,,EXACT,"[""SIM_BARO_COUNT""]",same identifier exists in the current catalog
ENVIRONMENT,SIM_BARO_DELAY,,EXACT,"[""SIM_BARO_DELAY""]",same identifier exists in the current catalog
ENVIRONMENT,SIM_BARO_DISABLE,,EXACT,"[""SIM_BARO_DISABLE""]",same identifier exists in the current catalog
ENVIRONMENT,SIM_BARO_DRIFT,,EXACT,"[""SIM_BARO_DRIFT""]",same identifier exists in the current catalog
ENVIRONMENT,SIM_BARO_GLITCH,,EXACT,"[""SIM_BARO_GLITCH""]",same identifier exists in the current catalog
ENVIRONMENT,SIM_BARO_RND,,EXACT,"[""SIM_BARO_RND""]",same identifier exists in the current catalog
ENVIRONMENT,SIM_BATT_VOLTAGE,,EXACT,"[""SIM_BATT_VOLTAGE""]",same identifier exists in the current catalog
ENVIRONMENT,SIM_BAUDLIMIT_EN,,EXACT,"[""SIM_BAUDLIMIT_EN""]",same identifier exists in the current catalog
ENVIRONMENT,SIM_BZ_ENABLE,,REMOVED,[],no current runtime/source identity was found
ENVIRONMENT,SIM_BZ_PIN,,REMOVED,[],no current runtime/source identity was found
ENVIRONMENT,SIM_DRIFT_SPEED,,EXACT,"[""SIM_DRIFT_SPEED""]",same identifier exists in the current catalog
ENVIRONMENT,SIM_DRIFT_TIME,,EXACT,"[""SIM_DRIFT_TIME""]",same identifier exists in the current catalog
ENVIRONMENT,SIM_ENGINE_FAIL,,EXACT,"[""SIM_ENGINE_FAIL""]",same identifier exists in the current catalog
ENVIRONMENT,SIM_ENGINE_MUL,,EXACT,"[""SIM_ENGINE_MUL""]",same identifier exists in the current catalog
ENVIRONMENT,SIM_FLOAT_EXCEPT,,EXACT,"[""SIM_FLOAT_EXCEPT""]",same identifier exists in the current catalog
ENVIRONMENT,SIM_FLOW_DELAY,,EXACT,"[""SIM_FLOW_DELAY""]",same identifier exists in the current catalog
ENVIRONMENT,SIM_FLOW_ENABLE,,EXACT,"[""SIM_FLOW_ENABLE""]",same identifier exists in the current catalog
ENVIRONMENT,SIM_FLOW_POS_X,,EXACT,"[""SIM_FLOW_POS_X""]",same identifier exists in the current catalog
ENVIRONMENT,SIM_FLOW_POS_Y,,EXACT,"[""SIM_FLOW_POS_Y""]",same identifier exists in the current catalog
ENVIRONMENT,SIM_FLOW_POS_Z,,EXACT,"[""SIM_FLOW_POS_Z""]",same identifier exists in the current catalog
ENVIRONMENT,SIM_FLOW_RATE,,EXACT,"[""SIM_FLOW_RATE""]",same identifier exists in the current catalog
ENVIRONMENT,SIM_FLOW_RND,,EXACT,"[""SIM_FLOW_RND""]",same identifier exists in the current catalog
ENVIRONMENT,SIM_GND_BEHAV,,EXACT,"[""SIM_GND_BEHAV""]",same identifier exists in the current catalog
ENVIRONMENT,SIM_GP2_GLITCH_X,,REMOVED,[],no current runtime/source identity was found
ENVIRONMENT,SIM_GP2_GLITCH_Y,,REMOVED,[],no current runtime/source identity was found
ENVIRONMENT,SIM_GP2_GLITCH_Z,,REMOVED,[],no current runtime/source identity was found
ENVIRONMENT,SIM_GPS2_ENABLE,,EXACT,"[""SIM_GPS2_ENABLE""]",same identifier exists in the current catalog
ENVIRONMENT,SIM_GPS2_TYPE,,REMOVED,[],no current runtime/source identity was found
ENVIRONMENT,SIM_GPS_ALT_OFS,,RENAMED,"[""SIM_GPS1_ALT_OFS""]",one explicit current-version identity is available
ENVIRONMENT,SIM_GPS_BYTELOSS,,RENAMED,"[""SIM_GPS1_BYTELOS""]",one explicit current-version identity is available
ENVIRONMENT,SIM_GPS_DELAY,,RENAMED,"[""SIM_GPS1_LAG_MS""]",one explicit current-version identity is available
ENVIRONMENT,SIM_GPS_DISABLE,,RENAMED,"[""SIM_GPS1_ENABLE""]",one explicit current-version identity is available
ENVIRONMENT,SIM_GPS_DRIFTALT,,RENAMED,"[""SIM_GPS1_DRFTALT""]",one explicit current-version identity is available
ENVIRONMENT,SIM_GPS_GLITCH_X,,RENAMED,"[""SIM_GPS1_GLTCH_X""]",one explicit current-version identity is available
ENVIRONMENT,SIM_GPS_GLITCH_Y,,RENAMED,"[""SIM_GPS1_GLTCH_Y""]",one explicit current-version identity is available
ENVIRONMENT,SIM_GPS_GLITCH_Z,,RENAMED,"[""SIM_GPS1_GLTCH_Z""]",one explicit current-version identity is available
ENVIRONMENT,SIM_GPS_HDG,,RENAMED,"[""SIM_GPS1_HDG""]",one explicit current-version identity is available
ENVIRONMENT,SIM_GPS_HZ,,RENAMED,"[""SIM_GPS1_HZ""]",one explicit current-version identity is available
ENVIRONMENT,SIM_GPS_LOCKTIME,,RENAMED,"[""SIM_GPS1_LCKTIME""]",one explicit current-version identity is available
ENVIRONMENT,SIM_GPS_NOISE,,RENAMED,"[""SIM_GPS1_NOISE""]",one explicit current-version identity is available
ENVIRONMENT,SIM_GPS_NUMSATS,,RENAMED,"[""SIM_GPS1_NUMSATS""]",one explicit current-version identity is available
ENVIRONMENT,SIM_GPS_POS_X,,RENAMED,"[""SIM_GPS1_POS_X""]",one explicit current-version identity is available
ENVIRONMENT,SIM_GPS_POS_Y,,RENAMED,"[""SIM_GPS1_POS_Y""]",one explicit current-version identity is available
ENVIRONMENT,SIM_GPS_POS_Z,,RENAMED,"[""SIM_GPS1_POS_Z""]",one explicit current-version identity is available
ENVIRONMENT,SIM_GPS_TYPE,,RENAMED,"[""SIM_GPS1_TYPE""]",one explicit current-version identity is available
ENVIRONMENT,SIM_GRPE_ENABLE,,EXACT,"[""SIM_GRPE_ENABLE""]",same identifier exists in the current catalog
ENVIRONMENT,SIM_GRPE_PIN,,EXACT,"[""SIM_GRPE_PIN""]",same identifier exists in the current catalog
ENVIRONMENT,SIM_GRPS_ENABLE,,EXACT,"[""SIM_GRPS_ENABLE""]",same identifier exists in the current catalog
ENVIRONMENT,SIM_GRPS_GRAB,,EXACT,"[""SIM_GRPS_GRAB""]",same identifier exists in the current catalog
ENVIRONMENT,SIM_GRPS_PIN,,EXACT,"[""SIM_GRPS_PIN""]",same identifier exists in the current catalog
ENVIRONMENT,SIM_GRPS_RELEASE,,EXACT,"[""SIM_GRPS_RELEASE""]",same identifier exists in the current catalog
ENVIRONMENT,SIM_GRPS_REVERSE,,EXACT,"[""SIM_GRPS_REVERSE""]",same identifier exists in the current catalog
ENVIRONMENT,SIM_GYR_FAIL_MSK,,EXACT,"[""SIM_GYR_FAIL_MSK""]",same identifier exists in the current catalog
ENVIRONMENT,SIM_GYR_RND,,REMOVED,[],no current runtime/source identity was found
ENVIRONMENT,SIM_GYR_SCALE_X,,REMOVED,[],no current runtime/source identity was found
ENVIRONMENT,SIM_GYR_SCALE_Y,,REMOVED,[],no current runtime/source identity was found
ENVIRONMENT,SIM_GYR_SCALE_Z,,REMOVED,[],no current runtime/source identity was found
ENVIRONMENT,SIM_IMU_POS_X,,EXACT,"[""SIM_IMU_POS_X""]",same identifier exists in the current catalog
ENVIRONMENT,SIM_IMU_POS_Y,,EXACT,"[""SIM_IMU_POS_Y""]",same identifier exists in the current catalog
ENVIRONMENT,SIM_IMU_POS_Z,,EXACT,"[""SIM_IMU_POS_Z""]",same identifier exists in the current catalog
ENVIRONMENT,SIM_LOOP_DELAY,,EXACT,"[""SIM_LOOP_DELAY""]",same identifier exists in the current catalog
ENVIRONMENT,SIM_MAG_ALY_HGT,,EXACT,"[""SIM_MAG_ALY_HGT""]",same identifier exists in the current catalog
ENVIRONMENT,SIM_MAG_ALY_X,,EXACT,"[""SIM_MAG_ALY_X""]",same identifier exists in the current catalog
ENVIRONMENT,SIM_MAG_ALY_Y,,EXACT,"[""SIM_MAG_ALY_Y""]",same identifier exists in the current catalog
ENVIRONMENT,SIM_MAG_ALY_Z,,EXACT,"[""SIM_MAG_ALY_Z""]",same identifier exists in the current catalog
ENVIRONMENT,SIM_MAG_DELAY,,EXACT,"[""SIM_MAG_DELAY""]",same identifier exists in the current catalog
ENVIRONMENT,SIM_MAG_DIA_X,,REMOVED,[],no current runtime/source identity was found
ENVIRONMENT,SIM_MAG_DIA_Y,,REMOVED,[],no current runtime/source identity was found
ENVIRONMENT,SIM_MAG_DIA_Z,,REMOVED,[],no current runtime/source identity was found
ENVIRONMENT,SIM_MAG_ERROR,,REMOVED,[],no current runtime/source identity was found
ENVIRONMENT,SIM_MAG_MOT_X,,EXACT,"[""SIM_MAG_MOT_X""]",same identifier exists in the current catalog
ENVIRONMENT,SIM_MAG_MOT_Y,,EXACT,"[""SIM_MAG_MOT_Y""]",same identifier exists in the current catalog
ENVIRONMENT,SIM_MAG_MOT_Z,,EXACT,"[""SIM_MAG_MOT_Z""]",same identifier exists in the current catalog
ENVIRONMENT,SIM_MAG_ODI_X,,REMOVED,[],no current runtime/source identity was found
ENVIRONMENT,SIM_MAG_ODI_Y,,REMOVED,[],no current runtime/source identity was found
ENVIRONMENT,SIM_MAG_ODI_Z,,REMOVED,[],no current runtime/source identity was found
ENVIRONMENT,SIM_MAG_OFS_X,,REMOVED,[],no current runtime/source identity was found
ENVIRONMENT,SIM_MAG_OFS_Y,,REMOVED,[],no current runtime/source identity was found
ENVIRONMENT,SIM_MAG_OFS_Z,,REMOVED,[],no current runtime/source identity was found
ENVIRONMENT,SIM_MAG_ORIENT,,REMOVED,[],no current runtime/source identity was found
ENVIRONMENT,SIM_MAG_RND,,EXACT,"[""SIM_MAG_RND""]",same identifier exists in the current catalog
ENVIRONMENT,SIM_MAG_SCALING,,REMOVED,[],no current runtime/source identity was found
ENVIRONMENT,SIM_ODOM_ENABLE,,EXACT,"[""SIM_ODOM_ENABLE""]",same identifier exists in the current catalog
ENVIRONMENT,SIM_OPOS_ALT,,EXACT,"[""SIM_OPOS_ALT""]",same identifier exists in the current catalog
ENVIRONMENT,SIM_OPOS_HDG,,EXACT,"[""SIM_OPOS_HDG""]",same identifier exists in the current catalog
ENVIRONMENT,SIM_OPOS_LAT,,EXACT,"[""SIM_OPOS_LAT""]",same identifier exists in the current catalog
ENVIRONMENT,SIM_OPOS_LNG,,EXACT,"[""SIM_OPOS_LNG""]",same identifier exists in the current catalog
ENVIRONMENT,SIM_PARA_ENABLE,,EXACT,"[""SIM_PARA_ENABLE""]",same identifier exists in the current catalog
ENVIRONMENT,SIM_PARA_PIN,,EXACT,"[""SIM_PARA_PIN""]",same identifier exists in the current catalog
ENVIRONMENT,SIM_PIN_MASK,,EXACT,"[""SIM_PIN_MASK""]",same identifier exists in the current catalog
ENVIRONMENT,SIM_PLD_ALT_LMT,,EXACT,"[""SIM_PLD_ALT_LMT""]",same identifier exists in the current catalog
ENVIRONMENT,SIM_PLD_DIST_LMT,,EXACT,"[""SIM_PLD_DIST_LMT""]",same identifier exists in the current catalog
ENVIRONMENT,SIM_PLD_ENABLE,,EXACT,"[""SIM_PLD_ENABLE""]",same identifier exists in the current catalog
ENVIRONMENT,SIM_PLD_HEIGHT,,EXACT,"[""SIM_PLD_HEIGHT""]",same identifier exists in the current catalog
ENVIRONMENT,SIM_PLD_LAT,,EXACT,"[""SIM_PLD_LAT""]",same identifier exists in the current catalog
ENVIRONMENT,SIM_PLD_LON,,EXACT,"[""SIM_PLD_LON""]",same identifier exists in the current catalog
ENVIRONMENT,SIM_PLD_RATE,,EXACT,"[""SIM_PLD_RATE""]",same identifier exists in the current catalog
ENVIRONMENT,SIM_PLD_TYPE,,EXACT,"[""SIM_PLD_TYPE""]",same identifier exists in the current catalog
ENVIRONMENT,SIM_PLD_YAW,,EXACT,"[""SIM_PLD_YAW""]",same identifier exists in the current catalog
ENVIRONMENT,SIM_RC_CHANCOUNT,,EXACT,"[""SIM_RC_CHANCOUNT""]",same identifier exists in the current catalog
ENVIRONMENT,SIM_RC_FAIL,,EXACT,"[""SIM_RC_FAIL""]",same identifier exists in the current catalog
ENVIRONMENT,SIM_SERVO_SPEED,,EXACT,"[""SIM_SERVO_SPEED""]",same identifier exists in the current catalog
ENVIRONMENT,SIM_SHOVE_TIME,,EXACT,"[""SIM_SHOVE_TIME""]",same identifier exists in the current catalog
ENVIRONMENT,SIM_SHOVE_X,,EXACT,"[""SIM_SHOVE_X""]",same identifier exists in the current catalog
ENVIRONMENT,SIM_SHOVE_Y,,EXACT,"[""SIM_SHOVE_Y""]",same identifier exists in the current catalog
ENVIRONMENT,SIM_SHOVE_Z,,EXACT,"[""SIM_SHOVE_Z""]",same identifier exists in the current catalog
ENVIRONMENT,SIM_SONAR_GLITCH,,EXACT,"[""SIM_SONAR_GLITCH""]",same identifier exists in the current catalog
ENVIRONMENT,SIM_SONAR_POS_X,,EXACT,"[""SIM_SONAR_POS_X""]",same identifier exists in the current catalog
ENVIRONMENT,SIM_SONAR_POS_Y,,EXACT,"[""SIM_SONAR_POS_Y""]",same identifier exists in the current catalog
ENVIRONMENT,SIM_SONAR_POS_Z,,EXACT,"[""SIM_SONAR_POS_Z""]",same identifier exists in the current catalog
ENVIRONMENT,SIM_SONAR_RND,,EXACT,"[""SIM_SONAR_RND""]",same identifier exists in the current catalog
ENVIRONMENT,SIM_SONAR_SCALE,,EXACT,"[""SIM_SONAR_SCALE""]",same identifier exists in the current catalog
ENVIRONMENT,SIM_SPEEDUP,,EXACT,"[""SIM_SPEEDUP""]",same identifier exists in the current catalog
ENVIRONMENT,SIM_SPR_ENABLE,,EXACT,"[""SIM_SPR_ENABLE""]",same identifier exists in the current catalog
ENVIRONMENT,SIM_SPR_PUMP,,EXACT,"[""SIM_SPR_PUMP""]",same identifier exists in the current catalog
ENVIRONMENT,SIM_SPR_SPIN,,EXACT,"[""SIM_SPR_SPIN""]",same identifier exists in the current catalog
ENVIRONMENT,SIM_TA_ENABLE,,EXACT,"[""SIM_TA_ENABLE""]",same identifier exists in the current catalog
ENVIRONMENT,SIM_TEMP_BFACTOR,,EXACT,"[""SIM_TEMP_BFACTOR""]",same identifier exists in the current catalog
ENVIRONMENT,SIM_TEMP_FLIGHT,,REMOVED,[],no current runtime/source identity was found
ENVIRONMENT,SIM_TEMP_START,,EXACT,"[""SIM_TEMP_START""]",same identifier exists in the current catalog
ENVIRONMENT,SIM_TEMP_TCONST,,EXACT,"[""SIM_TEMP_TCONST""]",same identifier exists in the current catalog
ENVIRONMENT,SIM_TERRAIN,,EXACT,"[""SIM_TERRAIN""]",same identifier exists in the current catalog
ENVIRONMENT,SIM_TIDE_DIR,,EXACT,"[""SIM_TIDE_DIR""]",same identifier exists in the current catalog
ENVIRONMENT,SIM_TIDE_SPEED,,EXACT,"[""SIM_TIDE_SPEED""]",same identifier exists in the current catalog
ENVIRONMENT,SIM_TWIST_TIME,,EXACT,"[""SIM_TWIST_TIME""]",same identifier exists in the current catalog
ENVIRONMENT,SIM_TWIST_X,,EXACT,"[""SIM_TWIST_X""]",same identifier exists in the current catalog
ENVIRONMENT,SIM_TWIST_Y,,EXACT,"[""SIM_TWIST_Y""]",same identifier exists in the current catalog
ENVIRONMENT,SIM_TWIST_Z,,EXACT,"[""SIM_TWIST_Z""]",same identifier exists in the current catalog
ENVIRONMENT,SIM_VIB_FREQ_X,,EXACT,"[""SIM_VIB_FREQ_X""]",same identifier exists in the current catalog
ENVIRONMENT,SIM_VIB_FREQ_Y,,EXACT,"[""SIM_VIB_FREQ_Y""]",same identifier exists in the current catalog
ENVIRONMENT,SIM_VIB_FREQ_Z,,EXACT,"[""SIM_VIB_FREQ_Z""]",same identifier exists in the current catalog
ENVIRONMENT,SIM_VICON_HSTLEN,,REMOVED,[],no current runtime/source identity was found
ENVIRONMENT,SIM_WAVE_AMP,,EXACT,"[""SIM_WAVE_AMP""]",same identifier exists in the current catalog
ENVIRONMENT,SIM_WAVE_DIR,,EXACT,"[""SIM_WAVE_DIR""]",same identifier exists in the current catalog
ENVIRONMENT,SIM_WAVE_ENABLE,,EXACT,"[""SIM_WAVE_ENABLE""]",same identifier exists in the current catalog
ENVIRONMENT,SIM_WAVE_LENGTH,,EXACT,"[""SIM_WAVE_LENGTH""]",same identifier exists in the current catalog
ENVIRONMENT,SIM_WAVE_SPEED,,EXACT,"[""SIM_WAVE_SPEED""]",same identifier exists in the current catalog
ENVIRONMENT,SIM_WIND_DELAY,,REMOVED,[],no current runtime/source identity was found
ENVIRONMENT,SIM_WIND_DIR,,EXACT,"[""SIM_WIND_DIR""]",same identifier exists in the current catalog
ENVIRONMENT,SIM_WIND_DIR_Z,,EXACT,"[""SIM_WIND_DIR_Z""]",same identifier exists in the current catalog
ENVIRONMENT,SIM_WIND_SPD,,EXACT,"[""SIM_WIND_SPD""]",same identifier exists in the current catalog
ENVIRONMENT,SIM_WIND_T,,EXACT,"[""SIM_WIND_T""]",same identifier exists in the current catalog
ENVIRONMENT,SIM_WIND_TURB,,EXACT,"[""SIM_WIND_TURB""]",same identifier exists in the current catalog
ENVIRONMENT,SIM_WIND_T_ALT,,EXACT,"[""SIM_WIND_T_ALT""]",same identifier exists in the current catalog
ENVIRONMENT,SIM_WIND_T_COEF,,EXACT,"[""SIM_WIND_T_COEF""]",same identifier exists in the current catalog
ENVIRONMENT,SIM_WOW_PIN,,EXACT,"[""SIM_WOW_PIN""]",same identifier exists in the current catalog
PRECONDITION,CHUTE_ENABLED,1,EXACT,"[""CHUTE_ENABLED""]",same identifier exists in the current catalog
PRECONDITION,CHUTE_TYPE,10,REMOVED,[],no current runtime/source identity was found
PRECONDITION,SERVO9_FUNCTION,27,EXACT,"[""SERVO9_FUNCTION""]",same identifier exists in the current catalog
PRECONDITION,SIM_PARA_ENABLE,1,EXACT,"[""SIM_PARA_ENABLE""]",same identifier exists in the current catalog
PRECONDITION,SIM_PARA_PIN,9,EXACT,"[""SIM_PARA_PIN""]",same identifier exists in the current catalog
