类别,系统,排序,编号,英文自然语言原文,中文白话解释,来源公式或论文原式转录,规范化MITL公式,公式来源类别,来源标题,来源精确位置,来源路径或链接,来源版本或哈希,校勘或来源说明,实现符合性
PGFuzz论文原性质,ArduPilot,1,A.RTL1,"If the current altitude is less than RTL_ALT, then altitude must be increased until the altitude is greater or equal to RTL_ALT.",当前高度低于 RTL_ALT 时持续爬升，直到达到该高度。,G(((ALT_t < RTL_ALT) & (Mode_t = RTL)) -> (ALT_t-1 < ALT_t)),G(((ALT_t < RTL_ALT) & (Mode_t = RTL)) -> (ALT_t-1 < ALT_t)),论文表格,PGFUZZ: Policy-guided Fuzzing for Robotic Vehicles,Table XII（第十二号表），PDF第18页，A.RTL1行,/home/lqq/project/TAFuzz/baseline/pgfuzz/Kim 等 - 2021 - PGFUZZ Policy-guided fuzzing for robotic vehicles.pdf,bb057be0069e9e764c8fb4bf963b09311cc914f3fb60da0b121afa94c90d7fcd,自然语言包含‘直到达到目标’，论文公式只要求相邻观测朝目标变化。；t-1 仅是上一观测索引，论文没有给出固定采样周期。,未评估
PGFuzz论文原性质,ArduPilot,2,A.RTL2,"If the current altitude is greater or equal to RTL_ALT, current flight mode is RTL, and the current vehicle is not at home position, then the vehicle must move to the home position while maintaining the current altitude.",达到返航高度且尚未到家时，保持高度并移动到返航参考位置。,G(((Mode_t = RTL) & (ALT_t >= RTL_ALT) & (Pos_t != home_position)) -> ((Pos_t-1 != Pos_t) & (ALT_t-1 = ALT_t))),G(((Mode_t = RTL) & (ALT_t >= RTL_ALT) & (Pos_t != home_position)) -> ((Pos_t-1 != Pos_t) & (ALT_t-1 = ALT_t))),论文表格,PGFUZZ: Policy-guided Fuzzing for Robotic Vehicles,Table XII（第十二号表），PDF第18页，A.RTL2行,/home/lqq/project/TAFuzz/baseline/pgfuzz/Kim 等 - 2021 - PGFUZZ Policy-guided fuzzing for robotic vehicles.pdf,bb057be0069e9e764c8fb4bf963b09311cc914f3fb60da0b121afa94c90d7fcd,t-1 仅是上一观测索引，论文没有给出固定采样周期。；用相邻样本严格相等表示保持状态，未定义坐标系、噪声和容差。,未评估
PGFuzz论文原性质,ArduPilot,3,A.RTL3,"If current altitude is greater or equal to RTL_ALT and current position is the same as home position, then flight mode must be LAND.",达到返航高度并到达返航参考位置后进入着陆模式。,G(((Mode_t = RTL) & (ALT_t >= RTL_ALT) & (Pos_t = home_position)) -> (Mode_t = LAND)),G(((Mode_t = RTL) & (ALT_t >= RTL_ALT) & (Pos_t = home_position)) -> (Mode_t = LAND)),论文表格,PGFUZZ: Policy-guided Fuzzing for Robotic Vehicles,Table XII（第十二号表），PDF第18页，A.RTL3行,/home/lqq/project/TAFuzz/baseline/pgfuzz/Kim 等 - 2021 - PGFUZZ Policy-guided fuzzing for robotic vehicles.pdf,bb057be0069e9e764c8fb4bf963b09311cc914f3fb60da0b121afa94c90d7fcd,同一采样点的前件和后件要求互斥飞行模式。,未评估
PGFuzz论文原性质,ArduPilot,4,A.RTL4,"If current flight mode is LAND and the vehicle touches the ground, then the vehicle must disarm motors.",着陆模式触地后锁定电机。,G(((Mode_t = LAND) & (ALT_t = GroundALT)) -> (Disarm = on)),G(((Mode_t = LAND) & (ALT_t = GroundALT)) -> (Disarm = on)),论文表格,PGFUZZ: Policy-guided Fuzzing for Robotic Vehicles,Table XII（第十二号表），PDF第18页，A.RTL4行,/home/lqq/project/TAFuzz/baseline/pgfuzz/Kim 等 - 2021 - PGFUZZ Policy-guided fuzzing for robotic vehicles.pdf,bb057be0069e9e764c8fb4bf963b09311cc914f3fb60da0b121afa94c90d7fcd,自然语言写‘立即’，公式没有可追溯的时间界限。；要求物理状态精确等于常量或参数，未给容差和采样语义。,未评估
PGFuzz论文原性质,ArduPilot,5,A.FLIP1,"If and only if roll is less than 45 degree, throttle is greater or equal to 1,500, altitude is more than 10 meters, and the current flight mode is one of ACRO and ALT_HOLD, then the flight mode can be changed to FLIP.",满足横滚、油门、高度和前一模式条件时才允许进入翻滚模式。,G((Mode_t = FLIP) -> ((Mode_t-1 = ACRO/ALT_HOLD) & !(Roll_t > 45) | (Throttle_t <= 1500) | (ALT_t < 10))),G((Mode_t = FLIP) -> ((Mode_t-1 = ACRO/ALT_HOLD) & !(Roll_t > 45) | (Throttle_t <= 1500) | (ALT_t < 10))),论文表格,PGFUZZ: Policy-guided Fuzzing for Robotic Vehicles,Table XII（第十二号表），PDF第18页，A.FLIP1行,/home/lqq/project/TAFuzz/baseline/pgfuzz/Kim 等 - 2021 - PGFUZZ Policy-guided fuzzing for robotic vehicles.pdf,bb057be0069e9e764c8fb4bf963b09311cc914f3fb60da0b121afa94c90d7fcd,自然语言使用‘当且仅当’，公式只编码单向蕴含。；合取、析取和蕴含的括号不足，逻辑优先级不唯一。；t-1 仅是上一观测索引，论文没有给出固定采样周期。；自然语言给出允许进入的正向条件，论文公式却混入其反向条件；不能把两者当作同一逻辑表达。,未评估
PGFuzz论文原性质,ArduPilot,6,A.FLIP2,"If the current flight mode is FLIP and roll is between -90 and 45 degree, then rolling right at 400 degree per second.",翻滚模式特定横滚角区间内向右以每秒 400 度滚转。,G(((Mode_t = FLIP) & (-90 <= Roll_t <= 45)) -> ((Roll_rate = 400) & (Roll_direction = right))),G(((Mode_t = FLIP) & (-90 <= Roll_t <= 45)) -> ((Roll_rate = 400) & (Roll_direction = right))),论文表格,PGFUZZ: Policy-guided Fuzzing for Robotic Vehicles,Table XII（第十二号表），PDF第18页，A.FLIP2行,/home/lqq/project/TAFuzz/baseline/pgfuzz/Kim 等 - 2021 - PGFUZZ Policy-guided fuzzing for robotic vehicles.pdf,bb057be0069e9e764c8fb4bf963b09311cc914f3fb60da0b121afa94c90d7fcd,要求物理状态精确等于常量或参数，未给容差和采样语义。,未评估
PGFuzz论文原性质,ArduPilot,7,A.FLIP3,"After the vehicle finishes A.FLIP2, the vehicle must recover the original attitude (i.e., roll, pitch, and yaw) within k seconds.",完成翻滚阶段后在未知 k 时间内恢复原始姿态。,"G((Mode_t = FLIP3) -> ((Roll_t = F_[0,k] Roll_original) & (Pitch_t = F_[0,k] Pitch_original) & (Yaw_t = F_[0,k] Yaw_original)))","G((Mode_t = FLIP3) -> ((Roll_t = F_[0,k] Roll_original) & (Pitch_t = F_[0,k] Pitch_original) & (Yaw_t = F_[0,k] Yaw_original)))",论文表格,PGFUZZ: Policy-guided Fuzzing for Robotic Vehicles,Table XII（第十二号表），PDF第18页，A.FLIP3行,/home/lqq/project/TAFuzz/baseline/pgfuzz/Kim 等 - 2021 - PGFUZZ Policy-guided fuzzing for robotic vehicles.pdf,bb057be0069e9e764c8fb4bf963b09311cc914f3fb60da0b121afa94c90d7fcd,论文把等式与 eventually 运算符错误连接，不能按标准 MTL 直接解析。；FLIP1/FLIP3 是论文阶段标签，不是已证明存在的飞行模式状态。；k 来自论文仿真经验或未公开测量，不是当前官方时间要求。,未评估
PGFuzz论文原性质,ArduPilot,8,A.FLIPGeneral,The vehicle should complete the rolling (A.FLIP2) within 2.5 seconds and must return to the original flight mode.,应在 2.5 秒内完成翻滚并恢复原飞行模式。,"G((Mode_t = FLIP1) -> F_[0,2.5](Mode_t = FLIP3))","G((Mode_t = FLIP1) -> F_[0,2.5](Mode_t = FLIP3))",论文表格,PGFUZZ: Policy-guided Fuzzing for Robotic Vehicles,Table XII（第十二号表），PDF第18页，A.FLIPGeneral行,/home/lqq/project/TAFuzz/baseline/pgfuzz/Kim 等 - 2021 - PGFUZZ Policy-guided fuzzing for robotic vehicles.pdf,bb057be0069e9e764c8fb4bf963b09311cc914f3fb60da0b121afa94c90d7fcd,FLIP1/FLIP3 是论文阶段标签，不是已证明存在的飞行模式状态。；自然语言要求恢复原飞行模式，公式只检查阶段标签变化。,未评估
PGFuzz论文原性质,ArduPilot,9,A.ALT_HOLD1,"If the altitude source is the barometer, the vehicle must follow the altitude computed by this source, rather than the GPS.",高度来源为气压计时采用气压计高度而非 GPS 高度。,G((ALT_src = Baro) -> ((ALT_t = ALT_Baro) & (ALT_t != ALT_GPS))),G((ALT_src = Baro) -> ((ALT_t = ALT_Baro) & (ALT_t != ALT_GPS))),论文表格,PGFUZZ: Policy-guided Fuzzing for Robotic Vehicles,Table XII（第十二号表），PDF第18页，A.ALT_HOLD1行,/home/lqq/project/TAFuzz/baseline/pgfuzz/Kim 等 - 2021 - PGFUZZ Policy-guided fuzzing for robotic vehicles.pdf,bb057be0069e9e764c8fb4bf963b09311cc914f3fb60da0b121afa94c90d7fcd,高度来源、Baro/GPS 高度的坐标系和融合语义没有定义。；要求物理状态精确等于常量或参数，未给容差和采样语义。,未评估
PGFuzz论文原性质,ArduPilot,10,A.ALT_HOLD2,"If the throttle stick is in the middle (i.e., 1,500) the vehicle must maintain the current altitude.",定高模式中油门位于中值时保持高度。,G(((Mode_t = ALT_HOLD) & (Throttle_t = 1500)) -> (ALT_t = ALT_t-1)),G(((Mode_t = ALT_HOLD) & (Throttle_t = 1500)) -> (ALT_t = ALT_t-1)),论文表格,PGFUZZ: Policy-guided Fuzzing for Robotic Vehicles,Table XII（第十二号表），PDF第18页，A.ALT_HOLD2行,/home/lqq/project/TAFuzz/baseline/pgfuzz/Kim 等 - 2021 - PGFUZZ Policy-guided fuzzing for robotic vehicles.pdf,bb057be0069e9e764c8fb4bf963b09311cc914f3fb60da0b121afa94c90d7fcd,t-1 仅是上一观测索引，论文没有给出固定采样周期。；用相邻样本严格相等表示保持状态，未定义坐标系、噪声和容差。,未评估
PGFuzz论文原性质,ArduPilot,11,A.CIRCLE1,Pitch stick up must reduce the radius until it reaches zero.,绕圈模式中俯仰杆向上使半径持续减小到零。,G(((Mode_t = CIRCLE) & (RC_pitch < 1500) & (Circle_radius_t > 0)) -> (Circle_radius_t < Circle_radius_t-1)),G(((Mode_t = CIRCLE) & (RC_pitch < 1500) & (Circle_radius_t > 0)) -> (Circle_radius_t < Circle_radius_t-1)),论文表格,PGFUZZ: Policy-guided Fuzzing for Robotic Vehicles,Table XII（第十二号表），PDF第18页，A.CIRCLE1行,/home/lqq/project/TAFuzz/baseline/pgfuzz/Kim 等 - 2021 - PGFUZZ Policy-guided fuzzing for robotic vehicles.pdf,bb057be0069e9e764c8fb4bf963b09311cc914f3fb60da0b121afa94c90d7fcd,自然语言包含‘直到达到目标’，论文公式只要求相邻观测朝目标变化。；t-1 仅是上一观测索引，论文没有给出固定采样周期。,未评估
PGFuzz论文原性质,ArduPilot,12,A.CIRCLE2,Pitch stick down must increase the radius.,绕圈模式中俯仰杆向下使半径增加。,G(((Mode_t = CIRCLE) & (RC_pitch > 1500)) -> (Circle_radius_t > Circle_radius_t-1)),G(((Mode_t = CIRCLE) & (RC_pitch > 1500)) -> (Circle_radius_t > Circle_radius_t-1)),论文表格,PGFUZZ: Policy-guided Fuzzing for Robotic Vehicles,Table XII（第十二号表），PDF第18页，A.CIRCLE2行,/home/lqq/project/TAFuzz/baseline/pgfuzz/Kim 等 - 2021 - PGFUZZ Policy-guided fuzzing for robotic vehicles.pdf,bb057be0069e9e764c8fb4bf963b09311cc914f3fb60da0b121afa94c90d7fcd,t-1 仅是上一观测索引，论文没有给出固定采样周期。,未评估
PGFuzz论文原性质,ArduPilot,13,A.CIRCLE3,Roll stick right (think clockwise) must increase the speed while moving clockwise.,顺时针绕圈时横滚杆向右使速度增加。,G(((Mode_t = CIRCLE) & (RC_roll > 1500) & (Circle_direction_t = clockwise)) -> (Circle_speed_t > Circle_speed_t-1)),G(((Mode_t = CIRCLE) & (RC_roll > 1500) & (Circle_direction_t = clockwise)) -> (Circle_speed_t > Circle_speed_t-1)),论文表格,PGFUZZ: Policy-guided Fuzzing for Robotic Vehicles,Table XII（第十二号表），PDF第18页，A.CIRCLE3行,/home/lqq/project/TAFuzz/baseline/pgfuzz/Kim 等 - 2021 - PGFUZZ Policy-guided fuzzing for robotic vehicles.pdf,bb057be0069e9e764c8fb4bf963b09311cc914f3fb60da0b121afa94c90d7fcd,t-1 仅是上一观测索引，论文没有给出固定采样周期。；速度或方向的正负号、坐标系和实际测量量没有定义。,未评估
PGFuzz论文原性质,ArduPilot,14,A.CIRCLE4,Roll stick right (think clockwise) must decrease the speed while moving counterclockwise.,逆时针绕圈时横滚杆向右使速度减小。,G(((Mode_t = CIRCLE) & (RC_roll > 1500) & (Circle_direction_t = counterclockwise)) -> (Circle_speed_t < Circle_speed_t-1)),G(((Mode_t = CIRCLE) & (RC_roll > 1500) & (Circle_direction_t = counterclockwise)) -> (Circle_speed_t < Circle_speed_t-1)),论文表格,PGFUZZ: Policy-guided Fuzzing for Robotic Vehicles,Table XII（第十二号表），PDF第18页，A.CIRCLE4行,/home/lqq/project/TAFuzz/baseline/pgfuzz/Kim 等 - 2021 - PGFUZZ Policy-guided fuzzing for robotic vehicles.pdf,bb057be0069e9e764c8fb4bf963b09311cc914f3fb60da0b121afa94c90d7fcd,t-1 仅是上一观测索引，论文没有给出固定采样周期。；速度或方向的正负号、坐标系和实际测量量没有定义。,未评估
PGFuzz论文原性质,ArduPilot,15,A.CIRCLE5,Roll stick left (think counterclockwise) must increase the speed while moving counterclockwise.,逆时针绕圈时横滚杆向左使速度增加。,G(((Mode_t = CIRCLE) & (RC_roll < 1500) & (Circle_direction_t = counterclockwise)) -> (Circle_speed_t > Circle_speed_t-1)),G(((Mode_t = CIRCLE) & (RC_roll < 1500) & (Circle_direction_t = counterclockwise)) -> (Circle_speed_t > Circle_speed_t-1)),论文表格,PGFUZZ: Policy-guided Fuzzing for Robotic Vehicles,Table XII（第十二号表），PDF第18页，A.CIRCLE5行,/home/lqq/project/TAFuzz/baseline/pgfuzz/Kim 等 - 2021 - PGFUZZ Policy-guided fuzzing for robotic vehicles.pdf,bb057be0069e9e764c8fb4bf963b09311cc914f3fb60da0b121afa94c90d7fcd,t-1 仅是上一观测索引，论文没有给出固定采样周期。；速度或方向的正负号、坐标系和实际测量量没有定义。,未评估
PGFuzz论文原性质,ArduPilot,16,A.CIRCLE6,Roll stick left (think counterclockwise) must decrease the speed while moving clockwise.,顺时针绕圈时横滚杆向左使速度减小。,G(((Mode_t = CIRCLE) & (RC_roll < 1500) & (Circle_direction_t = clockwise)) -> (Circle_speed_t < Circle_speed_t-1)),G(((Mode_t = CIRCLE) & (RC_roll < 1500) & (Circle_direction_t = clockwise)) -> (Circle_speed_t < Circle_speed_t-1)),论文表格,PGFUZZ: Policy-guided Fuzzing for Robotic Vehicles,Table XII（第十二号表），PDF第18页，A.CIRCLE6行,/home/lqq/project/TAFuzz/baseline/pgfuzz/Kim 等 - 2021 - PGFUZZ Policy-guided fuzzing for robotic vehicles.pdf,bb057be0069e9e764c8fb4bf963b09311cc914f3fb60da0b121afa94c90d7fcd,t-1 仅是上一观测索引，论文没有给出固定采样周期。；速度或方向的正负号、坐标系和实际测量量没有定义。,未评估
PGFuzz论文原性质,ArduPilot,17,A.CIRCLE7,"The users do not have any control over the roll, pitch, and yaw but can change the altitude with the throttle stick.",绕圈模式忽略横滚、俯仰、偏航控制，但允许油门改变高度。,G((Mode_t = CIRCLE) -> ((RC_roll_t/RC_pitch_t/RC_yaw_t = RC_roll_t-1/RC_pitch_t-1/RC_yaw_t-1) & ((RC_throttle_t <= RC_throttle_t-1) | (RC_throttle_t >= RC_throttle_t-1)))),G((Mode_t = CIRCLE) -> ((RC_roll_t/RC_pitch_t/RC_yaw_t = RC_roll_t-1/RC_pitch_t-1/RC_yaw_t-1) & ((RC_throttle_t <= RC_throttle_t-1) | (RC_throttle_t >= RC_throttle_t-1)))),论文表格,PGFUZZ: Policy-guided Fuzzing for Robotic Vehicles,Table XII（第十二号表），PDF第18页，A.CIRCLE7行,/home/lqq/project/TAFuzz/baseline/pgfuzz/Kim 等 - 2021 - PGFUZZ Policy-guided fuzzing for robotic vehicles.pdf,bb057be0069e9e764c8fb4bf963b09311cc914f3fb60da0b121afa94c90d7fcd,自然语言描述输入应被忽略，公式却限制输入本身不变化。；小于等于或大于等于上一值的析取对普通数值总成立，不能约束行为。；t-1 仅是上一观测索引，论文没有给出固定采样周期。,未评估
PGFuzz论文原性质,ArduPilot,18,A.LAND1,Above 10 meters the vehicle must descend at the rate specified in the LAND_SPEED_HIGH parameter.,着陆模式高于 10 米时按 LAND_SPEED_HIGH 参数下降。,G(((Mode_t = LAND) & (ALT_t >= 10) &) -> (Speed_vertical_t = LAND_SPEED_HIGH)),G(((Mode_t = LAND) & (ALT_t >= 10) &) -> (Speed_vertical_t = LAND_SPEED_HIGH)),论文表格,PGFUZZ: Policy-guided Fuzzing for Robotic Vehicles,Table XII（第十二号表），PDF第18页，A.LAND1行,/home/lqq/project/TAFuzz/baseline/pgfuzz/Kim 等 - 2021 - PGFUZZ Policy-guided fuzzing for robotic vehicles.pdf,bb057be0069e9e764c8fb4bf963b09311cc914f3fb60da0b121afa94c90d7fcd,论文公式在蕴含前出现多余合取符号。；要求物理状态精确等于常量或参数，未给容差和采样语义。；速度或方向的正负号、坐标系和实际测量量没有定义。,未评估
PGFuzz论文原性质,ArduPilot,19,A.LAND2,Below 10 meters the vehicle must descend at the rate specified in the LAND_SPEED parameter.,着陆模式低于 10 米时按 LAND_SPEED 参数下降。,G(((Mode_t = LAND) & (ALT_t < 10) &) -> (Speed_vertical_t = LAND_SPEED)),G(((Mode_t = LAND) & (ALT_t < 10) &) -> (Speed_vertical_t = LAND_SPEED)),论文表格,PGFUZZ: Policy-guided Fuzzing for Robotic Vehicles,Table XII（第十二号表），PDF第18页，A.LAND2行,/home/lqq/project/TAFuzz/baseline/pgfuzz/Kim 等 - 2021 - PGFUZZ Policy-guided fuzzing for robotic vehicles.pdf,bb057be0069e9e764c8fb4bf963b09311cc914f3fb60da0b121afa94c90d7fcd,论文公式在蕴含前出现多余合取符号。；要求物理状态精确等于常量或参数，未给容差和采样语义。；速度或方向的正负号、坐标系和实际测量量没有定义。,未评估
PGFuzz论文原性质,ArduPilot,20,A.AUTO1,"The pilot's roll, pitch and throttle inputs must be ignored but the yaw can be overridden with the yaw stick.",自动模式忽略横滚、俯仰和油门输入，但允许偏航覆盖。,G((Mode_t = AUTO) -> ((RC_roll_t/RC_pitch_t/RC_throttle_t = RC_roll_t-1/RC_pitch_t-1/RC_throttle_t-1) & ((RC_yaw_t <= RC_yaw_t-1) | (RC_yaw_t >= RC_yaw_t-1)))),G((Mode_t = AUTO) -> ((RC_roll_t/RC_pitch_t/RC_throttle_t = RC_roll_t-1/RC_pitch_t-1/RC_throttle_t-1) & ((RC_yaw_t <= RC_yaw_t-1) | (RC_yaw_t >= RC_yaw_t-1)))),论文表格,PGFUZZ: Policy-guided Fuzzing for Robotic Vehicles,Table XII（第十二号表），PDF第18页，A.AUTO1行,/home/lqq/project/TAFuzz/baseline/pgfuzz/Kim 等 - 2021 - PGFUZZ Policy-guided fuzzing for robotic vehicles.pdf,bb057be0069e9e764c8fb4bf963b09311cc914f3fb60da0b121afa94c90d7fcd,自然语言描述输入应被忽略，公式却限制输入本身不变化。；小于等于或大于等于上一值的析取对普通数值总成立，不能约束行为。；t-1 仅是上一观测索引，论文没有给出固定采样周期。,未评估
PGFuzz论文原性质,ArduPilot,21,A.BRAKE1,"When the vehicle is in BRAKE mode, it must stop within k seconds.",制动模式中应在未知 k 时间内停止。,"G((Mode_t = BRAKE) -> F_[0,k](Pos_t = Pos_t-1))","G((Mode_t = BRAKE) -> F_[0,k](Pos_t = Pos_t-1))",论文表格,PGFUZZ: Policy-guided Fuzzing for Robotic Vehicles,Table XII（第十二号表），PDF第18页，A.BRAKE1行,/home/lqq/project/TAFuzz/baseline/pgfuzz/Kim 等 - 2021 - PGFUZZ Policy-guided fuzzing for robotic vehicles.pdf,bb057be0069e9e764c8fb4bf963b09311cc914f3fb60da0b121afa94c90d7fcd,k 来自论文仿真经验或未公开测量，不是当前官方时间要求。；t-1 仅是上一观测索引，论文没有给出固定采样周期。；用相邻样本严格相等表示保持状态，未定义坐标系、噪声和容差。,未评估
PGFuzz论文原性质,ArduPilot,22,A.DRIFT1,"If the vehicle loses GPS signals in flight while in DRIFT mode, the vehicle must either LAND or enter ALT_HOLD mode based on FS_EKF_ACTION parameter.",漂移模式中 GPS 丢失后按 FS_EKF_ACTION 进入着陆或定高模式。,"G(((GPS_fail = on) & (Mode_t = DRIFT)) -> F_[0,k](Mode_t = FS_EKF_ACTION))","G(((GPS_fail = on) & (Mode_t = DRIFT)) -> F_[0,k](Mode_t = FS_EKF_ACTION))",论文表格,PGFUZZ: Policy-guided Fuzzing for Robotic Vehicles,Table XII（第十二号表），PDF第18页，A.DRIFT1行,/home/lqq/project/TAFuzz/baseline/pgfuzz/Kim 等 - 2021 - PGFUZZ Policy-guided fuzzing for robotic vehicles.pdf,bb057be0069e9e764c8fb4bf963b09311cc914f3fb60da0b121afa94c90d7fcd,k 来自论文仿真经验或未公开测量，不是当前官方时间要求。；把参数值直接当作飞行模式后件，缺少枚举和状态转换定义。,未评估
PGFuzz论文原性质,ArduPilot,23,A.LOITER1,"The vehicle must maintain a constant location, heading, and altitude.",定点盘旋模式保持位置、航向和高度。,G((Mode_t = LOITER) -> ((Pos_t = Pos_t-1) & (Yaw_t = Yaw_t-1) & (ALT_t = ALT_t-1))),G((Mode_t = LOITER) -> ((Pos_t = Pos_t-1) & (Yaw_t = Yaw_t-1) & (ALT_t = ALT_t-1))),论文表格,PGFUZZ: Policy-guided Fuzzing for Robotic Vehicles,Table XII（第十二号表），PDF第18页，A.LOITER1行,/home/lqq/project/TAFuzz/baseline/pgfuzz/Kim 等 - 2021 - PGFUZZ Policy-guided fuzzing for robotic vehicles.pdf,bb057be0069e9e764c8fb4bf963b09311cc914f3fb60da0b121afa94c90d7fcd,t-1 仅是上一观测索引，论文没有给出固定采样周期。；用相邻样本严格相等表示保持状态，未定义坐标系、噪声和容差。,未评估
PGFuzz论文原性质,ArduPilot,24,A.GUIDED1,"If there is no more way point, the vehicle must stay at the same location, heading, and altitude.",引导模式没有剩余航点时保持位置、航向和高度。,G(((Mode_t = GUIDED) & (Waypoint = empty)) -> ((Pos_t = Pos_t-1) & (Yaw_t = Yaw_t-1) & (ALT_t = ALT_t-1))),G(((Mode_t = GUIDED) & (Waypoint = empty)) -> ((Pos_t = Pos_t-1) & (Yaw_t = Yaw_t-1) & (ALT_t = ALT_t-1))),论文表格,PGFUZZ: Policy-guided Fuzzing for Robotic Vehicles,Table XII（第十二号表），PDF第18页，A.GUIDED1行,/home/lqq/project/TAFuzz/baseline/pgfuzz/Kim 等 - 2021 - PGFUZZ Policy-guided fuzzing for robotic vehicles.pdf,bb057be0069e9e764c8fb4bf963b09311cc914f3fb60da0b121afa94c90d7fcd,Waypoint=空 的任务范围、队列和完成事件没有定义。；t-1 仅是上一观测索引，论文没有给出固定采样周期。；用相邻样本严格相等表示保持状态，未定义坐标系、噪声和容差。,未评估
PGFuzz论文原性质,ArduPilot,25,A.SPORT1,"In SPORT mode, the vehicle must climb as indicated by the PILOT_SPEED_UP parameter.",运动模式按 PILOT_SPEED_UP 参数爬升。,G((Mode_t = SPORT) -> (Speed_vertical_t = PILOT_SPEED_UP)),G((Mode_t = SPORT) -> (Speed_vertical_t = PILOT_SPEED_UP)),论文表格,PGFUZZ: Policy-guided Fuzzing for Robotic Vehicles,Table XII（第十二号表），PDF第18页，A.SPORT1行,/home/lqq/project/TAFuzz/baseline/pgfuzz/Kim 等 - 2021 - PGFUZZ Policy-guided fuzzing for robotic vehicles.pdf,bb057be0069e9e764c8fb4bf963b09311cc914f3fb60da0b121afa94c90d7fcd,要求物理状态精确等于常量或参数，未给容差和采样语义。；速度或方向的正负号、坐标系和实际测量量没有定义。,未评估
PGFuzz论文原性质,ArduPilot,26,A.RC.FS1,"If and only if the vehicle is armed in ACRO mode and the throttle input is less than the minimum (FS_THR_VALUE parameter), the vehicle must immediately disarm.",已解锁的特技模式中油门低于阈值时立即锁定。,G(((Mode_t = ACRO) & (Throttle_t < FS_THR_VALUE)) -> (Disarm = on)),G(((Mode_t = ACRO) & (Throttle_t < FS_THR_VALUE)) -> (Disarm = on)),论文表格,PGFUZZ: Policy-guided Fuzzing for Robotic Vehicles,Table XII（第十二号表），PDF第18页，A.RC.FS1行,/home/lqq/project/TAFuzz/baseline/pgfuzz/Kim 等 - 2021 - PGFUZZ Policy-guided fuzzing for robotic vehicles.pdf,bb057be0069e9e764c8fb4bf963b09311cc914f3fb60da0b121afa94c90d7fcd,自然语言使用‘当且仅当’，公式只编码单向蕴含。；自然语言写‘立即’，公式没有可追溯的时间界限。；自然语言要求飞行器已解锁，论文公式前件遗漏该条件。,未评估
PGFuzz论文原性质,ArduPilot,27,A.RC.FS2,"If the throttle input is less than FS_THR_VALUE parameter, it must change the current mode to the RC fail-safe mode.",油门低于 FS_THR_VALUE 时开启遥控故障保护。,G((Throttle_t < FS_THR_VALUE) -> (RC_fail = on)),G((Throttle_t < FS_THR_VALUE) -> (RC_fail = on)),论文表格,PGFUZZ: Policy-guided Fuzzing for Robotic Vehicles,Table XII（第十二号表），PDF第18页，A.RC.FS2行,/home/lqq/project/TAFuzz/baseline/pgfuzz/Kim 等 - 2021 - PGFUZZ Policy-guided fuzzing for robotic vehicles.pdf,bb057be0069e9e764c8fb4bf963b09311cc914f3fb60da0b121afa94c90d7fcd,,未评估
PGFuzz论文原性质,ArduPilot,28,A.CHUTE1,"Deploying a parachute requires following conditions: motors armed, mode not FLIP or ACRO, not climbing, and altitude above CHUTE_ALT_MIN.",释放降落伞要求电机已解锁、模式允许、没有爬升且高于最低开伞高度。,G((Parachute = on) -> ((Armed = true) & (Mode_t notin FLIP/ACRO) & (ALT_t <= ALT_t-1) & (ALT_t > CHUTE_ALT_MIN))),G((Parachute = on) -> ((Armed = true) & (Mode_t notin FLIP/ACRO) & (ALT_t <= ALT_t-1) & (ALT_t > CHUTE_ALT_MIN))),论文表格,PGFUZZ: Policy-guided Fuzzing for Robotic Vehicles,Table XII（第十二号表），PDF第18页，A.CHUTE1行,/home/lqq/project/TAFuzz/baseline/pgfuzz/Kim 等 - 2021 - PGFUZZ Policy-guided fuzzing for robotic vehicles.pdf,bb057be0069e9e764c8fb4bf963b09311cc914f3fb60da0b121afa94c90d7fcd,t-1 仅是上一观测索引，论文没有给出固定采样周期。,未评估
PGFuzz论文原性质,ArduPilot,29,A.GPS.FS1,"When the number of detected GPS satellites is less than four, the vehicle must trigger the GPS fail-safe mode.",检测到的 GPS 卫星少于四颗时触发 GPS 故障保护。,G((GPS_fail = on) -> (GPS_count < 4)),G((GPS_fail = on) -> (GPS_count < 4)),论文表格,PGFUZZ: Policy-guided Fuzzing for Robotic Vehicles,Table XII（第十二号表），PDF第18页，A.GPS.FS1行,/home/lqq/project/TAFuzz/baseline/pgfuzz/Kim 等 - 2021 - PGFUZZ Policy-guided fuzzing for robotic vehicles.pdf,bb057be0069e9e764c8fb4bf963b09311cc914f3fb60da0b121afa94c90d7fcd,自然语言是低卫星数触发故障保护，论文公式反向写成故障保护推出低卫星数。,未评估
PGFuzz论文原性质,ArduPilot,30,A.GPS.FS2,"When the GPS fail-safe mode is triggered and there is a secondary altitude sensor, the vehicle must change the current primary altitude source to the secondary sensor.",GPS 故障保护触发且气压计可用时改用气压计高度来源。,G(((GPS_fail = on) & (Baro = on)) -> (ALT_src = Baro)),G(((GPS_fail = on) & (Baro = on)) -> (ALT_src = Baro)),论文表格,PGFUZZ: Policy-guided Fuzzing for Robotic Vehicles,Table XII（第十二号表），PDF第18页，A.GPS.FS2行,/home/lqq/project/TAFuzz/baseline/pgfuzz/Kim 等 - 2021 - PGFUZZ Policy-guided fuzzing for robotic vehicles.pdf,bb057be0069e9e764c8fb4bf963b09311cc914f3fb60da0b121afa94c90d7fcd,Baro=on 没有说明健康、启用、被选择或仅有数据中的哪一种。；高度来源、Baro/GPS 高度的坐标系和融合语义没有定义。,未评估
PGFuzz论文原性质,PX4,31,PX.RTL1,"If the current altitude is less than RTL_RETURN_ALT, then altitude must be increased until the altitude is greater or equal to RTL_RETURN_ALT.",当前高度低于 RTL_RETURN_ALT 时持续爬升，直到达到该高度。,G(((ALT_t < RTL_RETURN_ALT) & (Mode_t = RTL)) -> (ALT_t-1 < ALT_t)),G(((ALT_t < RTL_RETURN_ALT) & (Mode_t = RTL)) -> (ALT_t-1 < ALT_t)),论文表格,PGFUZZ: Policy-guided Fuzzing for Robotic Vehicles,Table XII（第十二号表），PDF第18页，PX.RTL1行,/home/lqq/project/TAFuzz/baseline/pgfuzz/Kim 等 - 2021 - PGFUZZ Policy-guided fuzzing for robotic vehicles.pdf,bb057be0069e9e764c8fb4bf963b09311cc914f3fb60da0b121afa94c90d7fcd,自然语言包含‘直到达到目标’，论文公式只要求相邻观测朝目标变化。；t-1 仅是上一观测索引，论文没有给出固定采样周期。,未评估
PGFuzz论文原性质,PX4,32,PX.RTL2,"If the current altitude is greater or equal to RTL_RETURN_ALT, current flight mode is RTL, and the current vehicle is not home position, then the vehicle must move to the home position while maintaining the current altitude.",达到 PX4 返航高度且尚未到家时保持高度并移动到家。,G(((Mode_t = RTL) & (ALT_t >= RTL_RETURN_ALT) & (Pos_t != home_position)) -> ((Pos_t-1 != Pos_t) & (ALT_t-1 = ALT_t))),G(((Mode_t = RTL) & (ALT_t >= RTL_RETURN_ALT) & (Pos_t != home_position)) -> ((Pos_t-1 != Pos_t) & (ALT_t-1 = ALT_t))),论文表格,PGFUZZ: Policy-guided Fuzzing for Robotic Vehicles,Table XII（第十二号表），PDF第18页，PX.RTL2行,/home/lqq/project/TAFuzz/baseline/pgfuzz/Kim 等 - 2021 - PGFUZZ Policy-guided fuzzing for robotic vehicles.pdf,bb057be0069e9e764c8fb4bf963b09311cc914f3fb60da0b121afa94c90d7fcd,t-1 仅是上一观测索引，论文没有给出固定采样周期。；用相邻样本严格相等表示保持状态，未定义坐标系、噪声和容差。,未评估
PGFuzz论文原性质,PX4,33,PX.RTL3,"If current altitude is greater or equal to RTL_RETURN_ALT and current position is the same as home position, then flight mode must be LAND.",达到返航高度并到家后进入着陆模式。,G(((Mode_t = RTL) & (ALT_t >= RTL_RETURN_ALT) & (Pos_t = home_position)) -> (Mode_t = LAND)),G(((Mode_t = RTL) & (ALT_t >= RTL_RETURN_ALT) & (Pos_t = home_position)) -> (Mode_t = LAND)),论文表格,PGFUZZ: Policy-guided Fuzzing for Robotic Vehicles,Table XII（第十二号表），PDF第18页，PX.RTL3行,/home/lqq/project/TAFuzz/baseline/pgfuzz/Kim 等 - 2021 - PGFUZZ Policy-guided fuzzing for robotic vehicles.pdf,bb057be0069e9e764c8fb4bf963b09311cc914f3fb60da0b121afa94c90d7fcd,同一采样点的前件和后件要求互斥飞行模式。,未评估
PGFuzz论文原性质,PX4,34,PX.RTL4,"If RTL_LAND_DELAY parameter has -1, the vehicle must hover at RTL_DESCEND_ALT.",RTL_LAND_DELAY 为负一时在 RTL_DESCEND_ALT 高度盘旋。,G(((Mode_t = RTL) & (RTL_DESCEND_ALT = -1)) -> ((Pos_t = Pos_t-1) & (ALT_t = ALT_t-1))),G(((Mode_t = RTL) & (RTL_LAND_DELAY = -1)) -> ((Pos_t = Pos_t-1) & (ALT_t = ALT_t-1))),论文表格,PGFUZZ: Policy-guided Fuzzing for Robotic Vehicles,Table XII（第十二号表），PDF第18页，PX.RTL4行,/home/lqq/project/TAFuzz/baseline/pgfuzz/Kim 等 - 2021 - PGFUZZ Policy-guided fuzzing for robotic vehicles.pdf,bb057be0069e9e764c8fb4bf963b09311cc914f3fb60da0b121afa94c90d7fcd,自然语言与论文公式使用了不同参数。；t-1 仅是上一观测索引，论文没有给出固定采样周期。；用相邻样本严格相等表示保持状态，未定义坐标系、噪声和容差。,未评估
PGFuzz论文原性质,PX4,35,PX.RTL5,It is the same as A.RTL4.,与 A.RTL4 相同：着陆触地后锁定电机。,It is the same as A.RTL4.,G(((Mode_t = LAND) & (ALT_t = GroundALT)) -> (Disarm = on)),论文表格,PGFUZZ: Policy-guided Fuzzing for Robotic Vehicles,Table XII（第十二号表），PDF第18页，PX.RTL5行,/home/lqq/project/TAFuzz/baseline/pgfuzz/Kim 等 - 2021 - PGFUZZ Policy-guided fuzzing for robotic vehicles.pdf,bb057be0069e9e764c8fb4bf963b09311cc914f3fb60da0b121afa94c90d7fcd,论文只写‘同某条性质’，没有打印替换后的系统专用公式。；自然语言写‘立即’，公式没有可追溯的时间界限。；要求物理状态精确等于常量或参数，未给容差和采样语义。,未评估
PGFuzz论文原性质,PX4,36,PX.ORBIT1,It is the same as A.CIRCLE1.,继承 A.CIRCLE1，并把绕圈模式解释为 PX4 ORBIT。,It is the same as A.CIRCLE1.,G(((Mode_t = ORBIT) & (RC_pitch < 1500) & (Circle_radius_t > 0)) -> (Circle_radius_t < Circle_radius_t-1)),论文表格,PGFUZZ: Policy-guided Fuzzing for Robotic Vehicles,Table XII（第十二号表），PDF第18页，PX.ORBIT1行,/home/lqq/project/TAFuzz/baseline/pgfuzz/Kim 等 - 2021 - PGFUZZ Policy-guided fuzzing for robotic vehicles.pdf,bb057be0069e9e764c8fb4bf963b09311cc914f3fb60da0b121afa94c90d7fcd,论文只写‘同某条性质’，没有打印替换后的系统专用公式。；继承 ArduPilot 性质时需要替换为 PX4 模式名，但论文未打印替换规则。；自然语言包含‘直到达到目标’，论文公式只要求相邻观测朝目标变化。；t-1 仅是上一观测索引，论文没有给出固定采样周期。,未评估
PGFuzz论文原性质,PX4,37,PX.ORBIT2,It is the same as A.CIRCLE2.,继承 A.CIRCLE2，并把绕圈模式解释为 PX4 ORBIT。,It is the same as A.CIRCLE2.,G(((Mode_t = ORBIT) & (RC_pitch > 1500)) -> (Circle_radius_t > Circle_radius_t-1)),论文表格,PGFUZZ: Policy-guided Fuzzing for Robotic Vehicles,Table XII（第十二号表），PDF第18页，PX.ORBIT2行,/home/lqq/project/TAFuzz/baseline/pgfuzz/Kim 等 - 2021 - PGFUZZ Policy-guided fuzzing for robotic vehicles.pdf,bb057be0069e9e764c8fb4bf963b09311cc914f3fb60da0b121afa94c90d7fcd,论文只写‘同某条性质’，没有打印替换后的系统专用公式。；继承 ArduPilot 性质时需要替换为 PX4 模式名，但论文未打印替换规则。；t-1 仅是上一观测索引，论文没有给出固定采样周期。,未评估
PGFuzz论文原性质,PX4,38,PX.ORBIT3,It is the same as A.CIRCLE3.,继承 A.CIRCLE3，并把绕圈模式解释为 PX4 ORBIT。,It is the same as A.CIRCLE3.,G(((Mode_t = ORBIT) & (RC_roll > 1500) & (Circle_direction_t = clockwise)) -> (Circle_speed_t > Circle_speed_t-1)),论文表格,PGFUZZ: Policy-guided Fuzzing for Robotic Vehicles,Table XII（第十二号表），PDF第18页，PX.ORBIT3行,/home/lqq/project/TAFuzz/baseline/pgfuzz/Kim 等 - 2021 - PGFUZZ Policy-guided fuzzing for robotic vehicles.pdf,bb057be0069e9e764c8fb4bf963b09311cc914f3fb60da0b121afa94c90d7fcd,论文只写‘同某条性质’，没有打印替换后的系统专用公式。；继承 ArduPilot 性质时需要替换为 PX4 模式名，但论文未打印替换规则。；t-1 仅是上一观测索引，论文没有给出固定采样周期。；速度或方向的正负号、坐标系和实际测量量没有定义。,未评估
PGFuzz论文原性质,PX4,39,PX.ORBIT4,It is the same as A.CIRCLE4.,继承 A.CIRCLE4，并把绕圈模式解释为 PX4 ORBIT。,It is the same as A.CIRCLE4.,G(((Mode_t = ORBIT) & (RC_roll > 1500) & (Circle_direction_t = counterclockwise)) -> (Circle_speed_t < Circle_speed_t-1)),论文表格,PGFUZZ: Policy-guided Fuzzing for Robotic Vehicles,Table XII（第十二号表），PDF第18页，PX.ORBIT4行,/home/lqq/project/TAFuzz/baseline/pgfuzz/Kim 等 - 2021 - PGFUZZ Policy-guided fuzzing for robotic vehicles.pdf,bb057be0069e9e764c8fb4bf963b09311cc914f3fb60da0b121afa94c90d7fcd,论文只写‘同某条性质’，没有打印替换后的系统专用公式。；继承 ArduPilot 性质时需要替换为 PX4 模式名，但论文未打印替换规则。；t-1 仅是上一观测索引，论文没有给出固定采样周期。；速度或方向的正负号、坐标系和实际测量量没有定义。,未评估
PGFuzz论文原性质,PX4,40,PX.ORBIT5,The maximum radius must be 100 meters.,绕点飞行最大半径为 100 米。,G((Mode_t = ORBIT) -> (Circle_radius_t < 100)),G((Mode_t = ORBIT) -> (Circle_radius_t < 100)),论文表格,PGFUZZ: Policy-guided Fuzzing for Robotic Vehicles,Table XII（第十二号表），PDF第18页，PX.ORBIT5行,/home/lqq/project/TAFuzz/baseline/pgfuzz/Kim 等 - 2021 - PGFUZZ Policy-guided fuzzing for robotic vehicles.pdf,bb057be0069e9e764c8fb4bf963b09311cc914f3fb60da0b121afa94c90d7fcd,自然语言的最大值通常允许等于边界，公式却使用严格小于。,未评估
PGFuzz论文原性质,PX4,41,PX.ORBIT6,The maximum acceleration must be limited to 2m/s^2.,绕点飞行最大加速度限制为每平方秒 2 米。,G((Mode_t = ORBIT) -> (Circle_speed_t < 2m/s^2)),G((Mode_t = ORBIT) -> (Circle_speed_t < 2m/s^2)),论文表格,PGFUZZ: Policy-guided Fuzzing for Robotic Vehicles,Table XII（第十二号表），PDF第18页，PX.ORBIT6行,/home/lqq/project/TAFuzz/baseline/pgfuzz/Kim 等 - 2021 - PGFUZZ Policy-guided fuzzing for robotic vehicles.pdf,bb057be0069e9e764c8fb4bf963b09311cc914f3fb60da0b121afa94c90d7fcd,公式比较的变量类型与自然语言物理量或单位不一致。；自然语言的最大值通常允许等于边界，公式却使用严格小于。,未评估
PGFuzz论文原性质,PX4,42,PX.LAND1,Descending speed must be the same as MPC_LAND_SPEED parameter.,下降速度等于 MPC_LAND_SPEED 参数。,G((Mode_t = LAND) -> (Speed_vertical_t = MPC_LAND_SPEED)),G((Mode_t = LAND) -> (Speed_vertical_t = MPC_LAND_SPEED)),论文表格,PGFUZZ: Policy-guided Fuzzing for Robotic Vehicles,Table XII（第十二号表），PDF第18页，PX.LAND1行,/home/lqq/project/TAFuzz/baseline/pgfuzz/Kim 等 - 2021 - PGFUZZ Policy-guided fuzzing for robotic vehicles.pdf,bb057be0069e9e764c8fb4bf963b09311cc914f3fb60da0b121afa94c90d7fcd,要求物理状态精确等于常量或参数，未给容差和采样语义。；速度或方向的正负号、坐标系和实际测量量没有定义。,未评估
PGFuzz论文原性质,PX4,43,PX.ALTITUDE1,It is the same as A.ALT_HOLD2.,继承 A.ALT_HOLD2，并把模式解释为 PX4 ALTITUDE。,It is the same as A.ALT_HOLD2.,G(((Mode_t = ALTITUDE) & (Throttle_t = 1500)) -> (ALT_t = ALT_t-1)),论文表格,PGFUZZ: Policy-guided Fuzzing for Robotic Vehicles,Table XII（第十二号表），PDF第18页，PX.ALTITUDE1行,/home/lqq/project/TAFuzz/baseline/pgfuzz/Kim 等 - 2021 - PGFUZZ Policy-guided fuzzing for robotic vehicles.pdf,bb057be0069e9e764c8fb4bf963b09311cc914f3fb60da0b121afa94c90d7fcd,论文只写‘同某条性质’，没有打印替换后的系统专用公式。；继承 ArduPilot 性质时需要替换为 PX4 模式名，但论文未打印替换规则。；t-1 仅是上一观测索引，论文没有给出固定采样周期。；用相邻样本严格相等表示保持状态，未定义坐标系、噪声和容差。,未评估
PGFuzz论文原性质,PX4,44,PX.POSITION1,The vehicle must maintain a constant position.,位置控制模式保持位置不变。,G((Mode_t = POSITION) -> (Pos_t = Pos_t-1)),G((Mode_t = POSITION) -> (Pos_t = Pos_t-1)),论文表格,PGFUZZ: Policy-guided Fuzzing for Robotic Vehicles,Table XII（第十二号表），PDF第18页，PX.POSITION1行,/home/lqq/project/TAFuzz/baseline/pgfuzz/Kim 等 - 2021 - PGFUZZ Policy-guided fuzzing for robotic vehicles.pdf,bb057be0069e9e764c8fb4bf963b09311cc914f3fb60da0b121afa94c90d7fcd,t-1 仅是上一观测索引，论文没有给出固定采样周期。；用相邻样本严格相等表示保持状态，未定义坐标系、噪声和容差。,未评估
PGFuzz论文原性质,PX4,45,PX.HOLD1,It is the same as A.LOITER1.,继承 A.LOITER1，并把模式解释为 PX4 HOLD。,It is the same as A.LOITER1.,G((Mode_t = HOLD) -> ((Pos_t = Pos_t-1) & (Yaw_t = Yaw_t-1) & (ALT_t = ALT_t-1))),论文表格,PGFUZZ: Policy-guided Fuzzing for Robotic Vehicles,Table XII（第十二号表），PDF第18页，PX.HOLD1行,/home/lqq/project/TAFuzz/baseline/pgfuzz/Kim 等 - 2021 - PGFUZZ Policy-guided fuzzing for robotic vehicles.pdf,bb057be0069e9e764c8fb4bf963b09311cc914f3fb60da0b121afa94c90d7fcd,论文只写‘同某条性质’，没有打印替换后的系统专用公式。；继承 ArduPilot 性质时需要替换为 PX4 模式名，但论文未打印替换规则。；t-1 仅是上一观测索引，论文没有给出固定采样周期。；用相邻样本严格相等表示保持状态，未定义坐标系、噪声和容差。,未评估
PGFuzz论文原性质,PX4,46,PX.HOLD2,"If MIS_LTRMIN_ALT is not -1 and current altitude is less than the parameter value, then the vehicle must ascend to this altitude.",最小盘旋高度启用且当前高度低于它时爬升到该高度。,G(((Mode_t = HOLD) & (MIS_LTRMIN_ALT != -1)) -> (ALT_t > ALT_t-1)),G(((Mode_t = HOLD) & (MIS_LTRMIN_ALT != -1)) -> (ALT_t > ALT_t-1)),论文表格,PGFUZZ: Policy-guided Fuzzing for Robotic Vehicles,Table XII（第十二号表），PDF第18页，PX.HOLD2行,/home/lqq/project/TAFuzz/baseline/pgfuzz/Kim 等 - 2021 - PGFUZZ Policy-guided fuzzing for robotic vehicles.pdf,bb057be0069e9e764c8fb4bf963b09311cc914f3fb60da0b121afa94c90d7fcd,自然语言包含当前高度低于目标参数，公式前件遗漏该条件。；自然语言包含‘直到达到目标’，论文公式只要求相邻观测朝目标变化。；t-1 仅是上一观测索引，论文没有给出固定采样周期。,未评估
PGFuzz论文原性质,PX4,47,PX.TAKEOFF1,"When the vehicle conducts a taking off command, the target altitude must be the MIS_TAKEOFF_ALT parameter value.",执行起飞命令时目标高度应等于 MIS_TAKEOFF_ALT。,G((Command_t = takeoff) -> (ALT_t <= MIS_TAKEOFF_ALT)),G((Command_t = takeoff) -> (ALT_t <= MIS_TAKEOFF_ALT)),论文表格,PGFUZZ: Policy-guided Fuzzing for Robotic Vehicles,Table XII（第十二号表），PDF第18页，PX.TAKEOFF1行,/home/lqq/project/TAFuzz/baseline/pgfuzz/Kim 等 - 2021 - PGFUZZ Policy-guided fuzzing for robotic vehicles.pdf,bb057be0069e9e764c8fb4bf963b09311cc914f3fb60da0b121afa94c90d7fcd,自然语言要求目标等于参数，公式只要求不超过参数。,未评估
PGFuzz论文原性质,PX4,48,PX.TAKEOFF2,"When the vehicle conducts a taking off command, the speed of ascent must be the MPC_TKO_SPEED parameter value.",执行起飞命令时上升速度应等于 MPC_TKO_SPEED。,G((Command_t = takeoff) -> (Speed_vertical_t = MPC_TKO_SPEED)),G((Command_t = takeoff) -> (Speed_vertical_t = MPC_TKO_SPEED)),论文表格,PGFUZZ: Policy-guided Fuzzing for Robotic Vehicles,Table XII（第十二号表），PDF第18页，PX.TAKEOFF2行,/home/lqq/project/TAFuzz/baseline/pgfuzz/Kim 等 - 2021 - PGFUZZ Policy-guided fuzzing for robotic vehicles.pdf,bb057be0069e9e764c8fb4bf963b09311cc914f3fb60da0b121afa94c90d7fcd,要求物理状态精确等于常量或参数，未给容差和采样语义。；速度或方向的正负号、坐标系和实际测量量没有定义。,未评估
PGFuzz论文原性质,PX4,49,PX.GPS.FS1,"If time exceeds COM_POS_FS_DELAY seconds after GPS loss is detected, the GPS fail-safe must be triggered.",检测到 GPS 丢失后，在 COM_POS_FS_DELAY 加调度余量内触发故障保护。,"G((GPS_loss = on) -> F_[0,COM_POS_FS_DELAY+k](GPS_fail = on))","G((GPS_loss = on) -> F_[0,COM_POS_FS_DELAY+k](GPS_fail = on))",论文表格,PGFUZZ: Policy-guided Fuzzing for Robotic Vehicles,Table XII（第十二号表），PDF第18页，PX.GPS.FS1行,/home/lqq/project/TAFuzz/baseline/pgfuzz/Kim 等 - 2021 - PGFUZZ Policy-guided fuzzing for robotic vehicles.pdf,bb057be0069e9e764c8fb4bf963b09311cc914f3fb60da0b121afa94c90d7fcd,调度余量 k 的操作数和具体数值没有公开。,未评估
PGFuzz论文原性质,PX4,50,PX.GPS.FS2,"If the GPS fail-safe is triggered and a remote controller is available, the flight mode must be changed to ALTITUDE mode.",GPS 故障保护触发且遥控可用时进入高度模式。,G(((GPS_fail = on) & (RC_t = on)) -> (Mode_t = ALTITUDE)),G(((GPS_fail = on) & (RC_t = on)) -> (Mode_t = ALTITUDE)),论文表格,PGFUZZ: Policy-guided Fuzzing for Robotic Vehicles,Table XII（第十二号表），PDF第18页，PX.GPS.FS2行,/home/lqq/project/TAFuzz/baseline/pgfuzz/Kim 等 - 2021 - PGFUZZ Policy-guided fuzzing for robotic vehicles.pdf,bb057be0069e9e764c8fb4bf963b09311cc914f3fb60da0b121afa94c90d7fcd,,未评估
PGFuzz论文原性质,PX4,51,PX.GPS.FS3,"If the GPS fail-safe is triggered and a remote controller is not available, the flight mode must be changed to LAND mode.",GPS 故障保护触发且遥控不可用时进入着陆模式。,G(((GPS_fail = on) & (RC_t = off)) -> (Mode_t = LAND)),G(((GPS_fail = on) & (RC_t = off)) -> (Mode_t = LAND)),论文表格,PGFUZZ: Policy-guided Fuzzing for Robotic Vehicles,Table XII（第十二号表），PDF第18页，PX.GPS.FS3行,/home/lqq/project/TAFuzz/baseline/pgfuzz/Kim 等 - 2021 - PGFUZZ Policy-guided fuzzing for robotic vehicles.pdf,bb057be0069e9e764c8fb4bf963b09311cc914f3fb60da0b121afa94c90d7fcd,,未评估
PGFuzz论文原性质,Paparazzi,52,PP.Hover,The vehicle must be staying in a constant position and heading.,飞行器在悬停模式中必须保持位置和航向不变。,G((Mode_t = Hover) -> ((Pos_t = Pos_t-1) & (Yaw_t = Yaw_t-1))),G((Mode_t = Hover) -> ((Pos_t = Pos_t-1) & (Yaw_t = Yaw_t-1))),论文表格,PGFUZZ: Policy-guided Fuzzing for Robotic Vehicles,Table XII（第十二号表），PDF第18页，PP.Hover行,/home/lqq/project/TAFuzz/baseline/pgfuzz/Kim 等 - 2021 - PGFUZZ Policy-guided fuzzing for robotic vehicles.pdf,bb057be0069e9e764c8fb4bf963b09311cc914f3fb60da0b121afa94c90d7fcd,t-1是上一条有效观测，不是一秒前；严格相等未给噪声容差。,未评估
PGFuzz论文原性质,Paparazzi,53,PP.HoverZ,It is the same as A.ALT_HOLD2.,论文说它与 ArduPilot 的定高性质 A.ALT_HOLD2 相同。,It is the same as A.ALT_HOLD2.,It is the same as A.ALT_HOLD2.,论文表格,PGFUZZ: Policy-guided Fuzzing for Robotic Vehicles,Table XII（第十二号表），PDF第18页，PP.HoverZ行,/home/lqq/project/TAFuzz/baseline/pgfuzz/Kim 等 - 2021 - PGFUZZ Policy-guided fuzzing for robotic vehicles.pdf,bb057be0069e9e764c8fb4bf963b09311cc914f3fb60da0b121afa94c90d7fcd,论文没有印出展开式；在当前 Paparazzi 模式与变量身份查清前不擅自替换模式名。,未评估
PGFuzz论文原性质,Paparazzi,54,PP.HoverC,It is the same as A.LOITER1.,论文说它与 ArduPilot 的定点盘旋性质 A.LOITER1 相同。,It is the same as A.LOITER1.,It is the same as A.LOITER1.,论文表格,PGFUZZ: Policy-guided Fuzzing for Robotic Vehicles,Table XII（第十二号表），PDF第18页，PP.HoverC行,/home/lqq/project/TAFuzz/baseline/pgfuzz/Kim 等 - 2021 - PGFUZZ Policy-guided fuzzing for robotic vehicles.pdf,bb057be0069e9e764c8fb4bf963b09311cc914f3fb60da0b121afa94c90d7fcd,论文没有印出展开式；在当前 Paparazzi 模式与变量身份查清前不擅自替换模式名。,未评估
PGFuzz论文原性质,Paparazzi,55,PP.TAKEOFF1,"When the vehicle conducts a taking off command, the target altitude must be 5 more meters than home altitude.",收到起飞命令时，目标高度必须是 Home 高度加 5 米。,G((Command_t = takeoff) -> (ALT_t <= HOME_ALT + 5)),G((Command_t = takeoff) -> (ALT_t <= HOME_ALT + 5)),论文表格,PGFUZZ: Policy-guided Fuzzing for Robotic Vehicles,Table XII（第十二号表），PDF第18页，PP.TAKEOFF1行,/home/lqq/project/TAFuzz/baseline/pgfuzz/Kim 等 - 2021 - PGFUZZ Policy-guided fuzzing for robotic vehicles.pdf,bb057be0069e9e764c8fb4bf963b09311cc914f3fb60da0b121afa94c90d7fcd,自然语言要求目标高度等于 Home 高度加5米，印刷公式却只给上界。,未评估
PGFuzz论文原性质,Paparazzi,56,PP.HOME1,The vehicle must descend while it moves to home position.,HOME 模式且尚未着陆时，飞行器应一边下降一边飞向 Home。,G(((Mode_t = HOME) & (Land_t != true)) -> ((ALT_t != ALT_t-1) & (Pos_t != Pos_t-1))),G(((Mode_t = HOME) & (Land_t != true)) -> ((ALT_t != ALT_t-1) & (Pos_t != Pos_t-1))),论文表格,PGFUZZ: Policy-guided Fuzzing for Robotic Vehicles,Table XII（第十二号表），PDF第18页，PP.HOME1行,/home/lqq/project/TAFuzz/baseline/pgfuzz/Kim 等 - 2021 - PGFUZZ Policy-guided fuzzing for robotic vehicles.pdf,bb057be0069e9e764c8fb4bf963b09311cc914f3fb60da0b121afa94c90d7fcd,原式只要求高度和位置发生变化，没有表达下降方向或接近Home；当前坐标与距离定义查清前不补造方向谓词。,未评估
当前新提取性质,ArduPilot,57,ARD-NEW-VIBE-001,"The vibration failsafe will trigger if all of the following are true for at least one second: EKF vertical velocity innovations are positive, EKF vertical position innovations are positive, and EKF velocity variance is 1 or higher.",启用振动保护、已解锁且不是人工油门模式时，三项估计器异常条件连续至少一秒，应进入高振动补偿状态。,"G((bad_vibe_start ∧ vibe_applicable ∧ G_[0,1s] bad_vibe_conditions) → (G_[0,1s) ¬high_vibes ∧ F_[1s,∞) high_vibes))","G((bad_vibe_start ∧ vibe_applicable ∧ G_[0,1s] bad_vibe_conditions) → (G_[0,1s) ¬high_vibes ∧ F_[1s,∞) high_vibes))",官方行为说明,Vibration Failsafe — When the failsafe will trigger,copter/source/docs/vibration-failsafe.rst:17-23,https://github.com/ArduPilot/ardupilot_wiki/blob/826ef054a04e23b1ceeb3fb01a4df1d270efebcd/copter/source/docs/vibration-failsafe.rst#L17-L23,826ef054a04e23b1ceeb3fb01a4df1d270efebcd,官方固定时间 1 秒；起点为三项异常条件首次同时为真；条件恢复会取消；终点为 `high_vibes`；使用飞控单调启动毫秒时钟；文档没有给采样误差，边界受误差影响时判为无法确认。 `FS_VIBE_ENABLE`：默认 1，冻结 SITL 值 1；可修改开关，不是时间参数。,未评估
当前新提取性质,ArduPilot,58,ARD-NEW-VIBE-002,Vibration failsafe will deactivate 15 seconds after the EKF returns to normal.,高振动补偿已经开启后，估计器恢复正常并连续保持十五秒，应关闭高振动补偿。,"G((normal_vibe_start ∧ high_vibes ∧ G_[0,15s] normal_vibe) → (G_[0,15s) high_vibes ∧ F_[15s,∞) ¬high_vibes))","G((normal_vibe_start ∧ high_vibes ∧ G_[0,15s] normal_vibe) → (G_[0,15s) high_vibes ∧ F_[15s,∞) ¬high_vibes))",官方行为说明,Vibration Failsafe — Recovery from the failsafe,copter/source/docs/vibration-failsafe.rst:34-39,https://github.com/ArduPilot/ardupilot_wiki/blob/826ef054a04e23b1ceeb3fb01a4df1d270efebcd/copter/source/docs/vibration-failsafe.rst#L34-L39,826ef054a04e23b1ceeb3fb01a4df1d270efebcd,官方固定时间 15 秒；起点为异常条件恢复正常；再次异常会重置恢复计时；终点为 `high_vibes=false`；飞控单调启动毫秒时钟。 `FS_VIBE_ENABLE` 默认与 SITL 均为 1；可修改。,未评估
当前新提取性质,ArduPilot,59,ARD-NEW-TERRAIN-003,"If the vehicle is executing a mission command that requires terrain data but it is unable to retrieve terrain data for two seconds, the vehicle will switch to RTL mode (if it is flying) or disarm (if it is landed).",正在执行需要地形数据的任务时，如果连续两秒取不到地形数据，飞行中应转入返航，已着陆则应锁定。,"G((terrain_missing_start ∧ mission_requires_terrain ∧ G_[0,2s] terrain_missing) → (G_[0,2s) ¬terrain_action ∧ F_[2s,∞) terrain_action))","G((terrain_missing_start ∧ mission_requires_terrain ∧ G_[0,2s] terrain_missing) → (G_[0,2s) ¬terrain_action ∧ F_[2s,∞) terrain_action))",官方行为说明,Terrain Following — Failsafe in case of no Terrain data,copter/source/docs/terrain-following.rst:74-78,https://github.com/ArduPilot/ardupilot_wiki/blob/826ef054a04e23b1ceeb3fb01a4df1d270efebcd/copter/source/docs/terrain-following.rst#L74-L78,826ef054a04e23b1ceeb3fb01a4df1d270efebcd,官方固定时间 2 秒；`terrain_action=((flying ∧ Mode=RTL) ∨ (landed ∧ disarmed))`。起点为需要地形数据时首次取数失败；恢复数据会取消；飞控单调启动时钟。冻结源码常量是 5 秒，与文档 2 秒冲突；冲突是测试目标，不修改规范。 无时间参数；当前源码 `FS_TERRAIN_TIMEOUT_MS=5000` 是实现常量，不是从官方要求推导的新时间。,未评估
当前新提取性质,ArduPilot,60,ARD-NEW-RUDDER-004,"Check that your flight mode switch is set to Stabilize, ACRO, AltHold, Loiter, or PosHold. Hold throttle at minimum and rudder to the left for 2 seconds. The LED will start flashing indicating the vehicle is disarmed.",在允许舵量锁定的模式与配置下，油门最小并把方向舵保持在左侧两秒，应锁定电机。,"G((rudder_disarm_start ∧ rudder_disarm_enabled ∧ allowed_mode ∧ G_[0,2s](throttle_min ∧ rudder_left)) → (G_[0,2s) ¬disarmed ∧ F_[2s,∞) disarmed))","G((rudder_disarm_start ∧ rudder_disarm_enabled ∧ allowed_mode ∧ G_[0,2s](throttle_min ∧ rudder_left)) → (G_[0,2s) ¬disarmed ∧ F_[2s,∞) disarmed))",官方行为说明,Arming the Motors — Disarming the motors,copter/source/docs/arming_the_motors.rst:52-60,https://github.com/ArduPilot/ardupilot_wiki/blob/826ef054a04e23b1ceeb3fb01a4df1d270efebcd/copter/source/docs/arming_the_motors.rst#L52-L60,826ef054a04e23b1ceeb3fb01a4df1d270efebcd,官方固定时间 2 秒；起点为允许模式中油门最小且左舵达到有效阈值；中立或离开阈值重置；飞控单调启动时钟。当前共享 RC 代码使用 3000 ms，与文档冲突。 `ARMING_RUDDER` 控制是否允许舵量锁定；不是固定时间来源。冻结源码内实现计时 3000 ms 仅记录冲突。,未评估
当前新提取性质,ArduPilot,61,ARD-NEW-CHUTE-005,The following must all be true for a full 1 second for automatic release to trigger: motors armed; not FLIP or ACRO; barometer shows the vehicle is not climbing; and above CHUTE_ALT_MIN when loss of control is first detected.,自动开伞适用且四组条件连续满一秒时，应触发降落伞释放；手动释放不属于这条性质。,"G((auto_control_loss_start ∧ G_[0,1s] auto_chute_conditions) → (G_[0,1s) ¬parachute_released ∧ F_[1s,∞) parachute_released))","G((auto_control_loss_start ∧ G_[0,1s] auto_chute_conditions) → (G_[0,1s) ¬parachute_released ∧ F_[1s,∞) parachute_released))",官方行为说明,Parachute — When will the parachute deploy?,common/source/docs/common-parachute.rst:126-137,https://github.com/ArduPilot/ardupilot_wiki/blob/826ef054a04e23b1ceeb3fb01a4df1d270efebcd/common/source/docs/common-parachute.rst#L126-L137,826ef054a04e23b1ceeb3fb01a4df1d270efebcd,官方固定时间 1 秒；`auto_chute_conditions=(armed ∧ allowed_chute_mode ∧ not_climbing ∧ above_CHUTE_ALT_MIN)`。起点为首次检测到自动失控且高度门槛成立；条件恢复/模式不适用会取消；内部主循环计数对应飞控单调时间。 `CHUTE_ALT_MIN` 默认 10 m；当前 Copter SITL 参数下载没有该参数，说明当前构建未纳入或未公开该功能，不能编造运行值。参数本身可配置。,未评估
当前新提取性质,ArduPilot,62,ARD-NEW-CRASH-006,When all the following are true for 2 full seconds: the vehicle is armed; not landed; current flight mode is not ACRO or FLIP; acceleration is not more than 3m/s/s; and actual lean angle has diverged from desired lean angle by more than 30 degrees. The motors will disarm.,坠毁检查已启用且附加内部门控适用时，官方列出的异常条件连续满两秒，应锁定电机。,"G((crash_condition_start ∧ crash_check_enabled ∧ G_[0,2s] crash_conditions) → (G_[0,2s) ¬disarmed ∧ F_[2s,∞) disarmed))","G((crash_condition_start ∧ crash_check_enabled ∧ G_[0,2s] crash_conditions) → (G_[0,2s) ¬disarmed ∧ F_[2s,∞) disarmed))",官方行为说明,Crash Check — When will the crash check disarm the motors?,copter/source/docs/crash_check.rst:11-28,https://github.com/ArduPilot/ardupilot_wiki/blob/826ef054a04e23b1ceeb3fb01a4df1d270efebcd/copter/source/docs/crash_check.rst#L11-L28,826ef054a04e23b1ceeb3fb01a4df1d270efebcd,官方固定时间 2 秒；任一条件恢复即重置；飞控单调主循环时间。官方注释明确“附加内部门控可能适用”，所以其适用性必须作为前置条件。 `FS_CRASH_CHECK` 默认 1，冻结 SITL 值 1，可修改开关；2 秒来自官方文本，不是参数。,未评估
当前新提取性质,ArduPilot,63,ARD-NEW-EKF-007,"The EKF failsafe will trigger when any two of the EKF variances for compass, position or velocity are higher than the FS_EKF_THRESH parameter value for 1 second.",估计器保护启用且已具备有效原点后，罗盘、位置、速度三类方差中任意两类连续一秒超过运行时阈值，应触发 EKF 故障保护。,"G((two_variances_bad_start ∧ ekf_fs_enabled ∧ G_[0,1s] two_variances_bad) → (G_[0,1s) ¬ekf_failsafe ∧ F_[1s,∞) ekf_failsafe))","G((two_variances_bad_start ∧ ekf_fs_enabled ∧ G_[0,1s] two_variances_bad) → (G_[0,1s) ¬ekf_failsafe ∧ F_[1s,∞) ekf_failsafe))",官方行为说明,EKF Failsafe — When will it trigger?,copter/source/docs/ekf-inav-failsafe.rst:9-13,https://github.com/ArduPilot/ardupilot_wiki/blob/826ef054a04e23b1ceeb3fb01a4df1d270efebcd/copter/source/docs/ekf-inav-failsafe.rst#L9-L13,826ef054a04e23b1ceeb3fb01a4df1d270efebcd,官方固定时间 1 秒；起点为任意两类方差首次同时超过阈值；恢复会衰减/重置；飞控 10 Hz 检查任务的单调时钟。 `FS_EKF_THRESH` 默认 0.8，冻结 SITL 读取为约 0.8；可修改阈值，不改变 1 秒官方时间。,未评估
当前新提取性质,ArduPilot,64,ARD-NEW-GCS-008,"If no heartbeat is received FS_GCS_TIMEOUT seconds (Default is 5 seconds), the GCS failsafe event will trigger based on your parameter settings. If no GCS is ever connected, the failsafe remains inactive.",本次运行曾收到指定地面站心跳、保护启用且之后持续收不到心跳时，到运行参数 FS_GCS_TIMEOUT 之前不得触发；到期后应最终触发。,"G((gcs_gap_start ∧ seen_gcs_before ∧ gcs_fs_enabled) → (G_[0,T_gcs) ¬gcs_failsafe ∧ F_[T_gcs,∞) gcs_failsafe))","G((gcs_gap_start ∧ seen_gcs_before ∧ gcs_fs_enabled) → (G_[0,T_gcs) ¬gcs_failsafe ∧ F_[T_gcs,∞) gcs_failsafe))",官方行为说明+参数元数据,GCS Failsafe,copter/source/docs/gcs-failsafe.rst:6-8,https://github.com/ArduPilot/ardupilot_wiki/blob/826ef054a04e23b1ceeb3fb01a4df1d270efebcd/copter/source/docs/gcs-failsafe.rst#L6-L8,826ef054a04e23b1ceeb3fb01a4df1d270efebcd,可修改参数时间 `T_gcs=runtime(FS_GCS_TIMEOUT)`；默认 5 s，冻结 SITL 5 s；飞控收到指定 GCS 心跳的单调启动时间，不是地面端到达时间；下界闭合、提前区间右端开。 `FS_GCS_TIMEOUT` 默认 5 s、范围 2..120 s、冻结 SITL 5 s；可修改，写入后何时重读未实测。,未评估
当前新提取性质,ArduPilot,65,ARD-NEW-RC-009,If enabled and set-up correctly the radio failsafe will trigger if loss conditions occur for more than RC_FS_TIMEOUT seconds (default = 1 sec).,电台保护启用且此前有过遥控输入或飞行器已解锁时，遥控更新持续缺失超过运行时 RC_FS_TIMEOUT 后，应触发遥控故障保护。,"G((rc_gap_start ∧ rc_fs_enabled ∧ rc_seen_or_armed) → (G_[0,T_rc] ¬radio_failsafe ∧ F_(T_rc,∞) radio_failsafe))","G((rc_gap_start ∧ rc_fs_enabled ∧ rc_seen_or_armed) → (G_[0,T_rc] ¬radio_failsafe ∧ F_(T_rc,∞) radio_failsafe))",官方行为说明+参数元数据,Radio Failsafe — When the failsafe will trigger,copter/source/docs/radio-failsafe.rst:20-32,https://github.com/ArduPilot/ardupilot_wiki/blob/826ef054a04e23b1ceeb3fb01a4df1d270efebcd/copter/source/docs/radio-failsafe.rst#L20-L32,826ef054a04e23b1ceeb3fb01a4df1d270efebcd,可修改参数时间，且官方写“more than”，所以 `T_rc` 处仍禁止，最终区间左端开；飞控最后有效 RC 更新的单调启动毫秒时钟。默认与冻结 SITL 均 1 s。 `RC_FS_TIMEOUT` 默认 1.0 s、范围 0.1..10 s、冻结 SITL 1.0 s；可修改。,未评估
当前新提取性质,ArduPilot,66,ARD-NEW-BATT-010,BATT_LOW_TIMER can configure how long the voltage must be below the threshold for the failsafe to trigger. The metadata says continuously for more than LOW_TIMER.,选定电池实例的有效电压源持续低于非零阈值，严格超过运行时 LOW_TIMER 后，应产生该实例的低电压故障保护事件。,"G((low_voltage_start ∧ voltage_threshold_enabled) → (G_[0,T_batt] ¬battery_failsafe ∧ F_(T_batt,∞) battery_failsafe))","G((low_voltage_start ∧ voltage_threshold_enabled) → (G_[0,T_batt] ¬battery_failsafe ∧ F_(T_batt,∞) battery_failsafe))",官方行为说明+参数元数据,Battery Failsafe — Advanced Settings,copter/source/docs/failsafe-battery.rst:91-96,https://github.com/ArduPilot/ardupilot_wiki/blob/826ef054a04e23b1ceeb3fb01a4df1d270efebcd/copter/source/docs/failsafe-battery.rst#L91-L96,826ef054a04e23b1ceeb3fb01a4df1d270efebcd,可修改参数时间；源码参数元数据明确“more than”，下界为开；每个电池实例分别关联；飞控后端毫秒时钟。默认与冻结 SITL `BATT_LOW_TIMER=10 s`。 `BATTx_LOW_TIMER` 默认 10 s、范围 0..120 s、冻结 Copter 的 `BATT_LOW_TIMER=10 s`；0 禁用；可修改。,未评估
当前新提取性质,ArduPilot,67,ARD-NEW-RTL-011,RTL_LOIT_TIME is the time in milliseconds to hover/pause above the Home position before beginning final descent.,返航到 Home 上方并进入等待阶段后，运行参数 RTL_LOIT_TIME 到期前不得开始最终下降；到期后应最终开始下降。,"G(enter_loiter_at_home → (G_[0,T_rtl) ¬begin_final_descent ∧ F_[T_rtl,∞) begin_final_descent))","G(enter_loiter_at_home → (G_[0,T_rtl) ¬begin_final_descent ∧ F_[T_rtl,∞) begin_final_descent))",官方行为说明+参数元数据,RTL Mode — RTL_LOIT_TIME,copter/source/docs/rtl-mode.rst:65-69,https://github.com/ArduPilot/ardupilot_wiki/blob/826ef054a04e23b1ceeb3fb01a4df1d270efebcd/copter/source/docs/rtl-mode.rst#L65-L69,826ef054a04e23b1ceeb3fb01a4df1d270efebcd,可修改参数时间，单位毫秒；默认 5000 ms，冻结 SITL 5000 ms；起点是内部 LOITER_AT_HOME 进入时间，飞控单调启动毫秒时钟；提前禁止区间右开。 `RTL_LOIT_TIME` 默认 5000 ms、范围 0..60000 ms、冻结 SITL 5000 ms；可修改。,未评估
当前新提取性质,ArduPilot,68,ARD-NEW-GUID-012,"If no attitude, velocity and/or acceleration commands are received for GUID_TIMEOUT seconds, the vehicle will slow to a stop or hold a level hover. The default setting is 3 seconds.",外部控制模式中相应指令持续缺失到运行时 GUID_TIMEOUT 后，速度/加速度控制应开始减速，姿态控制应开始回到水平悬停。,"G((guided_command_gap_start ∧ guided_timeout_applicable) → (G_[0,T_guid) ¬timeout_response_start ∧ F_[T_guid,∞) timeout_response_start))","G((guided_command_gap_start ∧ guided_timeout_applicable) → (G_[0,T_guid) ¬timeout_response_start ∧ F_[T_guid,∞) timeout_response_start))",官方行为说明+参数元数据,Guided Mode — GUID_TIMEOUT,copter/source/docs/ac2_guidedmode.rst:115-115,https://github.com/ArduPilot/ardupilot_wiki/blob/826ef054a04e23b1ceeb3fb01a4df1d270efebcd/copter/source/docs/ac2_guidedmode.rst#L115-L115,826ef054a04e23b1ceeb3fb01a4df1d270efebcd,可修改参数时间；默认与冻结 SITL 均 3 s；起点是飞控接受最后一条适用指令，不是伴随计算机发送或地面端到达时刻；飞控单调启动时钟。 `GUID_TIMEOUT` 默认 3.0 s、范围 0.1..5 s、冻结 SITL 3.0 s；可修改。,未评估
当前新提取性质,ArduPilot,69,ARD-NEW-LOITER-013,"When the sticks are released, the vehicle will slow to a stop and hold position.",定点模式下飞手释放控制杆后，飞行器应减速到停止并保持位置；飞手仍在输入时不适用。,"G((Mode=LOITER ∧ sticks_released) → F_[0,∞)(stopped ∧ position_held))","G((Mode=LOITER ∧ sticks_released) → F_[0,∞)(stopped ∧ position_held))",官方行为说明,Loiter Mode — overview and controls,copter/source/docs/loiter-mode.rst:7-24,https://github.com/ArduPilot/ardupilot_wiki/blob/826ef054a04e23b1ceeb3fb01a4df1d270efebcd/copter/source/docs/loiter-mode.rst#L7-L24,826ef054a04e23b1ceeb3fb01a4df1d270efebcd,无界性质；官方没有承诺有限停止时间，不能人工添加秒数。轨迹顺序使用同一运行与同一坐标系。 速度、加速度与定点控制参数会影响响应，但本要求没有固定时间参数。,未评估
当前新提取性质,ArduPilot,70,ARD-NEW-GUIDWAIT-014,"Once the location is reached, the copter will hover at that location, waiting for the next target.",外部控制目标位置已经到达后，在收到新目标或切换模式以前，飞行器应在该位置悬停等待。,G((Mode=GUIDED ∧ target_reached) → (hover_at_target U (new_target ∨ mode_change))),G((Mode=GUIDED ∧ target_reached) → (hover_at_target U (new_target ∨ mode_change))),官方行为说明,Guided Mode — overview,copter/source/docs/ac2_guidedmode.rst:21-25,https://github.com/ArduPilot/ardupilot_wiki/blob/826ef054a04e23b1ceeb3fb01a4df1d270efebcd/copter/source/docs/ac2_guidedmode.rst#L21-L25,826ef054a04e23b1ceeb3fb01a4df1d270efebcd,无界性质；持续到新目标或模式变化，没有有限秒数。`U` 是 until，中文为“保持前件直到后件发生”。 位置速度参数影响控制，但不是本性质时间来源。,未评估
当前新提取性质,ArduPilot,71,ARD-NEW-AUTO-015,"During the mission the pilot’s roll, pitch and throttle inputs are ignored but the yaw can be overridden with the yaw stick. AUTO_OPTIONS can be set to always ignore pilot yaw input.",自动任务期间，横滚、俯仰和油门输入应被忽略；只有未配置忽略偏航时，偏航杆才允许覆盖。,G((Mode=AUTO ∧ mission_running) → (roll_pitch_throttle_ignored ∧ (¬ignore_pilot_yaw → yaw_override_allowed))),G((Mode=AUTO ∧ mission_running) → (roll_pitch_throttle_ignored ∧ (¬ignore_pilot_yaw → yaw_override_allowed))),官方行为说明,Auto Mode — pilot input,copter/source/docs/auto-mode.rst:62-67,https://github.com/ArduPilot/ardupilot_wiki/blob/826ef054a04e23b1ceeb3fb01a4df1d270efebcd/copter/source/docs/auto-mode.rst#L62-L67,826ef054a04e23b1ceeb3fb01a4df1d270efebcd,无界状态性质；不是要求遥控输入本身保持不变，而是要求控制输出不受这些输入影响。 `AUTO_OPTIONS` 决定是否始终忽略偏航；运行值必须在测试开始时读取，默认不等于实际配置。,未评估
当前新提取,PX4,1,PX4-MC-RCLOSS-001,"## Manual Control Loss Failsafe The manual control loss failsafe may be triggered if the connection to the [RC transmitter](../getting_started/rc_transmitter_receiver.md) or [joystick](../config/joystick.md) is lost, and there is no fallback. If using an [RC transmitter](../getting_started/rc_transmitter_receiver.md) this is triggered if the RC [transmitter link is lost](../getting_started/rc_transmitter_receiver.md#set-signal-loss-behaviour). If using [joysticks](../config/joystick.md) connected over a MAVLink data link, this is triggered if the joysticks are disconnected or the data link is lost. ::: info PX4 and the receiver may also need to be configured in order to _detect RC loss_: [Radio Setup > RC Loss Detection](../config/radio.md#rc-loss-detection). ::: ![Safety - RC Loss (QGC)](../../assets/qgc/setup/safety/safety_rc_loss.png) The QGCroundControl Safety UI allows you to set the [failsafe action](#failsafe-actions) and [RC Loss timeout](#COM_RC_LOSS_T). Users that want to disable the RC loss failsafe in specific automatic modes (mission, hold, offboard) can do so using the parameter [COM_RCL_EXCEPT](#COM_RCL_EXCEPT). Additional (and underlying) parameter settings are shown below. | Parameter                                                                                             | Setting                     | Description                                                                                                                                                                                                                                                                                                                                                                                              | | ----------------------------------------------------------------------------------------------------- | --------------------------- | -------------------------------------------------------------------------------------------------------------------------------------------------------------------------------------------------------------------------------------------------------------------------------------------------------------------------------------------------------------------------------------------------------- | | <a id=""COM_RC_LOSS_T""></a>[COM_RC_LOSS_T](../advanced_config/parameter_reference.md#COM_RC_LOSS_T)    | Manual Control Loss Timeout | Time after last setpoint received from the selected manual control source after which manual control is considered lost. This must be kept short because the vehicle will continue to fly using the old manual control setpoint until the timeout triggers.                                                                                                                                              | | <a id=""COM_FAIL_ACT_T""></a>[COM_FAIL_ACT_T](../advanced_config/parameter_reference.md#COM_FAIL_ACT_T) | Failsafe Reaction Delay     | Delay in seconds between failsafe condition being triggered (`COM_RC_LOSS_T`) and failsafe action (RTL, Land, Hold). In this state the vehicle waits in hold mode for the manual control source to reconnect. This might be set longer for long-range flights so that intermittent connection loss doesn't immediately invoke the failsafe. It can be to zero so that the failsafe triggers immediately. | | <a id=""NAV_RCL_ACT""></a>[NAV_RCL_ACT](../advanced_config/parameter_reference.md#NAV_RCL_ACT)          | Failsafe Action             | Disabled, Loiter, Return, Land, Disarm, Terminate.                                                                                                                                                                                                                                                                                                                                                       | | <a id=""COM_RCL_EXCEPT""></a>[COM_RCL_EXCEPT](../advanced_config/parameter_reference.md#COM_RCL_EXCEPT) | RC Loss Exceptions          | Set the modes in which manual control loss is ignored: Mission, Hold, Offboard.                                                                                                                                                                                                                                                                                                                          |",PX4 selected manual source 丢失,无论文原式；由当前官方原文编译,"G((manual_gap_start & rc_loss_applicable) -> (G_[0,T_rc_loss) !manual_control_lost & F_[T_rc_loss,infty) manual_control_lost))",OFFICIAL_BEHAVIOR,PX4 Safety: Manual Control Loss,Manual Control Loss Failsafe; lines 112-134,https://github.com/PX4/PX4-Autopilot/blob/d6f12ad1c4f70ad3230afd7d86e971421e02fef4/docs/en/config/safety.md#L112-L134,d6f12ad1c4f70ad3230afd7d86e971421e02fef4,时间参数 COM_RC_LOSS_T：默认 0.5s，冻结 SITL 0.5s；可修改。,未评估
当前新提取,PX4,2,PX4-MC-GCSLOSS-002,"## Data Link Loss Failsafe The Data Link Loss failsafe is triggered if a telemetry link (connection to ground station) is lost. ![Safety - Data Link Loss (QGC)](../../assets/qgc/setup/safety/safety_data_link_loss.png) The settings and underlying parameters are shown below. | Setting                | Parameter                                                                | Description                                                                       | | ---------------------- | ------------------------------------------------------------------------ | --------------------------------------------------------------------------------- | | Data Link Loss Timeout | [COM_DL_LOSS_T](../advanced_config/parameter_reference.md#COM_DL_LOSS_T) | Amount of time after losing the data connection before the failsafe will trigger. | | Failsafe Action        | [NAV_DLL_ACT](../advanced_config/parameter_reference.md#NAV_DLL_ACT)     | Disabled, Hold mode, Return mode, Land mode, Disarm, Terminate.                   | The following settings also apply, but are not displayed in the QGC UI. | Setting                                                     | Parameter                                                                  | Description                                          | | ----------------------------------------------------------- | -------------------------------------------------------------------------- | ---------------------------------------------------- | | <a id=""COM_DLL_EXCEPT""></a>Mode exceptions for DLL failsafe | [COM_DLL_EXCEPT](../advanced_config/parameter_reference.md#COM_DLL_EXCEPT) | Set modes where DL loss will not trigger a failsafe. |",PX4 GCS data-link loss,无论文原式；由当前官方原文编译,"G((data_link_loss_gap_start & dl_loss_applicable) -> (G_[0,T_dl_loss) !gcs_connection_lost & F_[T_dl_loss,infty) gcs_connection_lost))",OFFICIAL_BEHAVIOR,PX4 Safety: Data Link Loss,Data Link Loss Failsafe; lines 136-153,https://github.com/PX4/PX4-Autopilot/blob/d6f12ad1c4f70ad3230afd7d86e971421e02fef4/docs/en/config/safety.md#L136-L153,d6f12ad1c4f70ad3230afd7d86e971421e02fef4,时间参数 COM_DL_LOSS_T：默认 10s，冻结 SITL 10s；可修改。,未评估
当前新提取,PX4,3,PX4-MC-OFFBOARD-003,"The vehicle obeys position, velocity, acceleration, attitude, attitude rates or thrust/torque setpoints provided by some source that is external to the flight stack, such as a companion computer. The setpoints may be provided using MAVLink (or a MAVLink API such as [MAVSDK](https://mavsdk.mavlink.io/)) or by [ROS 2](../ros2/index.md). PX4 requires that the external controller provides a continuous 2Hz ""proof of life"" signal, by streaming any of the supported MAVLink setpoint messages or the ROS 2 [OffboardControlMode](../msg_docs/OffboardControlMode.md) message. PX4 enables offboard control only after receiving the signal for more than a second, and will regain control if the signal stops. ::: info - This mode requires position or pose/attitude information - e.g. GPS, optical flow, visual-inertial odometry, mocap, etc. - RC control is disabled except to change modes (you can also fly without any manual controller at all by setting the parameter [COM_RC_IN_MODE](../advanced_config/parameter_reference.md#COM_RC_IN_MODE) to 4: Stick input disabled). - The vehicle must be already be receiving a stream of MAVLink setpoint messages or ROS 2 [OffboardControlMode](../msg_docs/OffboardControlMode.md) messages before arming in offboard mode or switching to offboard mode when flying. - The vehicle will exit offboard mode if MAVLink setpoint messages or `OffboardControlMode` are not received at a rate of > 2Hz. - Not all coordinate frames and field values allowed by MAVLink are supported for all setpoint messages and vehicles. Read the sections below _carefully_ to ensure only supported values are used.",PX4 Offboard proof-of-life 时序,无论文原式；由当前官方原文编译,"G((offboard_liveness_gap_start ∧ Mode=OFFBOARD) → (G_[0,T_offboard) ¬offboard_loss_action ∧ F_[T_offboard,∞) offboard_loss_action))",OFFICIAL_BEHAVIOR,PX4 Offboard Mode,Offboard Mode; lines 5-18,https://github.com/PX4/PX4-Autopilot/blob/d6f12ad1c4f70ad3230afd7d86e971421e02fef4/docs/en/flight_modes/offboard.md#L5-L18,d6f12ad1c4f70ad3230afd7d86e971421e02fef4,时间参数 COM_OF_LOSS_T：默认 1.0s，冻结 SITL 1.0s；可修改。,未评估
当前新提取,PX4,4,PX4-MC-AUTODISARM-004,"## Auto-Disarming By default vehicles will automatically disarm on landing, or if you take too long to take off after arming. The feature is configured using the following timeouts. | Parameter                                                                                                   | Description                                                                     | | ----------------------------------------------------------------------------------------------------------- | ------------------------------------------------------------------------------- | | <a id=""COM_DISARM_LAND""></a>[COM_DISARM_LAND](../advanced_config/parameter_reference.md#COM_DISARM_LAND)    | Time-out for auto disarm after landing. Default: 2s (-1 to disable).            | | <a id=""COM_DISARM_PRFLT""></a>[COM_DISARM_PRFLT](../advanced_config/parameter_reference.md#COM_DISARM_PRFLT) | Time-out for auto disarm if too slow to takeoff. Default: 10s (<=0 to disable). |",PX4 落地后自动 disarm,无论文原式；由当前官方原文编译,"G((landed_start & auto_disarm_eligible) -> (G_[0,T_disarm_land) armed & F_[T_disarm_land,infty) disarmed))",OFFICIAL_BEHAVIOR,PX4 Arming/Disarming,Auto-Disarming; lines 86-94,https://github.com/PX4/PX4-Autopilot/blob/d6f12ad1c4f70ad3230afd7d86e971421e02fef4/docs/en/advanced_config/prearm_arm_disarm.md#L86-L94,d6f12ad1c4f70ad3230afd7d86e971421e02fef4,时间参数 COM_DISARM_LAND：默认 2.0s，冻结 SITL 2.0s；可修改。,未评估
当前新提取,PX4,5,PX4-MC-FLIGHTTIME-005,"### Flight Time Failsafes There are several other ""battery related"" failsafe mechanisms that may be configured using parameters: - The ""remaining flight time for safe return"" failsafe ([COM_FLTT_LOW_ACT](#COM_FLTT_LOW_ACT)) is engaged when PX4 estimates that the vehicle has just enough battery remaining for a return mode landing. You can configure this to ignore the failsafe, warn, or engage Return mode. - The ""maximum flight time failsafe"" ([COM_FLT_TIME_MAX](#COM_FLT_TIME_MAX)) allows you to set a maximum flight time after takeoff, at which the vehicle will automatically enter return mode (it will also ""warn"" at 90% of this time). This is like a ""hard coded"" estimate of the total flight time in a battery. The feature is disabled by default. - The ""minimum battery"" for arming parameter ([COM_ARM_BAT_MIN](#COM_ARM_BAT_MIN)) prevents arming in the first place if the battery level is below the specified value. The settings and underlying parameters are shown below. | Setting                                                              | Parameter                                                                      | Description                                                                                                                     | | -------------------------------------------------------------------- | ------------------------------------------------------------------------------ | ------------------------------------------------------------------------------------------------------------------------------- | | <a id=""COM_FLTT_LOW_ACT""></a> Low flight time for safe return action | [COM_FLTT_LOW_ACT](../advanced_config/parameter_reference.md#COM_FLTT_LOW_ACT) | Action when return mode can only just reach safety with remaining battery. `0`: None, `1`: Warning, `3`: Return mode (default). | | <a id=""COM_FLT_TIME_MAX""></a> Maximum flight time failsafe level     | [COM_FLT_TIME_MAX](../advanced_config/parameter_reference.md#COM_FLT_TIME_MAX) | Maximum allowed flight time before Return mode will be engaged, in seconds. `-1`: Disabled (default).                           |",PX4 最大飞行时间,无论文原式；由当前官方原文编译,"G((detected_takeoff & max_flight_time_enabled) -> ((G_[0,0.9*T_flight_max) !flight_time_warning & F_[0.9*T_flight_max,infty) flight_time_warning) & (G_[0,T_flight_max) !mode_return & F_[T_flight_max,infty) mode_return)))",OFFICIAL_BEHAVIOR,PX4 Safety: Flight Time Failsafes,Flight Time Failsafes; lines 96-110,https://github.com/PX4/PX4-Autopilot/blob/d6f12ad1c4f70ad3230afd7d86e971421e02fef4/docs/en/config/safety.md#L96-L110,d6f12ad1c4f70ad3230afd7d86e971421e02fef4,时间参数 COM_FLT_TIME_MAX：默认 -1s，冻结 SITL -1s；可修改。,未评估
当前新提取,PX4,6,PX4-MC-RTLLOITER-006,"## Loiter/Landing at Destination Unless executing a [mission landing pattern](#mission-landing-pattern) as part of the return mode, the vehicle will arrive at its destination, and rapidly descend to the [RTL_DESCEND_ALT](#RTL_DESCEND_ALT) altitude, where it will loiter for [RTL_LAND_DELAY](#RTL_LAND_DELAY) before landing. If `RTL_LAND_DELAY=-1` it will loiter indefinitely. The default landing configuration is vehicle dependent: - Multicopters are configured to hover for a short while, deploying landing gear if needed, and then land. - Fixed-wing vehicles use a return mode with a [mission landing pattern](#mission-landing-pattern), as this enables automated landing. If not using a mission landing, the default configuration is to loiter indefinitely, so the user can take over and manually land. - VTOLs in MC mode fly and land exactly as a multicopter. - VTOLS in FW mode head towards the landing point, transition to MC mode, and then land on the destination.",PX4 RTL 目的地等待后着陆,无论文原式；由当前官方原文编译,"G((enter_rtl_destination_loiter & direct_return_landing_path) -> (G_[0,T_rtl_land) !mode_land & F_[T_rtl_land,infty) mode_land))",OFFICIAL_BEHAVIOR,PX4 Return Mode,Loiter/Landing at Destination; lines 183-194,https://github.com/PX4/PX4-Autopilot/blob/d6f12ad1c4f70ad3230afd7d86e971421e02fef4/docs/en/flight_modes/return.md#L183-L194,d6f12ad1c4f70ad3230afd7d86e971421e02fef4,时间参数 RTL_LAND_DELAY：默认 0.0s，冻结 SITL 0.0s；可修改。,未评估
当前新提取,Paparazzi,1,PAP-NEW-GEOINIT-001,"<block name=""Geo init""><while cond=""LessThan(NavBlockTime(), 10)""/><call_once fun=""NavSetGroundReferenceHere()""/></block>",进入地理参考初始化块后先等待块时间达到 10 秒再设置地面参考。,无论文原式；由冻结任务配置编译,"G(enter_geo_init -> (G_[0,10s) !set_ground_reference & F_[10s,infty) set_ground_reference))",任务配置,Paparazzi rotorcraft_basic Geo init,conf/flight_plans/rotorcraft_basic.xml:23-27,https://github.com/paparazzi/paparazzi/blob/b51490c88bf972b764229d5f034957a41b6ce57c/conf/flight_plans/rotorcraft_basic.xml#L23-L27,b51490c88bf972b764229d5f034957a41b6ce57c,固定 10 秒；飞控内部 block_time；XML 可改后重编译；不是 MAVLink 到达时间。,未评估
当前新提取,Paparazzi,2,PAP-NEW-P2WAIT-002,"<stay wp=""p2"" until=""stage_time @GT 10""/>",到达 p2 后保持到阶段时间严格大于 10 秒才能退出。,无论文原式；由冻结任务配置编译,"G(enter_stay_p2 -> (G_[0,10s] stay_target_p2 & F_(10s,infty) exit_stay_p2))",任务配置,Paparazzi rotorcraft_basic line_p1_p2,conf/flight_plans/rotorcraft_basic.xml:52-56,https://github.com/paparazzi/paparazzi/blob/b51490c88bf972b764229d5f034957a41b6ce57c/conf/flight_plans/rotorcraft_basic.xml#L52-L56,b51490c88bf972b764229d5f034957a41b6ce57c,严格大于 10 秒；飞控内部 stage_time；10 秒边界仍不得退出。,未评估
当前新提取,Paparazzi,3,PAP-NEW-YAWSTEP-003,"<heading course=""90 * $i"" until=""stage_time @GT 3""/>",每个偏航目标阶段保持到阶段时间严格大于 3 秒再切换。,无论文原式；由冻结任务配置编译,"G(enter_heading_i -> (G_[0,3s] heading_target=normalize(90deg*i) & F_(3s,infty) next_heading_stage))",任务配置,Paparazzi rotorcraft_basic test yaw,conf/flight_plans/rotorcraft_basic.xml:67-72,https://github.com/paparazzi/paparazzi/blob/b51490c88bf972b764229d5f034957a41b6ce57c/conf/flight_plans/rotorcraft_basic.xml#L67-L72,b51490c88bf972b764229d5f034957a41b6ce57c,严格大于 3 秒；飞控内部 stage_time；目标角需归一化。,未评估
当前新提取,Paparazzi,4,PAP-NEW-TAKEOFF-004,"Takeoff block: z_ENU @GT 2.0 deroutes to Standby; otherwise climb with nav.climb_vspeed.",冻结任务在本地高度不超过 2 米时按配置爬升速度执行，超过 2 米后转 Standby。,无论文原式；由冻结任务配置编译,"G((nav_block=Takeoff & z_ENU<=2m) -> climb_setpoint=runtime(nav.climb_vspeed)) & G((nav_block=Takeoff & z_ENU>2m) -> F_[0,infty)(nav_block=Standby))",任务配置,Paparazzi rotorcraft_basic Takeoff,conf/flight_plans/rotorcraft_basic.xml:36-43,https://github.com/paparazzi/paparazzi/blob/b51490c88bf972b764229d5f034957a41b6ce57c/conf/flight_plans/rotorcraft_basic.xml#L36-L43,b51490c88bf972b764229d5f034957a41b6ce57c,2 米为空间阈值；NAV_CLIMB_VSPEED 冻结值 4.5 m/s；不能人工换算保证时间。,未评估
当前新提取,Paparazzi,5,PAP-NEW-STANDBY-005,"<block name=""Standby""><stay wp=""STDBY""/></block>",处在 Standby 任务块时持续把 STDBY 航点作为目标直到切块。,无论文原式；由冻结任务配置和用户手册编译,"G((nav_block=Standby) -> (target=WP_STDBY U nav_block!=Standby))",任务配置加官方行为说明,Paparazzi rotorcraft_basic Standby,conf/flight_plans/rotorcraft_basic.xml:41-43,https://github.com/paparazzi/paparazzi/blob/b51490c88bf972b764229d5f034957a41b6ce57c/conf/flight_plans/rotorcraft_basic.xml#L41-L43,b51490c88bf972b764229d5f034957a41b6ce57c,无界性质；STDBY 坐标来自同一冻结任务快照。,未评估
当前新提取,Paparazzi,6,PAP-NEW-GEOFENCE-006,"Flying outside this circle point will trigger the home mode.",超过 HOME 最大允许半径后应触发 Home 模式。,无论文原式；由当前官方原文编译,"G((autopilot.mode=NAV & dist_home>runtime(MAX_DIST_FROM_HOME)) -> F_[0,infty)(autopilot.mode=HOME))",官方行为说明加任务配置,Paparazzi Flight Plans max_dist_from_home,doc/sphinx/source/user_guide/flight_plans.rst:51-54,https://github.com/paparazzi/paparazzi/blob/b51490c88bf972b764229d5f034957a41b6ce57c/doc/sphinx/source/user_guide/flight_plans.rst#L51-L54,b51490c88bf972b764229d5f034957a41b6ce57c,冻结配置 150 米；无有限响应时间；XML 可改后重编译。,未评估
当前新提取,Paparazzi,7,PAP-NEW-HOME-007,"The HOME waypoint is set as the desired target position and its altitude is taken into account.",Home 模式的水平和高度目标都应取自 HOME 航点。,无论文原式；由当前官方原文编译,"G((autopilot.mode=HOME) -> (horizontal_target=WP_HOME & altitude_target=WP_HOME.altitude))",官方行为说明,Paparazzi Flight Plans Go HOME,doc/sphinx/source/user_guide/flight_plans.rst:475-484,https://github.com/paparazzi/paparazzi/blob/b51490c88bf972b764229d5f034957a41b6ce57c/doc/sphinx/source/user_guide/flight_plans.rst#L475-L484,b51490c88bf972b764229d5f034957a41b6ce57c,无界性质；航点高度和地理参考必须来自同一任务快照。,未评估
