capture_id,system,vehicle,message_id,message_name,field,xml_units,xml_description,first_value,last_value,sample_values,first_host_monotonic_ns,last_host_monotonic_ns,host_clock,clock_warning,evidence
ardupilot-copter-m6,ArduPilot,ArduCopter,2,SYSTEM_TIME,time_boot_ms,ms,Timestamp (time since system boot).,16884,48964,"[{""host_monotonic_ns"": 8113624401999, ""phase"": ""REQUEST_SWEEP"", ""value"": 16884}, {""host_monotonic_ns"": 8134309279928, ""phase"": ""RELEVANT_STREAM_SAMPLE"", ""value"": 37564}, {""host_monotonic_ns"": 8134507853026, ""phase"": ""RELEVANT_STREAM_SAMPLE"", ""value"": 37764}, {""host_monotonic_ns"": 8134711063784, ""phase"": ""RELEVANT_STREAM_SAMPLE"", ""value"": 37964}, {""host_monotonic_ns"": 8134910065730, ""phase"": ""RELEVANT_STREAM_SAMPLE"", ""value"": 38164}]",8113624401999,8145709518246,CLOCK_MONOTONIC_NS,Field clock follows frozen XML semantics; host arrival is a separate observation clock and is not substituted for the field clock.,benchmark/extraction_runs/milestone6/ArduPilot/runs/Copter/message_summary.json
ardupilot-copter-m6,ArduPilot,ArduCopter,2,SYSTEM_TIME,time_unix_usec,us,Timestamp (UNIX epoch time).,1784329764721008,1784329796801508,"[{""host_monotonic_ns"": 8113624401999, ""phase"": ""REQUEST_SWEEP"", ""value"": 1784329764721008}, {""host_monotonic_ns"": 8134309279928, ""phase"": ""RELEVANT_STREAM_SAMPLE"", ""value"": 1784329785401066}, {""host_monotonic_ns"": 8134507853026, ""phase"": ""RELEVANT_STREAM_SAMPLE"", ""value"": 1784329785600986}, {""host_monotonic_ns"": 8134711063784, ""phase"": ""RELEVANT_STREAM_SAMPLE"", ""value"": 1784329785801739}, {""host_monotonic_ns"": 8134910065730, ""phase"": ""RELEVANT_STREAM_SAMPLE"", ""value"": 1784329786001659}]",8113624401999,8145709518246,CLOCK_MONOTONIC_NS,Field clock follows frozen XML semantics; host arrival is a separate observation clock and is not substituted for the field clock.,benchmark/extraction_runs/milestone6/ArduPilot/runs/Copter/message_summary.json
ardupilot-copter-m6,ArduPilot,ArduCopter,24,GPS_RAW_INT,time_usec,us,Timestamp (UNIX Epoch time or time since system boot). The receiving end can infer timestamp format (since 1.1.1970 or since system boot) by checking for the magnitude of the number.,17163000,48763000,"[{""host_monotonic_ns"": 8114126140215, ""phase"": ""REQUEST_SWEEP"", ""value"": 17163000}, {""host_monotonic_ns"": 8134309177501, ""phase"": ""RELEVANT_STREAM_SAMPLE"", ""value"": 37363000}, {""host_monotonic_ns"": 8134507755790, ""phase"": ""RELEVANT_STREAM_SAMPLE"", ""value"": 37563000}, {""host_monotonic_ns"": 8134706255917, ""phase"": ""RELEVANT_STREAM_SAMPLE"", ""value"": 37763000}, {""host_monotonic_ns"": 8134909944787, ""phase"": ""RELEVANT_STREAM_SAMPLE"", ""value"": 37963000}]",8114126140215,8145709419277,CLOCK_MONOTONIC_NS,Field clock follows frozen XML semantics; host arrival is a separate observation clock and is not substituted for the field clock.,benchmark/extraction_runs/milestone6/ArduPilot/runs/Copter/message_summary.json
ardupilot-copter-m6,ArduPilot,ArduCopter,26,SCALED_IMU,time_boot_ms,ms,Timestamp (time since system boot).,17397,17397,"[{""host_monotonic_ns"": 8114137614580, ""phase"": ""REQUEST_SWEEP"", ""value"": 17397}]",8114137614580,8114137614580,CLOCK_MONOTONIC_NS,Field clock follows frozen XML semantics; host arrival is a separate observation clock and is not substituted for the field clock.,benchmark/extraction_runs/milestone6/ArduPilot/runs/Copter/message_summary.json
ardupilot-copter-m6,ArduPilot,ArduCopter,27,RAW_IMU,time_usec,us,Timestamp (UNIX Epoch time or time since system boot). The receiving end can infer timestamp format (since 1.1.1970 or since system boot) by checking for the magnitude of the number.,17402203,17402203,"[{""host_monotonic_ns"": 8114143505494, ""phase"": ""REQUEST_SWEEP"", ""value"": 17402203}]",8114143505494,8114143505494,CLOCK_MONOTONIC_NS,Field clock follows frozen XML semantics; host arrival is a separate observation clock and is not substituted for the field clock.,benchmark/extraction_runs/milestone6/ArduPilot/runs/Copter/message_summary.json
ardupilot-copter-m6,ArduPilot,ArduCopter,29,SCALED_PRESSURE,time_boot_ms,ms,Timestamp (time since system boot).,17414,17414,"[{""host_monotonic_ns"": 8114155243576, ""phase"": ""REQUEST_SWEEP"", ""value"": 17414}]",8114155243576,8114155243576,CLOCK_MONOTONIC_NS,Field clock follows frozen XML semantics; host arrival is a separate observation clock and is not substituted for the field clock.,benchmark/extraction_runs/milestone6/ArduPilot/runs/Copter/message_summary.json
ardupilot-copter-m6,ArduPilot,ArduCopter,30,ATTITUDE,time_boot_ms,ms,Timestamp (time since system boot).,17419,48964,"[{""host_monotonic_ns"": 8114160963205, ""phase"": ""REQUEST_SWEEP"", ""value"": 17419}, {""host_monotonic_ns"": 8134303553742, ""phase"": ""RELEVANT_STREAM_SAMPLE"", ""value"": 37564}, {""host_monotonic_ns"": 8134507035411, ""phase"": ""RELEVANT_STREAM_SAMPLE"", ""value"": 37764}, {""host_monotonic_ns"": 8134705486448, ""phase"": ""RELEVANT_STREAM_SAMPLE"", ""value"": 37964}, {""host_monotonic_ns"": 8134903765463, ""phase"": ""RELEVANT_STREAM_SAMPLE"", ""value"": 38164}]",8114160963205,8145703455173,CLOCK_MONOTONIC_NS,Field clock follows frozen XML semantics; host arrival is a separate observation clock and is not substituted for the field clock.,benchmark/extraction_runs/milestone6/ArduPilot/runs/Copter/message_summary.json
ardupilot-copter-m6,ArduPilot,ArduCopter,31,ATTITUDE_QUATERNION,time_boot_ms,ms,Timestamp (time since system boot).,17427,17427,"[{""host_monotonic_ns"": 8114166802816, ""phase"": ""REQUEST_SWEEP"", ""value"": 17427}]",8114166802816,8114166802816,CLOCK_MONOTONIC_NS,Field clock follows frozen XML semantics; host arrival is a separate observation clock and is not substituted for the field clock.,benchmark/extraction_runs/milestone6/ArduPilot/runs/Copter/message_summary.json
ardupilot-copter-m6,ArduPilot,ArduCopter,32,LOCAL_POSITION_NED,time_boot_ms,ms,Timestamp (time since system boot).,41764,48964,"[{""host_monotonic_ns"": 8138508353468, ""phase"": ""RELEVANT_STREAM_SAMPLE"", ""value"": 41764}, {""host_monotonic_ns"": 8138711466724, ""phase"": ""RELEVANT_STREAM_SAMPLE"", ""value"": 41964}, {""host_monotonic_ns"": 8138910095275, ""phase"": ""RELEVANT_STREAM_SAMPLE"", ""value"": 42164}, {""host_monotonic_ns"": 8139109016783, ""phase"": ""RELEVANT_STREAM_SAMPLE"", ""value"": 42364}, {""host_monotonic_ns"": 8139312046966, ""phase"": ""RELEVANT_STREAM_SAMPLE"", ""value"": 42564}]",8138508353468,8145709624081,CLOCK_MONOTONIC_NS,Field clock follows frozen XML semantics; host arrival is a separate observation clock and is not substituted for the field clock.,benchmark/extraction_runs/milestone6/ArduPilot/runs/Copter/message_summary.json
ardupilot-copter-m6,ArduPilot,ArduCopter,33,GLOBAL_POSITION_INT,time_boot_ms,ms,Timestamp (time since system boot).,17882,48964,"[{""host_monotonic_ns"": 8114621702707, ""phase"": ""REQUEST_SWEEP"", ""value"": 17882}, {""host_monotonic_ns"": 8134303680335, ""phase"": ""RELEVANT_STREAM_SAMPLE"", ""value"": 37564}, {""host_monotonic_ns"": 8134507197321, ""phase"": ""RELEVANT_STREAM_SAMPLE"", ""value"": 37764}, {""host_monotonic_ns"": 8134705689724, ""phase"": ""RELEVANT_STREAM_SAMPLE"", ""value"": 37964}, {""host_monotonic_ns"": 8134904048170, ""phase"": ""RELEVANT_STREAM_SAMPLE"", ""value"": 38164}]",8114621702707,8145703667817,CLOCK_MONOTONIC_NS,Field clock follows frozen XML semantics; host arrival is a separate observation clock and is not substituted for the field clock.,benchmark/extraction_runs/milestone6/ArduPilot/runs/Copter/message_summary.json
ardupilot-copter-m6,ArduPilot,ArduCopter,36,SERVO_OUTPUT_RAW,time_usec,us,Timestamp (UNIX Epoch time or time since system boot). The receiving end can infer timestamp format (since 1.1.1970 or since system boot) by checking for the magnitude of the number.,18341827,48964573,"[{""host_monotonic_ns"": 8115082416569, ""phase"": ""REQUEST_SWEEP"", ""value"": 18341827}, {""host_monotonic_ns"": 8134308950770, ""phase"": ""RELEVANT_STREAM_SAMPLE"", ""value"": 37564135}, {""host_monotonic_ns"": 8134507539696, ""phase"": ""RELEVANT_STREAM_SAMPLE"", ""value"": 37764055}, {""host_monotonic_ns"": 8134706032868, ""phase"": ""RELEVANT_STREAM_SAMPLE"", ""value"": 37964808}, {""host_monotonic_ns"": 8134909673447, ""phase"": ""RELEVANT_STREAM_SAMPLE"", ""value"": 38164728}]",8115082416569,8145709203400,CLOCK_MONOTONIC_NS,Field clock follows frozen XML semantics; host arrival is a separate observation clock and is not substituted for the field clock.,benchmark/extraction_runs/milestone6/ArduPilot/runs/Copter/message_summary.json
ardupilot-copter-m6,ArduPilot,ArduCopter,49,GPS_GLOBAL_ORIGIN,time_usec,us,Timestamp (UNIX Epoch time or time since system boot). The receiving end can infer timestamp format (since 1.1.1970 or since system boot) by checking for the magnitude of the number.,20011992,20011992,"[{""host_monotonic_ns"": 8116749995051, ""phase"": ""REQUEST_SWEEP"", ""value"": 20011992}]",8116749995051,8116749995051,CLOCK_MONOTONIC_NS,Field clock follows frozen XML semantics; host arrival is a separate observation clock and is not substituted for the field clock.,benchmark/extraction_runs/milestone6/ArduPilot/runs/Copter/message_summary.json
ardupilot-copter-m6,ArduPilot,ArduCopter,65,RC_CHANNELS,time_boot_ms,ms,Timestamp (time since system boot).,18919,48964,"[{""host_monotonic_ns"": 8115659591135, ""phase"": ""REQUEST_SWEEP"", ""value"": 18919}, {""host_monotonic_ns"": 8134309066122, ""phase"": ""RELEVANT_STREAM_SAMPLE"", ""value"": 37564}, {""host_monotonic_ns"": 8134507647149, ""phase"": ""RELEVANT_STREAM_SAMPLE"", ""value"": 37764}, {""host_monotonic_ns"": 8134706147743, ""phase"": ""RELEVANT_STREAM_SAMPLE"", ""value"": 37964}, {""host_monotonic_ns"": 8134909823698, ""phase"": ""RELEVANT_STREAM_SAMPLE"", ""value"": 38164}]",8115659591135,8145709311446,CLOCK_MONOTONIC_NS,Field clock follows frozen XML semantics; host arrival is a separate observation clock and is not substituted for the field clock.,benchmark/extraction_runs/milestone6/ArduPilot/runs/Copter/message_summary.json
ardupilot-copter-m6,ArduPilot,ArduCopter,83,ATTITUDE_TARGET,time_boot_ms,ms,Timestamp (time since system boot).,18989,48964,"[{""host_monotonic_ns"": 8115729533962, ""phase"": ""REQUEST_SWEEP"", ""value"": 18989}, {""host_monotonic_ns"": 8134314654996, ""phase"": ""RELEVANT_STREAM_SAMPLE"", ""value"": 37564}, {""host_monotonic_ns"": 8134512974509, ""phase"": ""RELEVANT_STREAM_SAMPLE"", ""value"": 37764}, {""host_monotonic_ns"": 8134711637379, ""phase"": ""RELEVANT_STREAM_SAMPLE"", ""value"": 37964}, {""host_monotonic_ns"": 8134910604339, ""phase"": ""RELEVANT_STREAM_SAMPLE"", ""value"": 38164}]",8115729533962,8145714853177,CLOCK_MONOTONIC_NS,Field clock follows frozen XML semantics; host arrival is a separate observation clock and is not substituted for the field clock.,benchmark/extraction_runs/milestone6/ArduPilot/runs/Copter/message_summary.json
ardupilot-copter-m6,ArduPilot,ArduCopter,105,HIGHRES_IMU,time_usec,us,Timestamp (UNIX Epoch time or time since system boot). The receiving end can infer timestamp format (since 1.1.1970 or since system boot) by checking for the magnitude of the number.,20231904,20231904,"[{""host_monotonic_ns"": 8116971636886, ""phase"": ""REQUEST_SWEEP"", ""value"": 20231904}]",8116971636886,8116971636886,CLOCK_MONOTONIC_NS,Field clock follows frozen XML semantics; host arrival is a separate observation clock and is not substituted for the field clock.,benchmark/extraction_runs/milestone6/ArduPilot/runs/Copter/message_summary.json
ardupilot-copter-m6,ArduPilot,ArduCopter,111,TIMESYNC,tc1,ns,Time sync timestamp 1. Syncing: 0. Responding: Timestamp of responding component.,0,0,"[{""host_monotonic_ns"": 8106743521428, ""phase"": ""BASELINE"", ""value"": 0}, {""host_monotonic_ns"": 8116744249937, ""phase"": ""REQUEST_SWEEP"", ""value"": 0}, {""host_monotonic_ns"": 8126744787542, ""phase"": ""REQUEST_SWEEP"", ""value"": 0}, {""host_monotonic_ns"": 8136752229986, ""phase"": ""RELEVANT_STREAM_SAMPLE"", ""value"": 0}]",8106743521428,8136752229986,CLOCK_MONOTONIC_NS,Field clock follows frozen XML semantics; host arrival is a separate observation clock and is not substituted for the field clock.,benchmark/extraction_runs/milestone6/ArduPilot/runs/Copter/message_summary.json
ardupilot-copter-m6,ArduPilot,ArduCopter,111,TIMESYNC,ts1,ns,Time sync timestamp 2. Timestamp of syncing component (mirrored in response).,10001831151,40009823151,"[{""host_monotonic_ns"": 8106743521428, ""phase"": ""BASELINE"", ""value"": 10001831151}, {""host_monotonic_ns"": 8116744249937, ""phase"": ""REQUEST_SWEEP"", ""value"": 20004495151}, {""host_monotonic_ns"": 8126744787542, ""phase"": ""REQUEST_SWEEP"", ""value"": 30007159151}, {""host_monotonic_ns"": 8136752229986, ""phase"": ""RELEVANT_STREAM_SAMPLE"", ""value"": 40009823151}]",8106743521428,8136752229986,CLOCK_MONOTONIC_NS,Field clock follows frozen XML semantics; host arrival is a separate observation clock and is not substituted for the field clock.,benchmark/extraction_runs/milestone6/ArduPilot/runs/Copter/message_summary.json
ardupilot-copter-m6,ArduPilot,ArduCopter,116,SCALED_IMU2,time_boot_ms,ms,Timestamp (time since system boot).,20294,20294,"[{""host_monotonic_ns"": 8117035862703, ""phase"": ""REQUEST_SWEEP"", ""value"": 20294}]",8117035862703,8117035862703,CLOCK_MONOTONIC_NS,Field clock follows frozen XML semantics; host arrival is a separate observation clock and is not substituted for the field clock.,benchmark/extraction_runs/milestone6/ArduPilot/runs/Copter/message_summary.json
ardupilot-copter-m6,ArduPilot,ArduCopter,129,SCALED_IMU3,time_boot_ms,ms,Timestamp (time since system boot).,21489,21489,"[{""host_monotonic_ns"": 8118231266756, ""phase"": ""REQUEST_SWEEP"", ""value"": 21489}]",8118231266756,8118231266756,CLOCK_MONOTONIC_NS,Field clock follows frozen XML semantics; host arrival is a separate observation clock and is not substituted for the field clock.,benchmark/extraction_runs/milestone6/ArduPilot/runs/Copter/message_summary.json
ardupilot-copter-m6,ArduPilot,ArduCopter,137,SCALED_PRESSURE2,time_boot_ms,ms,Timestamp (time since system boot).,21979,21979,"[{""host_monotonic_ns"": 8118721080445, ""phase"": ""REQUEST_SWEEP"", ""value"": 21979}]",8118721080445,8118721080445,CLOCK_MONOTONIC_NS,Field clock follows frozen XML semantics; host arrival is a separate observation clock and is not substituted for the field clock.,benchmark/extraction_runs/milestone6/ArduPilot/runs/Copter/message_summary.json
ardupilot-copter-m6,ArduPilot,ArduCopter,235,HIGH_LATENCY2,timestamp,ms,Timestamp (milliseconds since boot or Unix epoch),26836,26836,"[{""host_monotonic_ns"": 8123578414539, ""phase"": ""REQUEST_SWEEP"", ""value"": 26836}]",8123578414539,8123578414539,CLOCK_MONOTONIC_NS,Field clock follows frozen XML semantics; host arrival is a separate observation clock and is not substituted for the field clock.,benchmark/extraction_runs/milestone6/ArduPilot/runs/Copter/message_summary.json
ardupilot-copter-m6,ArduPilot,ArduCopter,241,VIBRATION,time_usec,us,Timestamp (UNIX Epoch time or time since system boot). The receiving end can infer timestamp format (since 1.1.1970 or since system boot) by checking for the magnitude of the number.,26844258,26844258,"[{""host_monotonic_ns"": 8123584331749, ""phase"": ""REQUEST_SWEEP"", ""value"": 26844258}]",8123584331749,8123584331749,CLOCK_MONOTONIC_NS,Field clock follows frozen XML semantics; host arrival is a separate observation clock and is not substituted for the field clock.,benchmark/extraction_runs/milestone6/ArduPilot/runs/Copter/message_summary.json
ardupilot-copter-m6,ArduPilot,ArduCopter,242,HOME_POSITION,time_usec,us,Timestamp (UNIX Epoch time or time since system boot). The receiving end can infer timestamp format (since 1.1.1970 or since system boot) by checking for the magnitude of the number.,20011992,48964573,"[{""host_monotonic_ns"": 8116750134645, ""phase"": ""REQUEST_SWEEP"", ""value"": 20011992}, {""host_monotonic_ns"": 8123590005377, ""phase"": ""REQUEST_SWEEP"", ""value"": 26849256}, {""host_monotonic_ns"": 8134309502674, ""phase"": ""RELEVANT_STREAM_SAMPLE"", ""value"": 37564135}, {""host_monotonic_ns"": 8134508056984, ""phase"": ""RELEVANT_STREAM_SAMPLE"", ""value"": 37764055}, {""host_monotonic_ns"": 8134711318195, ""phase"": ""RELEVANT_STREAM_SAMPLE"", ""value"": 37964808}]",8116750134645,8145709855922,CLOCK_MONOTONIC_NS,Field clock follows frozen XML semantics; host arrival is a separate observation clock and is not substituted for the field clock.,benchmark/extraction_runs/milestone6/ArduPilot/runs/Copter/message_summary.json
ardupilot-copter-m6,ArduPilot,ArduCopter,264,FLIGHT_INFORMATION,arming_time_utc,us,"Timestamp at arming (since system boot). Set to 0 on boot. Set value on arming. Note, field is misnamed UTC.",0,0,"[{""host_monotonic_ns"": 8125246260428, ""phase"": ""REQUEST_SWEEP"", ""value"": 0}]",8125246260428,8125246260428,CLOCK_MONOTONIC_NS,Field clock follows frozen XML semantics; host arrival is a separate observation clock and is not substituted for the field clock.,benchmark/extraction_runs/milestone6/ArduPilot/runs/Copter/message_summary.json
ardupilot-copter-m6,ArduPilot,ArduCopter,264,FLIGHT_INFORMATION,landing_time,ms,Timestamp at landing (in ms since system boot). Set to 0 at boot and on arming.,0,0,"[{""host_monotonic_ns"": 8125246260428, ""phase"": ""REQUEST_SWEEP"", ""value"": 0}]",8125246260428,8125246260428,CLOCK_MONOTONIC_NS,Field clock follows frozen XML semantics; host arrival is a separate observation clock and is not substituted for the field clock.,benchmark/extraction_runs/milestone6/ArduPilot/runs/Copter/message_summary.json
ardupilot-copter-m6,ArduPilot,ArduCopter,264,FLIGHT_INFORMATION,takeoff_time_utc,us,"Timestamp at takeoff (since system boot). Set to 0 at boot and on arming. Note, field is misnamed UTC.",0,0,"[{""host_monotonic_ns"": 8125246260428, ""phase"": ""REQUEST_SWEEP"", ""value"": 0}]",8125246260428,8125246260428,CLOCK_MONOTONIC_NS,Field clock follows frozen XML semantics; host arrival is a separate observation clock and is not substituted for the field clock.,benchmark/extraction_runs/milestone6/ArduPilot/runs/Copter/message_summary.json
ardupilot-copter-m6,ArduPilot,ArduCopter,264,FLIGHT_INFORMATION,time_boot_ms,ms,Timestamp (time since system boot).,28504,28504,"[{""host_monotonic_ns"": 8125246260428, ""phase"": ""REQUEST_SWEEP"", ""value"": 28504}]",8125246260428,8125246260428,CLOCK_MONOTONIC_NS,Field clock follows frozen XML semantics; host arrival is a separate observation clock and is not substituted for the field clock.,benchmark/extraction_runs/milestone6/ArduPilot/runs/Copter/message_summary.json
ardupilot-copter-m6,ArduPilot,ArduCopter,286,AUTOPILOT_STATE_FOR_GIMBAL_DEVICE,time_boot_us,us,Timestamp (time since system boot).,31041745,31041745,"[{""host_monotonic_ns"": 8127782957479, ""phase"": ""REQUEST_SWEEP"", ""value"": 31041745}]",8127782957479,8127782957479,CLOCK_MONOTONIC_NS,Field clock follows frozen XML semantics; host arrival is a separate observation clock and is not substituted for the field clock.,benchmark/extraction_runs/milestone6/ArduPilot/runs/Copter/message_summary.json
ardupilot-copter-m6,ArduPilot,ArduCopter,340,UTM_GLOBAL_POSITION,time,us,Time of applicability of position (microseconds since UNIX epoch).,1784329779876610,1784329779876610,"[{""host_monotonic_ns"": 8128780288202, ""phase"": ""REQUEST_SWEEP"", ""value"": 1784329779876610}]",8128780288202,8128780288202,CLOCK_MONOTONIC_NS,Field clock follows frozen XML semantics; host arrival is a separate observation clock and is not substituted for the field clock.,benchmark/extraction_runs/milestone6/ArduPilot/runs/Copter/message_summary.json
ardupilot-copter-m6,ArduPilot,ArduCopter,376,RELAY_STATUS,time_boot_ms,ms,Timestamp (time since system boot).,32521,32521,"[{""host_monotonic_ns"": 8129264168492, ""phase"": ""REQUEST_SWEEP"", ""value"": 32521}]",8129264168492,8129264168492,CLOCK_MONOTONIC_NS,Field clock follows frozen XML semantics; host arrival is a separate observation clock and is not substituted for the field clock.,benchmark/extraction_runs/milestone6/ArduPilot/runs/Copter/message_summary.json
ardupilot-plane-m6,ArduPilot,ArduPlane,2,SYSTEM_TIME,time_boot_ms,ms,Timestamp (time since system boot).,2045,52864,"[{""host_monotonic_ns"": 8147992269871, ""phase"": ""STARTUP"", ""value"": 2045}, {""host_monotonic_ns"": 8149012789613, ""phase"": ""STARTUP"", ""value"": 3064}, {""host_monotonic_ns"": 8149992506807, ""phase"": ""BASELINE"", ""value"": 4045}, {""host_monotonic_ns"": 8151012847611, ""phase"": ""BASELINE"", ""value"": 5064}, {""host_monotonic_ns"": 8151992629387, ""phase"": ""BASELINE"", ""value"": 6045}]",8147992269871,8198806412419,CLOCK_MONOTONIC_NS,Field clock follows frozen XML semantics; host arrival is a separate observation clock and is not substituted for the field clock.,benchmark/extraction_runs/milestone6/ArduPilot/runs/Plane/message_summary.json
ardupilot-plane-m6,ArduPilot,ArduPlane,2,SYSTEM_TIME,time_unix_usec,us,Timestamp (UNIX epoch time).,0,1784329851836612,"[{""host_monotonic_ns"": 8147992269871, ""phase"": ""STARTUP"", ""value"": 0}, {""host_monotonic_ns"": 8149012789613, ""phase"": ""STARTUP"", ""value"": 0}, {""host_monotonic_ns"": 8149992506807, ""phase"": ""BASELINE"", ""value"": 0}, {""host_monotonic_ns"": 8151012847611, ""phase"": ""BASELINE"", ""value"": 0}, {""host_monotonic_ns"": 8151992629387, ""phase"": ""BASELINE"", ""value"": 0}]",8147992269871,8198806412419,CLOCK_MONOTONIC_NS,Field clock follows frozen XML semantics; host arrival is a separate observation clock and is not substituted for the field clock.,benchmark/extraction_runs/milestone6/ArduPilot/runs/Plane/message_summary.json
ardupilot-plane-m6,ArduPilot,ArduPlane,24,GPS_RAW_INT,time_usec,us,Timestamp (UNIX Epoch time or time since system boot). The receiving end can infer timestamp format (since 1.1.1970 or since system boot) by checking for the magnitude of the number.,0,52828000,"[{""host_monotonic_ns"": 8147992143154, ""phase"": ""STARTUP"", ""value"": 0}, {""host_monotonic_ns"": 8149012634581, ""phase"": ""STARTUP"", ""value"": 0}, {""host_monotonic_ns"": 8149992384755, ""phase"": ""BASELINE"", ""value"": 0}, {""host_monotonic_ns"": 8151012747075, ""phase"": ""BASELINE"", ""value"": 0}, {""host_monotonic_ns"": 8151992530662, ""phase"": ""BASELINE"", ""value"": 0}]",8147992143154,8198806311161,CLOCK_MONOTONIC_NS,Field clock follows frozen XML semantics; host arrival is a separate observation clock and is not substituted for the field clock.,benchmark/extraction_runs/milestone6/ArduPilot/runs/Plane/message_summary.json
ardupilot-plane-m6,ArduPilot,ArduPlane,26,SCALED_IMU,time_boot_ms,ms,Timestamp (time since system boot).,17864,17864,"[{""host_monotonic_ns"": 8163801051206, ""phase"": ""REQUEST_SWEEP"", ""value"": 17864}]",8163801051206,8163801051206,CLOCK_MONOTONIC_NS,Field clock follows frozen XML semantics; host arrival is a separate observation clock and is not substituted for the field clock.,benchmark/extraction_runs/milestone6/ArduPilot/runs/Plane/message_summary.json
ardupilot-plane-m6,ArduPilot,ArduPlane,27,RAW_IMU,time_usec,us,Timestamp (UNIX Epoch time or time since system boot). The receiving end can infer timestamp format (since 1.1.1970 or since system boot) by checking for the magnitude of the number.,2045015,52045007,"[{""host_monotonic_ns"": 8147986510738, ""phase"": ""STARTUP"", ""value"": 2045015}, {""host_monotonic_ns"": 8149007061739, ""phase"": ""STARTUP"", ""value"": 3064607}, {""host_monotonic_ns"": 8149986899491, ""phase"": ""BASELINE"", ""value"": 4045048}, {""host_monotonic_ns"": 8151007092694, ""phase"": ""BASELINE"", ""value"": 5064640}, {""host_monotonic_ns"": 8151986899263, ""phase"": ""BASELINE"", ""value"": 6045081}]",8147986510738,8197984702750,CLOCK_MONOTONIC_NS,Field clock follows frozen XML semantics; host arrival is a separate observation clock and is not substituted for the field clock.,benchmark/extraction_runs/milestone6/ArduPilot/runs/Plane/message_summary.json
ardupilot-plane-m6,ArduPilot,ArduPlane,29,SCALED_PRESSURE,time_boot_ms,ms,Timestamp (time since system boot).,2045,52045,"[{""host_monotonic_ns"": 8147991929341, ""phase"": ""STARTUP"", ""value"": 2045}, {""host_monotonic_ns"": 8149007344044, ""phase"": ""STARTUP"", ""value"": 3064}, {""host_monotonic_ns"": 8149992142580, ""phase"": ""BASELINE"", ""value"": 4045}, {""host_monotonic_ns"": 8151007413053, ""phase"": ""BASELINE"", ""value"": 5064}, {""host_monotonic_ns"": 8151992301937, ""phase"": ""BASELINE"", ""value"": 6045}]",8147991929341,8197989825346,CLOCK_MONOTONIC_NS,Field clock follows frozen XML semantics; host arrival is a separate observation clock and is not substituted for the field clock.,benchmark/extraction_runs/milestone6/ArduPilot/runs/Plane/message_summary.json
ardupilot-plane-m6,ArduPilot,ArduPlane,30,ATTITUDE,time_boot_ms,ms,Timestamp (time since system boot).,2045,52864,"[{""host_monotonic_ns"": 8147980906595, ""phase"": ""STARTUP"", ""value"": 2045}, {""host_monotonic_ns"": 8149001385235, ""phase"": ""STARTUP"", ""value"": 3064}, {""host_monotonic_ns"": 8149981054606, ""phase"": ""BASELINE"", ""value"": 4045}, {""host_monotonic_ns"": 8151001466642, ""phase"": ""BASELINE"", ""value"": 5064}, {""host_monotonic_ns"": 8151981292854, ""phase"": ""BASELINE"", ""value"": 6045}]",8147980906595,8198800737386,CLOCK_MONOTONIC_NS,Field clock follows frozen XML semantics; host arrival is a separate observation clock and is not substituted for the field clock.,benchmark/extraction_runs/milestone6/ArduPilot/runs/Plane/message_summary.json
ardupilot-plane-m6,ArduPilot,ArduPlane,31,ATTITUDE_QUATERNION,time_boot_ms,ms,Timestamp (time since system boot).,17964,17964,"[{""host_monotonic_ns"": 8163900248656, ""phase"": ""REQUEST_SWEEP"", ""value"": 17964}]",8163900248656,8163900248656,CLOCK_MONOTONIC_NS,Field clock follows frozen XML semantics; host arrival is a separate observation clock and is not substituted for the field clock.,benchmark/extraction_runs/milestone6/ArduPilot/runs/Plane/message_summary.json
ardupilot-plane-m6,ArduPilot,ArduPlane,32,LOCAL_POSITION_NED,time_boot_ms,ms,Timestamp (time since system boot).,11064,52864,"[{""host_monotonic_ns"": 8157018882625, ""phase"": ""BASELINE"", ""value"": 11064}, {""host_monotonic_ns"": 8158016679334, ""phase"": ""BASELINE"", ""value"": 12064}, {""host_monotonic_ns"": 8159018965771, ""phase"": ""BASELINE"", ""value"": 13064}, {""host_monotonic_ns"": 8160016360295, ""phase"": ""BASELINE"", ""value"": 14064}, {""host_monotonic_ns"": 8161019330109, ""phase"": ""BASELINE"", ""value"": 15064}]",8157018882625,8198806503148,CLOCK_MONOTONIC_NS,Field clock follows frozen XML semantics; host arrival is a separate observation clock and is not substituted for the field clock.,benchmark/extraction_runs/milestone6/ArduPilot/runs/Plane/message_summary.json
ardupilot-plane-m6,ArduPilot,ArduPlane,33,GLOBAL_POSITION_INT,time_boot_ms,ms,Timestamp (time since system boot).,2045,52864,"[{""host_monotonic_ns"": 8147981028579, ""phase"": ""STARTUP"", ""value"": 2045}, {""host_monotonic_ns"": 8149001494284, ""phase"": ""STARTUP"", ""value"": 3064}, {""host_monotonic_ns"": 8149981155425, ""phase"": ""BASELINE"", ""value"": 4045}, {""host_monotonic_ns"": 8151001567743, ""phase"": ""BASELINE"", ""value"": 5064}, {""host_monotonic_ns"": 8151981396955, ""phase"": ""BASELINE"", ""value"": 6045}]",8147981028579,8198800951424,CLOCK_MONOTONIC_NS,Field clock follows frozen XML semantics; host arrival is a separate observation clock and is not substituted for the field clock.,benchmark/extraction_runs/milestone6/ArduPilot/runs/Plane/message_summary.json
ardupilot-plane-m6,ArduPilot,ArduPlane,36,SERVO_OUTPUT_RAW,time_usec,us,Timestamp (UNIX Epoch time or time since system boot). The receiving end can infer timestamp format (since 1.1.1970 or since system boot) by checking for the magnitude of the number.,200753,52864679,"[{""host_monotonic_ns"": 8146137614467, ""phase"": ""STARTUP"", ""value"": 200753}, {""host_monotonic_ns"": 8146155290505, ""phase"": ""STARTUP"", ""value"": 221578}, {""host_monotonic_ns"": 8146172721493, ""phase"": ""STARTUP"", ""value"": 242403}, {""host_monotonic_ns"": 8146196149734, ""phase"": ""STARTUP"", ""value"": 263228}, {""host_monotonic_ns"": 8146219439239, ""phase"": ""STARTUP"", ""value"": 284053}]",8146137614467,8198801323095,CLOCK_MONOTONIC_NS,Field clock follows frozen XML semantics; host arrival is a separate observation clock and is not substituted for the field clock.,benchmark/extraction_runs/milestone6/ArduPilot/runs/Plane/message_summary.json
ardupilot-plane-m6,ArduPilot,ArduPlane,49,GPS_GLOBAL_ORIGIN,time_usec,us,Timestamp (UNIX Epoch time or time since system boot). The receiving end can infer timestamp format (since 1.1.1970 or since system boot) by checking for the magnitude of the number.,19484703,51745127,"[{""host_monotonic_ns"": 8165421868284, ""phase"": ""REQUEST_SWEEP"", ""value"": 19484703}, {""host_monotonic_ns"": 8167678943134, ""phase"": ""REQUEST_SWEEP"", ""value"": 21744632}, {""host_monotonic_ns"": 8173679302530, ""phase"": ""REQUEST_SWEEP"", ""value"": 27744731}, {""host_monotonic_ns"": 8179679821501, ""phase"": ""REQUEST_SWEEP"", ""value"": 33744830}, {""host_monotonic_ns"": 8185680173364, ""phase"": ""RELEVANT_STREAM_SAMPLE"", ""value"": 39744929}]",8165421868284,8197680897713,CLOCK_MONOTONIC_NS,Field clock follows frozen XML semantics; host arrival is a separate observation clock and is not substituted for the field clock.,benchmark/extraction_runs/milestone6/ArduPilot/runs/Plane/message_summary.json
ardupilot-plane-m6,ArduPilot,ArduPlane,65,RC_CHANNELS,time_boot_ms,ms,Timestamp (time since system boot).,2045,52864,"[{""host_monotonic_ns"": 8147986379511, ""phase"": ""STARTUP"", ""value"": 2045}, {""host_monotonic_ns"": 8149006947606, ""phase"": ""STARTUP"", ""value"": 3064}, {""host_monotonic_ns"": 8149986780916, ""phase"": ""BASELINE"", ""value"": 4045}, {""host_monotonic_ns"": 8151006976915, ""phase"": ""BASELINE"", ""value"": 5064}, {""host_monotonic_ns"": 8151986783951, ""phase"": ""BASELINE"", ""value"": 6045}]",8147986379511,8198806182660,CLOCK_MONOTONIC_NS,Field clock follows frozen XML semantics; host arrival is a separate observation clock and is not substituted for the field clock.,benchmark/extraction_runs/milestone6/ArduPilot/runs/Plane/message_summary.json
ardupilot-plane-m6,ArduPilot,ArduPlane,105,HIGHRES_IMU,time_usec,us,Timestamp (UNIX Epoch time or time since system boot). The receiving end can infer timestamp format (since 1.1.1970 or since system boot) by checking for the magnitude of the number.,21584696,21584696,"[{""host_monotonic_ns"": 8167521508122, ""phase"": ""REQUEST_SWEEP"", ""value"": 21584696}]",8167521508122,8167521508122,CLOCK_MONOTONIC_NS,Field clock follows frozen XML semantics; host arrival is a separate observation clock and is not substituted for the field clock.,benchmark/extraction_runs/milestone6/ArduPilot/runs/Plane/message_summary.json
ardupilot-plane-m6,ArduPilot,ArduPlane,111,TIMESYNC,tc1,ns,Time sync timestamp 1. Syncing: 0. Responding: Timestamp of responding component.,0,0,"[{""host_monotonic_ns"": 8155940469606, ""phase"": ""BASELINE"", ""value"": 0}, {""host_monotonic_ns"": 8165958504512, ""phase"": ""REQUEST_SWEEP"", ""value"": 0}, {""host_monotonic_ns"": 8175982362267, ""phase"": ""REQUEST_SWEEP"", ""value"": 0}, {""host_monotonic_ns"": 8186000939723, ""phase"": ""RELEVANT_STREAM_SAMPLE"", ""value"": 0}, {""host_monotonic_ns"": 8196025048710, ""phase"": ""RELEVANT_STREAM_SAMPLE"", ""value"": 0}]",8155940469606,8196025048710,CLOCK_MONOTONIC_NS,Field clock follows frozen XML semantics; host arrival is a separate observation clock and is not substituted for the field clock.,benchmark/extraction_runs/milestone6/ArduPilot/runs/Plane/message_summary.json
ardupilot-plane-m6,ArduPilot,ArduPlane,111,TIMESYNC,ts1,ns,Time sync timestamp 2. Timestamp of syncing component (mirrored in response).,10004330152,50084958152,"[{""host_monotonic_ns"": 8155940469606, ""phase"": ""BASELINE"", ""value"": 10004330152}, {""host_monotonic_ns"": 8165958504512, ""phase"": ""REQUEST_SWEEP"", ""value"": 20024487152}, {""host_monotonic_ns"": 8175982362267, ""phase"": ""REQUEST_SWEEP"", ""value"": 30044644152}, {""host_monotonic_ns"": 8186000939723, ""phase"": ""RELEVANT_STREAM_SAMPLE"", ""value"": 40064801152}, {""host_monotonic_ns"": 8196025048710, ""phase"": ""RELEVANT_STREAM_SAMPLE"", ""value"": 50084958152}]",8155940469606,8196025048710,CLOCK_MONOTONIC_NS,Field clock follows frozen XML semantics; host arrival is a separate observation clock and is not substituted for the field clock.,benchmark/extraction_runs/milestone6/ArduPilot/runs/Plane/message_summary.json
ardupilot-plane-m6,ArduPilot,ArduPlane,116,SCALED_IMU2,time_boot_ms,ms,Timestamp (time since system boot).,2045,52045,"[{""host_monotonic_ns"": 8147986604953, ""phase"": ""STARTUP"", ""value"": 2045}, {""host_monotonic_ns"": 8149007157659, ""phase"": ""STARTUP"", ""value"": 3064}, {""host_monotonic_ns"": 8149986997768, ""phase"": ""BASELINE"", ""value"": 4045}, {""host_monotonic_ns"": 8151007190942, ""phase"": ""BASELINE"", ""value"": 5064}, {""host_monotonic_ns"": 8151986994716, ""phase"": ""BASELINE"", ""value"": 6045}]",8147986604953,8197984803307,CLOCK_MONOTONIC_NS,Field clock follows frozen XML semantics; host arrival is a separate observation clock and is not substituted for the field clock.,benchmark/extraction_runs/milestone6/ArduPilot/runs/Plane/message_summary.json
ardupilot-plane-m6,ArduPilot,ArduPlane,129,SCALED_IMU3,time_boot_ms,ms,Timestamp (time since system boot).,2045,52045,"[{""host_monotonic_ns"": 8147986702461, ""phase"": ""STARTUP"", ""value"": 2045}, {""host_monotonic_ns"": 8149007252010, ""phase"": ""STARTUP"", ""value"": 3064}, {""host_monotonic_ns"": 8149987094447, ""phase"": ""BASELINE"", ""value"": 4045}, {""host_monotonic_ns"": 8151007284339, ""phase"": ""BASELINE"", ""value"": 5064}, {""host_monotonic_ns"": 8151987089535, ""phase"": ""BASELINE"", ""value"": 6045}]",8147986702461,8197984898935,CLOCK_MONOTONIC_NS,Field clock follows frozen XML semantics; host arrival is a separate observation clock and is not substituted for the field clock.,benchmark/extraction_runs/milestone6/ArduPilot/runs/Plane/message_summary.json
ardupilot-plane-m6,ArduPilot,ArduPlane,137,SCALED_PRESSURE2,time_boot_ms,ms,Timestamp (time since system boot).,2045,52045,"[{""host_monotonic_ns"": 8147992043504, ""phase"": ""STARTUP"", ""value"": 2045}, {""host_monotonic_ns"": 8149012526642, ""phase"": ""STARTUP"", ""value"": 3064}, {""host_monotonic_ns"": 8149992284083, ""phase"": ""BASELINE"", ""value"": 4045}, {""host_monotonic_ns"": 8151012627682, ""phase"": ""BASELINE"", ""value"": 5064}, {""host_monotonic_ns"": 8151992427739, ""phase"": ""BASELINE"", ""value"": 6045}]",8147992043504,8197989944136,CLOCK_MONOTONIC_NS,Field clock follows frozen XML semantics; host arrival is a separate observation clock and is not substituted for the field clock.,benchmark/extraction_runs/milestone6/ArduPilot/runs/Plane/message_summary.json
ardupilot-plane-m6,ArduPilot,ArduPlane,235,HIGH_LATENCY2,timestamp,ms,Timestamp (milliseconds since boot or Unix epoch),29164,29164,"[{""host_monotonic_ns"": 8175102080218, ""phase"": ""REQUEST_SWEEP"", ""value"": 29164}]",8175102080218,8175102080218,CLOCK_MONOTONIC_NS,Field clock follows frozen XML semantics; host arrival is a separate observation clock and is not substituted for the field clock.,benchmark/extraction_runs/milestone6/ArduPilot/runs/Plane/message_summary.json
ardupilot-plane-m6,ArduPilot,ArduPlane,241,VIBRATION,time_usec,us,Timestamp (UNIX Epoch time or time since system boot). The receiving end can infer timestamp format (since 1.1.1970 or since system boot) by checking for the magnitude of the number.,2045015,52045007,"[{""host_monotonic_ns"": 8147997710610, ""phase"": ""STARTUP"", ""value"": 2045015}, {""host_monotonic_ns"": 8149018375190, ""phase"": ""STARTUP"", ""value"": 3064607}, {""host_monotonic_ns"": 8149998005173, ""phase"": ""BASELINE"", ""value"": 4045048}, {""host_monotonic_ns"": 8151018424578, ""phase"": ""BASELINE"", ""value"": 5064640}, {""host_monotonic_ns"": 8151998307192, ""phase"": ""BASELINE"", ""value"": 6045081}]",8147997710610,8197990443635,CLOCK_MONOTONIC_NS,Field clock follows frozen XML semantics; host arrival is a separate observation clock and is not substituted for the field clock.,benchmark/extraction_runs/milestone6/ArduPilot/runs/Plane/message_summary.json
ardupilot-plane-m6,ArduPilot,ArduPlane,242,HOME_POSITION,time_usec,us,Timestamp (UNIX Epoch time or time since system boot). The receiving end can infer timestamp format (since 1.1.1970 or since system boot) by checking for the magnitude of the number.,10125115,52864679,"[{""host_monotonic_ns"": 8156057071290, ""phase"": ""BASELINE"", ""value"": 10125115}, {""host_monotonic_ns"": 8161678355624, ""phase"": ""BASELINE"", ""value"": 15744533}, {""host_monotonic_ns"": 8167679072638, ""phase"": ""REQUEST_SWEEP"", ""value"": 21744632}, {""host_monotonic_ns"": 8173679437528, ""phase"": ""REQUEST_SWEEP"", ""value"": 27744731}, {""host_monotonic_ns"": 8175142673669, ""phase"": ""REQUEST_SWEEP"", ""value"": 29204980}]",8156057071290,8198806751870,CLOCK_MONOTONIC_NS,Field clock follows frozen XML semantics; host arrival is a separate observation clock and is not substituted for the field clock.,benchmark/extraction_runs/milestone6/ArduPilot/runs/Plane/message_summary.json
ardupilot-plane-m6,ArduPilot,ArduPlane,264,FLIGHT_INFORMATION,arming_time_utc,us,"Timestamp at arming (since system boot). Set to 0 on boot. Set value on arming. Note, field is misnamed UTC.",0,0,"[{""host_monotonic_ns"": 8177020610972, ""phase"": ""REQUEST_SWEEP"", ""value"": 0}]",8177020610972,8177020610972,CLOCK_MONOTONIC_NS,Field clock follows frozen XML semantics; host arrival is a separate observation clock and is not substituted for the field clock.,benchmark/extraction_runs/milestone6/ArduPilot/runs/Plane/message_summary.json
ardupilot-plane-m6,ArduPilot,ArduPlane,264,FLIGHT_INFORMATION,landing_time,ms,Timestamp at landing (in ms since system boot). Set to 0 at boot and on arming.,0,0,"[{""host_monotonic_ns"": 8177020610972, ""phase"": ""REQUEST_SWEEP"", ""value"": 0}]",8177020610972,8177020610972,CLOCK_MONOTONIC_NS,Field clock follows frozen XML semantics; host arrival is a separate observation clock and is not substituted for the field clock.,benchmark/extraction_runs/milestone6/ArduPilot/runs/Plane/message_summary.json
ardupilot-plane-m6,ArduPilot,ArduPlane,264,FLIGHT_INFORMATION,takeoff_time_utc,us,"Timestamp at takeoff (since system boot). Set to 0 at boot and on arming. Note, field is misnamed UTC.",0,0,"[{""host_monotonic_ns"": 8177020610972, ""phase"": ""REQUEST_SWEEP"", ""value"": 0}]",8177020610972,8177020610972,CLOCK_MONOTONIC_NS,Field clock follows frozen XML semantics; host arrival is a separate observation clock and is not substituted for the field clock.,benchmark/extraction_runs/milestone6/ArduPilot/runs/Plane/message_summary.json
ardupilot-plane-m6,ArduPilot,ArduPlane,264,FLIGHT_INFORMATION,time_boot_ms,ms,Timestamp (time since system boot).,31085,31085,"[{""host_monotonic_ns"": 8177020610972, ""phase"": ""REQUEST_SWEEP"", ""value"": 31085}]",8177020610972,8177020610972,CLOCK_MONOTONIC_NS,Field clock follows frozen XML semantics; host arrival is a separate observation clock and is not substituted for the field clock.,benchmark/extraction_runs/milestone6/ArduPilot/runs/Plane/message_summary.json
ardupilot-plane-m6,ArduPilot,ArduPlane,286,AUTOPILOT_STATE_FOR_GIMBAL_DEVICE,time_boot_us,us,Timestamp (time since system boot).,33764822,33764822,"[{""host_monotonic_ns"": 8179702926418, ""phase"": ""REQUEST_SWEEP"", ""value"": 33764822}]",8179702926418,8179702926418,CLOCK_MONOTONIC_NS,Field clock follows frozen XML semantics; host arrival is a separate observation clock and is not substituted for the field clock.,benchmark/extraction_runs/milestone6/ArduPilot/runs/Plane/message_summary.json
ardupilot-plane-m6,ArduPilot,ArduPlane,340,UTM_GLOBAL_POSITION,time,us,Time of applicability of position (microseconds since UNIX epoch).,1784329833316523,1784329833316523,"[{""host_monotonic_ns"": 8180280332927, ""phase"": ""REQUEST_SWEEP"", ""value"": 1784329833316523}]",8180280332927,8180280332927,CLOCK_MONOTONIC_NS,Field clock follows frozen XML semantics; host arrival is a separate observation clock and is not substituted for the field clock.,benchmark/extraction_runs/milestone6/ArduPilot/runs/Plane/message_summary.json
ardupilot-plane-m6,ArduPilot,ArduPlane,376,RELAY_STATUS,time_boot_ms,ms,Timestamp (time since system boot).,34904,34904,"[{""host_monotonic_ns"": 8180840605969, ""phase"": ""REQUEST_SWEEP"", ""value"": 34904}]",8180840605969,8180840605969,CLOCK_MONOTONIC_NS,Field clock follows frozen XML semantics; host arrival is a separate observation clock and is not substituted for the field clock.,benchmark/extraction_runs/milestone6/ArduPilot/runs/Plane/message_summary.json
ardupilot-plane-m6,ArduPilot,ArduPlane,11020,AOA_SSA,time_usec,us,Timestamp (since boot or Unix epoch).,2045015,52045007,"[{""host_monotonic_ns"": 8147997984460, ""phase"": ""STARTUP"", ""value"": 2045015}, {""host_monotonic_ns"": 8149018601002, ""phase"": ""STARTUP"", ""value"": 3064607}, {""host_monotonic_ns"": 8149998239771, ""phase"": ""BASELINE"", ""value"": 4045048}, {""host_monotonic_ns"": 8151018671088, ""phase"": ""BASELINE"", ""value"": 5064640}, {""host_monotonic_ns"": 8151998530492, ""phase"": ""BASELINE"", ""value"": 6045081}]",8147997984460,8197990543675,CLOCK_MONOTONIC_NS,Field clock follows frozen XML semantics; host arrival is a separate observation clock and is not substituted for the field clock.,benchmark/extraction_runs/milestone6/ArduPilot/runs/Plane/message_summary.json
ardupilot-rover-m6,ArduPilot,Rover,2,SYSTEM_TIME,time_boot_ms,ms,Timestamp (time since system boot).,3052,54311,"[{""host_monotonic_ns"": 8201922782619, ""phase"": ""STARTUP"", ""value"": 3052}, {""host_monotonic_ns"": 8202920347747, ""phase"": ""BASELINE"", ""value"": 4051}, {""host_monotonic_ns"": 8203922979785, ""phase"": ""BASELINE"", ""value"": 5052}, {""host_monotonic_ns"": 8204920551545, ""phase"": ""BASELINE"", ""value"": 6051}, {""host_monotonic_ns"": 8205923110934, ""phase"": ""BASELINE"", ""value"": 7052}]",8201922782619,8253175443959,CLOCK_MONOTONIC_NS,Field clock follows frozen XML semantics; host arrival is a separate observation clock and is not substituted for the field clock.,benchmark/extraction_runs/milestone6/ArduPilot/runs/Rover/message_summary.json
ardupilot-rover-m6,ArduPilot,Rover,2,SYSTEM_TIME,time_unix_usec,us,Timestamp (UNIX epoch time).,0,1784329907276535,"[{""host_monotonic_ns"": 8201922782619, ""phase"": ""STARTUP"", ""value"": 0}, {""host_monotonic_ns"": 8202920347747, ""phase"": ""BASELINE"", ""value"": 0}, {""host_monotonic_ns"": 8203922979785, ""phase"": ""BASELINE"", ""value"": 0}, {""host_monotonic_ns"": 8204920551545, ""phase"": ""BASELINE"", ""value"": 0}, {""host_monotonic_ns"": 8205923110934, ""phase"": ""BASELINE"", ""value"": 0}]",8201922782619,8253175443959,CLOCK_MONOTONIC_NS,Field clock follows frozen XML semantics; host arrival is a separate observation clock and is not substituted for the field clock.,benchmark/extraction_runs/milestone6/ArduPilot/runs/Rover/message_summary.json
ardupilot-rover-m6,ArduPilot,Rover,24,GPS_RAW_INT,time_usec,us,Timestamp (UNIX Epoch time or time since system boot). The receiving end can infer timestamp format (since 1.1.1970 or since system boot) by checking for the magnitude of the number.,0,54235000,"[{""host_monotonic_ns"": 8201917865677, ""phase"": ""STARTUP"", ""value"": 0}, {""host_monotonic_ns"": 8202920241404, ""phase"": ""BASELINE"", ""value"": 0}, {""host_monotonic_ns"": 8203922873073, ""phase"": ""BASELINE"", ""value"": 0}, {""host_monotonic_ns"": 8204920455099, ""phase"": ""BASELINE"", ""value"": 0}, {""host_monotonic_ns"": 8205922997052, ""phase"": ""BASELINE"", ""value"": 0}]",8201917865677,8253175253391,CLOCK_MONOTONIC_NS,Field clock follows frozen XML semantics; host arrival is a separate observation clock and is not substituted for the field clock.,benchmark/extraction_runs/milestone6/ArduPilot/runs/Rover/message_summary.json
ardupilot-rover-m6,ArduPilot,Rover,26,SCALED_IMU,time_boot_ms,ms,Timestamp (time since system boot).,17732,17732,"[{""host_monotonic_ns"": 8216589205971, ""phase"": ""REQUEST_SWEEP"", ""value"": 17732}]",8216589205971,8216589205971,CLOCK_MONOTONIC_NS,Field clock follows frozen XML semantics; host arrival is a separate observation clock and is not substituted for the field clock.,benchmark/extraction_runs/milestone6/ArduPilot/runs/Rover/message_summary.json
ardupilot-rover-m6,ArduPilot,Rover,27,RAW_IMU,time_usec,us,Timestamp (UNIX Epoch time or time since system boot). The receiving end can infer timestamp format (since 1.1.1970 or since system boot) by checking for the magnitude of the number.,3052112,54051704,"[{""host_monotonic_ns"": 8201917354507, ""phase"": ""STARTUP"", ""value"": 3052112}, {""host_monotonic_ns"": 8202914777726, ""phase"": ""BASELINE"", ""value"": 4051712}, {""host_monotonic_ns"": 8203917316085, ""phase"": ""BASELINE"", ""value"": 5052145}, {""host_monotonic_ns"": 8204914745470, ""phase"": ""BASELINE"", ""value"": 6051745}, {""host_monotonic_ns"": 8205917587949, ""phase"": ""BASELINE"", ""value"": 7052178}]",8201917354507,8252912969494,CLOCK_MONOTONIC_NS,Field clock follows frozen XML semantics; host arrival is a separate observation clock and is not substituted for the field clock.,benchmark/extraction_runs/milestone6/ArduPilot/runs/Rover/message_summary.json
ardupilot-rover-m6,ArduPilot,Rover,29,SCALED_PRESSURE,time_boot_ms,ms,Timestamp (time since system boot).,3052,54051,"[{""host_monotonic_ns"": 8201917680469, ""phase"": ""STARTUP"", ""value"": 3052}, {""host_monotonic_ns"": 8202920051219, ""phase"": ""BASELINE"", ""value"": 4051}, {""host_monotonic_ns"": 8203917616927, ""phase"": ""BASELINE"", ""value"": 5052}, {""host_monotonic_ns"": 8204920249710, ""phase"": ""BASELINE"", ""value"": 6051}, {""host_monotonic_ns"": 8205917873431, ""phase"": ""BASELINE"", ""value"": 7052}]",8201917680469,8252917949553,CLOCK_MONOTONIC_NS,Field clock follows frozen XML semantics; host arrival is a separate observation clock and is not substituted for the field clock.,benchmark/extraction_runs/milestone6/ArduPilot/runs/Rover/message_summary.json
ardupilot-rover-m6,ArduPilot,Rover,30,ATTITUDE,time_boot_ms,ms,Timestamp (time since system boot).,3052,54311,"[{""host_monotonic_ns"": 8201911419336, ""phase"": ""STARTUP"", ""value"": 3052}, {""host_monotonic_ns"": 8202908956539, ""phase"": ""BASELINE"", ""value"": 4051}, {""host_monotonic_ns"": 8203911447721, ""phase"": ""BASELINE"", ""value"": 5052}, {""host_monotonic_ns"": 8204909171900, ""phase"": ""BASELINE"", ""value"": 6051}, {""host_monotonic_ns"": 8205911534611, ""phase"": ""BASELINE"", ""value"": 7052}]",8201911419336,8253168900163,CLOCK_MONOTONIC_NS,Field clock follows frozen XML semantics; host arrival is a separate observation clock and is not substituted for the field clock.,benchmark/extraction_runs/milestone6/ArduPilot/runs/Rover/message_summary.json
ardupilot-rover-m6,ArduPilot,Rover,31,ATTITUDE_QUATERNION,time_boot_ms,ms,Timestamp (time since system boot).,17832,17832,"[{""host_monotonic_ns"": 8216688298449, ""phase"": ""REQUEST_SWEEP"", ""value"": 17832}]",8216688298449,8216688298449,CLOCK_MONOTONIC_NS,Field clock follows frozen XML semantics; host arrival is a separate observation clock and is not substituted for the field clock.,benchmark/extraction_runs/milestone6/ArduPilot/runs/Rover/message_summary.json
ardupilot-rover-m6,ArduPilot,Rover,32,LOCAL_POSITION_NED,time_boot_ms,ms,Timestamp (time since system boot).,42112,54311,"[{""host_monotonic_ns"": 8240975734000, ""phase"": ""RELEVANT_STREAM_SAMPLE"", ""value"": 42112}, {""host_monotonic_ns"": 8241174591330, ""phase"": ""RELEVANT_STREAM_SAMPLE"", ""value"": 42312}, {""host_monotonic_ns"": 8241377675963, ""phase"": ""RELEVANT_STREAM_SAMPLE"", ""value"": 42512}, {""host_monotonic_ns"": 8241576337839, ""phase"": ""RELEVANT_STREAM_SAMPLE"", ""value"": 42712}, {""host_monotonic_ns"": 8241774845074, ""phase"": ""RELEVANT_STREAM_SAMPLE"", ""value"": 42911}]",8240975734000,8253175570352,CLOCK_MONOTONIC_NS,Field clock follows frozen XML semantics; host arrival is a separate observation clock and is not substituted for the field clock.,benchmark/extraction_runs/milestone6/ArduPilot/runs/Rover/message_summary.json
ardupilot-rover-m6,ArduPilot,Rover,33,GLOBAL_POSITION_INT,time_boot_ms,ms,Timestamp (time since system boot).,3052,54311,"[{""host_monotonic_ns"": 8201911525922, ""phase"": ""STARTUP"", ""value"": 3052}, {""host_monotonic_ns"": 8202909056784, ""phase"": ""BASELINE"", ""value"": 4051}, {""host_monotonic_ns"": 8203911551112, ""phase"": ""BASELINE"", ""value"": 5052}, {""host_monotonic_ns"": 8204909271453, ""phase"": ""BASELINE"", ""value"": 6051}, {""host_monotonic_ns"": 8205911639307, ""phase"": ""BASELINE"", ""value"": 7052}]",8201911525922,8253169100237,CLOCK_MONOTONIC_NS,Field clock follows frozen XML semantics; host arrival is a separate observation clock and is not substituted for the field clock.,benchmark/extraction_runs/milestone6/ArduPilot/runs/Rover/message_summary.json
ardupilot-rover-m6,ArduPilot,Rover,36,SERVO_OUTPUT_RAW,time_usec,us,Timestamp (UNIX Epoch time or time since system boot). The receiving end can infer timestamp format (since 1.1.1970 or since system boot) by checking for the magnitude of the number.,3052112,54311600,"[{""host_monotonic_ns"": 8201917079778, ""phase"": ""STARTUP"", ""value"": 3052112}, {""host_monotonic_ns"": 8202914520520, ""phase"": ""BASELINE"", ""value"": 4051712}, {""host_monotonic_ns"": 8203917071843, ""phase"": ""BASELINE"", ""value"": 5052145}, {""host_monotonic_ns"": 8204914527058, ""phase"": ""BASELINE"", ""value"": 6051745}, {""host_monotonic_ns"": 8205917363050, ""phase"": ""BASELINE"", ""value"": 7052178}]",8201917079778,8253174853339,CLOCK_MONOTONIC_NS,Field clock follows frozen XML semantics; host arrival is a separate observation clock and is not substituted for the field clock.,benchmark/extraction_runs/milestone6/ArduPilot/runs/Rover/message_summary.json
ardupilot-rover-m6,ArduPilot,Rover,49,GPS_GLOBAL_ORIGIN,time_usec,us,Timestamp (UNIX Epoch time or time since system boot). The receiving end can infer timestamp format (since 1.1.1970 or since system boot) by checking for the magnitude of the number.,19872048,19872048,"[{""host_monotonic_ns"": 8218729300815, ""phase"": ""REQUEST_SWEEP"", ""value"": 19872048}]",8218729300815,8218729300815,CLOCK_MONOTONIC_NS,Field clock follows frozen XML semantics; host arrival is a separate observation clock and is not substituted for the field clock.,benchmark/extraction_runs/milestone6/ArduPilot/runs/Rover/message_summary.json
ardupilot-rover-m6,ArduPilot,Rover,65,RC_CHANNELS,time_boot_ms,ms,Timestamp (time since system boot).,3052,54311,"[{""host_monotonic_ns"": 8201917229785, ""phase"": ""STARTUP"", ""value"": 3052}, {""host_monotonic_ns"": 8202914663709, ""phase"": ""BASELINE"", ""value"": 4051}, {""host_monotonic_ns"": 8203917189679, ""phase"": ""BASELINE"", ""value"": 5052}, {""host_monotonic_ns"": 8204914632689, ""phase"": ""BASELINE"", ""value"": 6051}, {""host_monotonic_ns"": 8205917472694, ""phase"": ""BASELINE"", ""value"": 7052}]",8201917229785,8253175054251,CLOCK_MONOTONIC_NS,Field clock follows frozen XML semantics; host arrival is a separate observation clock and is not substituted for the field clock.,benchmark/extraction_runs/milestone6/ArduPilot/runs/Rover/message_summary.json
ardupilot-rover-m6,ArduPilot,Rover,105,HIGHRES_IMU,time_usec,us,Timestamp (UNIX Epoch time or time since system boot). The receiving end can infer timestamp format (since 1.1.1970 or since system boot) by checking for the magnitude of the number.,21452249,21452249,"[{""host_monotonic_ns"": 8220309572174, ""phase"": ""REQUEST_SWEEP"", ""value"": 21452249}]",8220309572174,8220309572174,CLOCK_MONOTONIC_NS,Field clock follows frozen XML semantics; host arrival is a separate observation clock and is not substituted for the field clock.,benchmark/extraction_runs/milestone6/ArduPilot/runs/Rover/message_summary.json
ardupilot-rover-m6,ArduPilot,Rover,111,TIMESYNC,tc1,ns,Time sync timestamp 1. Syncing: 0. Responding: Timestamp of responding component.,0,0,"[{""host_monotonic_ns"": 8208868247744, ""phase"": ""BASELINE"", ""value"": 0}, {""host_monotonic_ns"": 8218886290613, ""phase"": ""REQUEST_SWEEP"", ""value"": 0}, {""host_monotonic_ns"": 8228887137923, ""phase"": ""REQUEST_SWEEP"", ""value"": 0}, {""host_monotonic_ns"": 8238911243801, ""phase"": ""RELEVANT_STREAM_SAMPLE"", ""value"": 0}, {""host_monotonic_ns"": 8248929428860, ""phase"": ""RELEVANT_STREAM_SAMPLE"", ""value"": 0}]",8208868247744,8248929428860,CLOCK_MONOTONIC_NS,Field clock follows frozen XML semantics; host arrival is a separate observation clock and is not substituted for the field clock.,benchmark/extraction_runs/milestone6/ArduPilot/runs/Rover/message_summary.json
ardupilot-rover-m6,ArduPilot,Rover,111,TIMESYNC,ts1,ns,Time sync timestamp 2. Timestamp of syncing component (mirrored in response).,10011827153,50071630153,"[{""host_monotonic_ns"": 8208868247744, ""phase"": ""BASELINE"", ""value"": 10011827153}, {""host_monotonic_ns"": 8218886290613, ""phase"": ""REQUEST_SWEEP"", ""value"": 20031984153}, {""host_monotonic_ns"": 8228887137923, ""phase"": ""REQUEST_SWEEP"", ""value"": 30032149153}, {""host_monotonic_ns"": 8238911243801, ""phase"": ""RELEVANT_STREAM_SAMPLE"", ""value"": 40052306153}, {""host_monotonic_ns"": 8248929428860, ""phase"": ""RELEVANT_STREAM_SAMPLE"", ""value"": 50071630153}]",8208868247744,8248929428860,CLOCK_MONOTONIC_NS,Field clock follows frozen XML semantics; host arrival is a separate observation clock and is not substituted for the field clock.,benchmark/extraction_runs/milestone6/ArduPilot/runs/Rover/message_summary.json
ardupilot-rover-m6,ArduPilot,Rover,116,SCALED_IMU2,time_boot_ms,ms,Timestamp (time since system boot).,3052,54051,"[{""host_monotonic_ns"": 8201917468505, ""phase"": ""STARTUP"", ""value"": 3052}, {""host_monotonic_ns"": 8202914873588, ""phase"": ""BASELINE"", ""value"": 4051}, {""host_monotonic_ns"": 8203917413418, ""phase"": ""BASELINE"", ""value"": 5052}, {""host_monotonic_ns"": 8204914840134, ""phase"": ""BASELINE"", ""value"": 6051}, {""host_monotonic_ns"": 8205917684882, ""phase"": ""BASELINE"", ""value"": 7052}]",8201917468505,8252913069317,CLOCK_MONOTONIC_NS,Field clock follows frozen XML semantics; host arrival is a separate observation clock and is not substituted for the field clock.,benchmark/extraction_runs/milestone6/ArduPilot/runs/Rover/message_summary.json
ardupilot-rover-m6,ArduPilot,Rover,129,SCALED_IMU3,time_boot_ms,ms,Timestamp (time since system boot).,3052,54051,"[{""host_monotonic_ns"": 8201917566033, ""phase"": ""STARTUP"", ""value"": 3052}, {""host_monotonic_ns"": 8202919927374, ""phase"": ""BASELINE"", ""value"": 4051}, {""host_monotonic_ns"": 8203917516069, ""phase"": ""BASELINE"", ""value"": 5052}, {""host_monotonic_ns"": 8204920129342, ""phase"": ""BASELINE"", ""value"": 6051}, {""host_monotonic_ns"": 8205917779371, ""phase"": ""BASELINE"", ""value"": 7052}]",8201917566033,8252917843311,CLOCK_MONOTONIC_NS,Field clock follows frozen XML semantics; host arrival is a separate observation clock and is not substituted for the field clock.,benchmark/extraction_runs/milestone6/ArduPilot/runs/Rover/message_summary.json
ardupilot-rover-m6,ArduPilot,Rover,137,SCALED_PRESSURE2,time_boot_ms,ms,Timestamp (time since system boot).,3052,54051,"[{""host_monotonic_ns"": 8201917773769, ""phase"": ""STARTUP"", ""value"": 3052}, {""host_monotonic_ns"": 8202920147374, ""phase"": ""BASELINE"", ""value"": 4051}, {""host_monotonic_ns"": 8203917710364, ""phase"": ""BASELINE"", ""value"": 5052}, {""host_monotonic_ns"": 8204920359441, ""phase"": ""BASELINE"", ""value"": 6051}, {""host_monotonic_ns"": 8205917965562, ""phase"": ""BASELINE"", ""value"": 7052}]",8201917773769,8252918015014,CLOCK_MONOTONIC_NS,Field clock follows frozen XML semantics; host arrival is a separate observation clock and is not substituted for the field clock.,benchmark/extraction_runs/milestone6/ArduPilot/runs/Rover/message_summary.json
ardupilot-rover-m6,ArduPilot,Rover,235,HIGH_LATENCY2,timestamp,ms,Timestamp (milliseconds since boot or Unix epoch),29612,29612,"[{""host_monotonic_ns"": 8228467461861, ""phase"": ""REQUEST_SWEEP"", ""value"": 29612}]",8228467461861,8228467461861,CLOCK_MONOTONIC_NS,Field clock follows frozen XML semantics; host arrival is a separate observation clock and is not substituted for the field clock.,benchmark/extraction_runs/milestone6/ArduPilot/runs/Rover/message_summary.json
ardupilot-rover-m6,ArduPilot,Rover,241,VIBRATION,time_usec,us,Timestamp (UNIX Epoch time or time since system boot). The receiving end can infer timestamp format (since 1.1.1970 or since system boot) by checking for the magnitude of the number.,3052112,54051704,"[{""host_monotonic_ns"": 8201922998469, ""phase"": ""STARTUP"", ""value"": 3052112}, {""host_monotonic_ns"": 8202925762836, ""phase"": ""BASELINE"", ""value"": 4051712}, {""host_monotonic_ns"": 8203923262170, ""phase"": ""BASELINE"", ""value"": 5052145}, {""host_monotonic_ns"": 8204920823800, ""phase"": ""BASELINE"", ""value"": 6051745}, {""host_monotonic_ns"": 8205923392227, ""phase"": ""BASELINE"", ""value"": 7052178}]",8201922998469,8252918280831,CLOCK_MONOTONIC_NS,Field clock follows frozen XML semantics; host arrival is a separate observation clock and is not substituted for the field clock.,benchmark/extraction_runs/milestone6/ArduPilot/runs/Rover/message_summary.json
ardupilot-rover-m6,ArduPilot,Rover,242,HOME_POSITION,time_usec,us,Timestamp (UNIX Epoch time or time since system boot). The receiving end can infer timestamp format (since 1.1.1970 or since system boot) by checking for the magnitude of the number.,9871883,54311600,"[{""host_monotonic_ns"": 8208728275261, ""phase"": ""BASELINE"", ""value"": 9871883}, {""host_monotonic_ns"": 8228508332342, ""phase"": ""REQUEST_SWEEP"", ""value"": 29652301}, {""host_monotonic_ns"": 8240975974286, ""phase"": ""RELEVANT_STREAM_SAMPLE"", ""value"": 42112315}, {""host_monotonic_ns"": 8241179770646, ""phase"": ""RELEVANT_STREAM_SAMPLE"", ""value"": 42312235}, {""host_monotonic_ns"": 8241377965892, ""phase"": ""RELEVANT_STREAM_SAMPLE"", ""value"": 42512155}]",8208728275261,8253175821365,CLOCK_MONOTONIC_NS,Field clock follows frozen XML semantics; host arrival is a separate observation clock and is not substituted for the field clock.,benchmark/extraction_runs/milestone6/ArduPilot/runs/Rover/message_summary.json
ardupilot-rover-m6,ArduPilot,Rover,264,FLIGHT_INFORMATION,arming_time_utc,us,"Timestamp at arming (since system boot). Set to 0 on boot. Set value on arming. Note, field is misnamed UTC.",0,0,"[{""host_monotonic_ns"": 8230409445864, ""phase"": ""REQUEST_SWEEP"", ""value"": 0}]",8230409445864,8230409445864,CLOCK_MONOTONIC_NS,Field clock follows frozen XML semantics; host arrival is a separate observation clock and is not substituted for the field clock.,benchmark/extraction_runs/milestone6/ArduPilot/runs/Rover/message_summary.json
ardupilot-rover-m6,ArduPilot,Rover,264,FLIGHT_INFORMATION,landing_time,ms,Timestamp at landing (in ms since system boot). Set to 0 at boot and on arming.,0,0,"[{""host_monotonic_ns"": 8230409445864, ""phase"": ""REQUEST_SWEEP"", ""value"": 0}]",8230409445864,8230409445864,CLOCK_MONOTONIC_NS,Field clock follows frozen XML semantics; host arrival is a separate observation clock and is not substituted for the field clock.,benchmark/extraction_runs/milestone6/ArduPilot/runs/Rover/message_summary.json
ardupilot-rover-m6,ArduPilot,Rover,264,FLIGHT_INFORMATION,takeoff_time_utc,us,"Timestamp at takeoff (since system boot). Set to 0 at boot and on arming. Note, field is misnamed UTC.",0,0,"[{""host_monotonic_ns"": 8230409445864, ""phase"": ""REQUEST_SWEEP"", ""value"": 0}]",8230409445864,8230409445864,CLOCK_MONOTONIC_NS,Field clock follows frozen XML semantics; host arrival is a separate observation clock and is not substituted for the field clock.,benchmark/extraction_runs/milestone6/ArduPilot/runs/Rover/message_summary.json
ardupilot-rover-m6,ArduPilot,Rover,264,FLIGHT_INFORMATION,time_boot_ms,ms,Timestamp (time since system boot).,31552,31552,"[{""host_monotonic_ns"": 8230409445864, ""phase"": ""REQUEST_SWEEP"", ""value"": 31552}]",8230409445864,8230409445864,CLOCK_MONOTONIC_NS,Field clock follows frozen XML semantics; host arrival is a separate observation clock and is not substituted for the field clock.,benchmark/extraction_runs/milestone6/ArduPilot/runs/Rover/message_summary.json
ardupilot-rover-m6,ArduPilot,Rover,286,AUTOPILOT_STATE_FOR_GIMBAL_DEVICE,time_boot_us,us,Timestamp (time since system boot).,34012223,34012223,"[{""host_monotonic_ns"": 8232870148789, ""phase"": ""REQUEST_SWEEP"", ""value"": 34012223}]",8232870148789,8232870148789,CLOCK_MONOTONIC_NS,Field clock follows frozen XML semantics; host arrival is a separate observation clock and is not substituted for the field clock.,benchmark/extraction_runs/milestone6/ArduPilot/runs/Rover/message_summary.json
ardupilot-rover-m6,ArduPilot,Rover,340,UTM_GLOBAL_POSITION,time,us,Time of applicability of position (microseconds since UNIX epoch).,1784329888196670,1784329888196670,"[{""host_monotonic_ns"": 8234088825049, ""phase"": ""REQUEST_SWEEP"", ""value"": 1784329888196670}]",8234088825049,8234088825049,CLOCK_MONOTONIC_NS,Field clock follows frozen XML semantics; host arrival is a separate observation clock and is not substituted for the field clock.,benchmark/extraction_runs/milestone6/ArduPilot/runs/Rover/message_summary.json
ardupilot-rover-m6,ArduPilot,Rover,376,RELAY_STATUS,time_boot_ms,ms,Timestamp (time since system boot).,35792,35792,"[{""host_monotonic_ns"": 8234648789571, ""phase"": ""REQUEST_SWEEP"", ""value"": 35792}]",8234648789571,8234648789571,CLOCK_MONOTONIC_NS,Field clock follows frozen XML semantics; host arrival is a separate observation clock and is not substituted for the field clock.,benchmark/extraction_runs/milestone6/ArduPilot/runs/Rover/message_summary.json
PX4-M6-MC-SIHSIM-QUADX-I42-20260718,PX4,multicopter,2,SYSTEM_TIME,time_boot_ms,ms,Timestamp (time since system boot).,29872,29872,[29872],8176786701122,8176786701122,CLOCK_MONOTONIC_NS,Field clock follows frozen XML semantics; host arrival is a separate observation clock and is not substituted for the field clock.,benchmark/extraction_runs/milestone6/PX4/message_inventory.json
PX4-M6-MC-SIHSIM-QUADX-I42-20260718,PX4,multicopter,2,SYSTEM_TIME,time_unix_usec,us,Timestamp (UNIX epoch time).,1784329831242403,1784329831242403,[1784329831242403],8176786701122,8176786701122,CLOCK_MONOTONIC_NS,Field clock follows frozen XML semantics; host arrival is a separate observation clock and is not substituted for the field clock.,benchmark/extraction_runs/milestone6/PX4/message_inventory.json
PX4-M6-MC-SIHSIM-QUADX-I42-20260718,PX4,multicopter,4,PING,time_usec,us,Timestamp (UNIX Epoch time or time since system boot). The receiving end can infer timestamp format (since 1.1.1970 or since system boot) by checking for the magnitude of the number.,10104000,30104000,"[10104000, 20104000, 29872000]",8156777473383,8177022349048,CLOCK_MONOTONIC_NS,Field clock follows frozen XML semantics; host arrival is a separate observation clock and is not substituted for the field clock.,benchmark/extraction_runs/milestone6/PX4/message_inventory.json
PX4-M6-MC-SIHSIM-QUADX-I42-20260718,PX4,multicopter,8,LINK_NODE_STATUS,timestamp,ms,Timestamp (time since system boot).,1104000,37104000,"[1104000, 2104000, 3104000]",8147663914840,8184110293211,CLOCK_MONOTONIC_NS,Field clock follows frozen XML semantics; host arrival is a separate observation clock and is not substituted for the field clock.,benchmark/extraction_runs/milestone6/PX4/message_inventory.json
PX4-M6-MC-SIHSIM-QUADX-I42-20260718,PX4,multicopter,24,GPS_RAW_INT,time_usec,us,Timestamp (UNIX Epoch time or time since system boot). The receiving end can infer timestamp format (since 1.1.1970 or since system boot) by checking for the magnitude of the number.,384000,37008000,"[384000, 636000, 884000]",8147060457605,8184109857014,CLOCK_MONOTONIC_NS,Field clock follows frozen XML semantics; host arrival is a separate observation clock and is not substituted for the field clock.,benchmark/extraction_runs/milestone6/PX4/message_inventory.json
PX4-M6-MC-SIHSIM-QUADX-I42-20260718,PX4,multicopter,26,SCALED_IMU,time_boot_ms,ms,Timestamp (time since system boot).,30208,30208,[30208],8177133190652,8177133190652,CLOCK_MONOTONIC_NS,Field clock follows frozen XML semantics; host arrival is a separate observation clock and is not substituted for the field clock.,benchmark/extraction_runs/milestone6/PX4/message_inventory.json
PX4-M6-MC-SIHSIM-QUADX-I42-20260718,PX4,multicopter,29,SCALED_PRESSURE,time_boot_ms,ms,Timestamp (time since system boot).,908,36908,"[908, 1908, 2908]",8147663762331,8184110173838,CLOCK_MONOTONIC_NS,Field clock follows frozen XML semantics; host arrival is a separate observation clock and is not substituted for the field clock.,benchmark/extraction_runs/milestone6/PX4/message_inventory.json
PX4-M6-MC-SIHSIM-QUADX-I42-20260718,PX4,multicopter,30,ATTITUDE,time_boot_ms,ms,Timestamp (time since system boot).,1592,37132,"[1592, 1612, 1632]",8148161383099,8184142507313,CLOCK_MONOTONIC_NS,Field clock follows frozen XML semantics; host arrival is a separate observation clock and is not substituted for the field clock.,benchmark/extraction_runs/milestone6/PX4/message_inventory.json
PX4-M6-MC-SIHSIM-QUADX-I42-20260718,PX4,multicopter,31,ATTITUDE_QUATERNION,time_boot_ms,ms,Timestamp (time since system boot).,1592,37132,"[1592, 1612, 1632]",8148161483762,8184142651962,CLOCK_MONOTONIC_NS,Field clock follows frozen XML semantics; host arrival is a separate observation clock and is not substituted for the field clock.,benchmark/extraction_runs/milestone6/PX4/message_inventory.json
PX4-M6-MC-SIHSIM-QUADX-I42-20260718,PX4,multicopter,32,LOCAL_POSITION_NED,time_boot_ms,ms,Timestamp (time since system boot).,324,37140,"[324, 340, 364]",8146874074524,8184155463626,CLOCK_MONOTONIC_NS,Field clock follows frozen XML semantics; host arrival is a separate observation clock and is not substituted for the field clock.,benchmark/extraction_runs/milestone6/PX4/message_inventory.json
PX4-M6-MC-SIHSIM-QUADX-I42-20260718,PX4,multicopter,33,GLOBAL_POSITION_INT,time_boot_ms,ms,Timestamp (time since system boot).,2676,37132,"[2676, 2692, 2716]",8149254687482,8184145795729,CLOCK_MONOTONIC_NS,Field clock follows frozen XML semantics; host arrival is a separate observation clock and is not substituted for the field clock.,benchmark/extraction_runs/milestone6/PX4/message_inventory.json
PX4-M6-MC-SIHSIM-QUADX-I42-20260718,PX4,multicopter,36,SERVO_OUTPUT_RAW,time_usec,us,Timestamp (UNIX Epoch time or time since system boot). The receiving end can infer timestamp format (since 1.1.1970 or since system boot) by checking for the magnitude of the number.,316000,37136000,"[316000, 336000, 356000]",8146873702913,8184145877779,CLOCK_MONOTONIC_NS,Field clock follows frozen XML semantics; host arrival is a separate observation clock and is not substituted for the field clock.,benchmark/extraction_runs/milestone6/PX4/message_inventory.json
PX4-M6-MC-SIHSIM-QUADX-I42-20260718,PX4,multicopter,49,GPS_GLOBAL_ORIGIN,time_usec,us,Timestamp (UNIX Epoch time or time since system boot). The receiving end can infer timestamp format (since 1.1.1970 or since system boot) by checking for the magnitude of the number.,636000,636000,[636000],8147663427440,8177736091927,CLOCK_MONOTONIC_NS,Field clock follows frozen XML semantics; host arrival is a separate observation clock and is not substituted for the field clock.,benchmark/extraction_runs/milestone6/PX4/message_inventory.json
PX4-M6-MC-SIHSIM-QUADX-I42-20260718,PX4,multicopter,83,ATTITUDE_TARGET,time_boot_ms,ms,Timestamp (time since system boot).,324,37140,"[324, 340, 364]",8146873966595,8184155361551,CLOCK_MONOTONIC_NS,Field clock follows frozen XML semantics; host arrival is a separate observation clock and is not substituted for the field clock.,benchmark/extraction_runs/milestone6/PX4/message_inventory.json
PX4-M6-MC-SIHSIM-QUADX-I42-20260718,PX4,multicopter,85,POSITION_TARGET_LOCAL_NED,time_boot_ms,ms,Timestamp (time since system boot).,324,37140,"[324, 340, 364]",8146874133442,8184155510135,CLOCK_MONOTONIC_NS,Field clock follows frozen XML semantics; host arrival is a separate observation clock and is not substituted for the field clock.,benchmark/extraction_runs/milestone6/PX4/message_inventory.json
PX4-M6-MC-SIHSIM-QUADX-I42-20260718,PX4,multicopter,93,HIL_ACTUATOR_CONTROLS,time_usec,us,Timestamp (UNIX Epoch time or time since system boot). The receiving end can infer timestamp format (since 1.1.1970 or since system boot) by checking for the magnitude of the number.,31764000,31764000,[31764000],8178708905496,8178708905496,CLOCK_MONOTONIC_NS,Field clock follows frozen XML semantics; host arrival is a separate observation clock and is not substituted for the field clock.,benchmark/extraction_runs/milestone6/PX4/message_inventory.json
PX4-M6-MC-SIHSIM-QUADX-I42-20260718,PX4,multicopter,105,HIGHRES_IMU,time_usec,us,Timestamp (UNIX Epoch time or time since system boot). The receiving end can infer timestamp format (since 1.1.1970 or since system boot) by checking for the magnitude of the number.,31952000,31952000,[31952000],8178897704185,8178897704185,CLOCK_MONOTONIC_NS,Field clock follows frozen XML semantics; host arrival is a separate observation clock and is not substituted for the field clock.,benchmark/extraction_runs/milestone6/PX4/message_inventory.json
PX4-M6-MC-SIHSIM-QUADX-I42-20260718,PX4,multicopter,111,TIMESYNC,tc1,ns,Time sync timestamp 1. Syncing: 0. Responding: Timestamp of responding component.,0,0,[0],8179083122424,8179083122424,CLOCK_MONOTONIC_NS,Field clock follows frozen XML semantics; host arrival is a separate observation clock and is not substituted for the field clock.,benchmark/extraction_runs/milestone6/PX4/message_inventory.json
PX4-M6-MC-SIHSIM-QUADX-I42-20260718,PX4,multicopter,111,TIMESYNC,ts1,ns,Time sync timestamp 2. Timestamp of syncing component (mirrored in response).,32140000000,32140000000,[32140000000],8179083122424,8179083122424,CLOCK_MONOTONIC_NS,Field clock follows frozen XML semantics; host arrival is a separate observation clock and is not substituted for the field clock.,benchmark/extraction_runs/milestone6/PX4/message_inventory.json
PX4-M6-MC-SIHSIM-QUADX-I42-20260718,PX4,multicopter,115,HIL_STATE_QUATERNION,time_usec,us,Timestamp (UNIX Epoch time or time since system boot). The receiving end can infer timestamp format (since 1.1.1970 or since system boot) by checking for the magnitude of the number.,0,0,[0],8179207530924,8179207530924,CLOCK_MONOTONIC_NS,Field clock follows frozen XML semantics; host arrival is a separate observation clock and is not substituted for the field clock.,benchmark/extraction_runs/milestone6/PX4/message_inventory.json
PX4-M6-MC-SIHSIM-QUADX-I42-20260718,PX4,multicopter,132,DISTANCE_SENSOR,time_boot_ms,ms,Timestamp (time since system boot).,2100,36100,"[2100, 4100, 6100]",8148675468251,8183099004383,CLOCK_MONOTONIC_NS,Field clock follows frozen XML semantics; host arrival is a separate observation clock and is not substituted for the field clock.,benchmark/extraction_runs/milestone6/PX4/message_inventory.json
PX4-M6-MC-SIHSIM-QUADX-I42-20260718,PX4,multicopter,141,ALTITUDE,time_usec,us,Timestamp (UNIX Epoch time or time since system boot). The receiving end can infer timestamp format (since 1.1.1970 or since system boot) by checking for the magnitude of the number.,1104000,37104000,"[1104000, 2104000, 3104000]",8147663157739,8184109592758,CLOCK_MONOTONIC_NS,Field clock follows frozen XML semantics; host arrival is a separate observation clock and is not substituted for the field clock.,benchmark/extraction_runs/milestone6/PX4/message_inventory.json
PX4-M6-MC-SIHSIM-QUADX-I42-20260718,PX4,multicopter,147,BATTERY_STATUS,time_remaining,s,"Remaining battery time, 0: autopilot does not provide remaining battery time estimate",0,0,[0],8148675289015,8183098847491,CLOCK_MONOTONIC_NS,Field clock follows frozen XML semantics; host arrival is a separate observation clock and is not substituted for the field clock.,benchmark/extraction_runs/milestone6/PX4/message_inventory.json
PX4-M6-MC-SIHSIM-QUADX-I42-20260718,PX4,multicopter,230,ESTIMATOR_STATUS,time_usec,us,Timestamp (UNIX Epoch time or time since system boot). The receiving end can infer timestamp format (since 1.1.1970 or since system boot) by checking for the magnitude of the number.,2100000,36100000,"[2100000, 4100000, 6100000]",8148675585287,8183099050337,CLOCK_MONOTONIC_NS,Field clock follows frozen XML semantics; host arrival is a separate observation clock and is not substituted for the field clock.,benchmark/extraction_runs/milestone6/PX4/message_inventory.json
PX4-M6-MC-SIHSIM-QUADX-I42-20260718,PX4,multicopter,235,HIGH_LATENCY2,timestamp,ms,Timestamp (milliseconds since boot or Unix epoch),33568,33572,"[33568, 33572]",8180531973299,8180535191598,CLOCK_MONOTONIC_NS,Field clock follows frozen XML semantics; host arrival is a separate observation clock and is not substituted for the field clock.,benchmark/extraction_runs/milestone6/PX4/message_inventory.json
PX4-M6-MC-SIHSIM-QUADX-I42-20260718,PX4,multicopter,241,VIBRATION,time_usec,us,Timestamp (UNIX Epoch time or time since system boot). The receiving end can infer timestamp format (since 1.1.1970 or since system boot) by checking for the magnitude of the number.,10104000,33572000,"[10104000, 20104000, 30104000]",8156777729237,8180538429055,CLOCK_MONOTONIC_NS,Field clock follows frozen XML semantics; host arrival is a separate observation clock and is not substituted for the field clock.,benchmark/extraction_runs/milestone6/PX4/message_inventory.json
PX4-M6-MC-SIHSIM-QUADX-I42-20260718,PX4,multicopter,242,HOME_POSITION,time_usec,us,Timestamp (UNIX Epoch time or time since system boot). The receiving end can infer timestamp format (since 1.1.1970 or since system boot) by checking for the magnitude of the number.,2100000,3816000,"[2100000, 3816000]",8148675854199,8183099204629,CLOCK_MONOTONIC_NS,Field clock follows frozen XML semantics; host arrival is a separate observation clock and is not substituted for the field clock.,benchmark/extraction_runs/milestone6/PX4/message_inventory.json
PX4-M6-MC-SIHSIM-QUADX-I42-20260718,PX4,multicopter,261,STORAGE_INFORMATION,time_boot_ms,ms,Timestamp (time since system boot).,34128,34128,[34128],8181096350706,8181096350706,CLOCK_MONOTONIC_NS,Field clock follows frozen XML semantics; host arrival is a separate observation clock and is not substituted for the field clock.,benchmark/extraction_runs/milestone6/PX4/message_inventory.json
PX4-M6-MC-SIHSIM-QUADX-I42-20260718,PX4,multicopter,264,FLIGHT_INFORMATION,landing_time,ms,Timestamp at landing (in ms since system boot). Set to 0 at boot and on arming.,0,0,[0],8181178882670,8181178882670,CLOCK_MONOTONIC_NS,Field clock follows frozen XML semantics; host arrival is a separate observation clock and is not substituted for the field clock.,benchmark/extraction_runs/milestone6/PX4/message_inventory.json
PX4-M6-MC-SIHSIM-QUADX-I42-20260718,PX4,multicopter,264,FLIGHT_INFORMATION,time_boot_ms,ms,Timestamp (time since system boot).,34208,34208,[34208],8181178882670,8181178882670,CLOCK_MONOTONIC_NS,Field clock follows frozen XML semantics; host arrival is a separate observation clock and is not substituted for the field clock.,benchmark/extraction_runs/milestone6/PX4/message_inventory.json
PX4-M6-MC-SIHSIM-QUADX-I42-20260718,PX4,multicopter,286,AUTOPILOT_STATE_FOR_GIMBAL_DEVICE,time_boot_us,us,Timestamp (time since system boot).,34792000,34792000,[34792000],8181774992135,8181774992135,CLOCK_MONOTONIC_NS,Field clock follows frozen XML semantics; host arrival is a separate observation clock and is not substituted for the field clock.,benchmark/extraction_runs/milestone6/PX4/message_inventory.json
PX4-M6-MC-SIHSIM-QUADX-I42-20260718,PX4,multicopter,331,ODOMETRY,time_usec,us,Timestamp (UNIX Epoch time or time since system boot). The receiving end can infer timestamp format (since 1.1.1970 or since system boot) by checking for the magnitude of the number.,35372000,35372000,[35372000],8182363996566,8182363996566,CLOCK_MONOTONIC_NS,Field clock follows frozen XML semantics; host arrival is a separate observation clock and is not substituted for the field clock.,benchmark/extraction_runs/milestone6/PX4/message_inventory.json
PX4-M6-MC-SIHSIM-QUADX-I42-20260718,PX4,multicopter,375,ACTUATOR_OUTPUT_STATUS,time_usec,us,Timestamp (since system boot).,36028000,36028000,[36028000],8183025360399,8183025360399,CLOCK_MONOTONIC_NS,Field clock follows frozen XML semantics; host arrival is a separate observation clock and is not substituted for the field clock.,benchmark/extraction_runs/milestone6/PX4/message_inventory.json
PX4-M6-MC-SIHSIM-QUADX-I42-20260718,PX4,multicopter,395,COMPONENT_INFORMATION,time_boot_ms,ms,Timestamp (time since system boot).,36252,36252,[36252],8183247285682,8183247285682,CLOCK_MONOTONIC_NS,Field clock follows frozen XML semantics; host arrival is a separate observation clock and is not substituted for the field clock.,benchmark/extraction_runs/milestone6/PX4/message_inventory.json
PX4-M6-MC-SIHSIM-QUADX-I42-20260718,PX4,multicopter,397,COMPONENT_METADATA,time_boot_ms,ms,Timestamp (time since system boot).,36296,36296,[36296],8183292030179,8183292030179,CLOCK_MONOTONIC_NS,Field clock follows frozen XML semantics; host arrival is a separate observation clock and is not substituted for the field clock.,benchmark/extraction_runs/milestone6/PX4/message_inventory.json
PX4-M6-MC-SIHSIM-QUADX-I42-20260718,PX4,multicopter,410,EVENT,event_time_boot_ms,ms,Timestamp (time since system boot when the event happened).,2088,4128,"[2088, 4128]",8148659069212,8150728102155,CLOCK_MONOTONIC_NS,Field clock follows frozen XML semantics; host arrival is a separate observation clock and is not substituted for the field clock.,benchmark/extraction_runs/milestone6/PX4/message_inventory.json
PX4-M6-MC-SIHSIM-QUADX-I42-20260718,PX4,multicopter,12901,OPEN_DRONE_ID_LOCATION,timestamp,s,Seconds after the full hour with reference to UTC time. Typically the GPS outputs a time-of-week value in milliseconds. First convert that to UTC and then convert for this field using ((float) (time_week_ms % (60*60*1000))) / 1000. If unknown: 0xFFFF.,65535.0,65535.0,[65535.0],8147663544573,8184109933483,CLOCK_MONOTONIC_NS,Field clock follows frozen XML semantics; host arrival is a separate observation clock and is not substituted for the field clock.,benchmark/extraction_runs/milestone6/PX4/message_inventory.json
PX4-M6-MC-SIHSIM-QUADX-I42-20260718,PX4,multicopter,12901,OPEN_DRONE_ID_LOCATION,timestamp_accuracy,,The accuracy of the timestamps.,0,0,[0],8147663544573,8184109933483,CLOCK_MONOTONIC_NS,Field clock follows frozen XML semantics; host arrival is a separate observation clock and is not substituted for the field clock.,benchmark/extraction_runs/milestone6/PX4/message_inventory.json
PX4-M6-MC-SIHSIM-QUADX-I42-20260718,PX4,multicopter,12904,OPEN_DRONE_ID_SYSTEM,timestamp,s,32 bit Unix Timestamp in seconds since 00:00:00 01/01/2019.,2748666496,2748666496,[2748666496],8147663688940,8184110104304,CLOCK_MONOTONIC_NS,Field clock follows frozen XML semantics; host arrival is a separate observation clock and is not substituted for the field clock.,benchmark/extraction_runs/milestone6/PX4/message_inventory.json
