property_id,atomic_proposition,event_predicate,correlation_key,projection_rule,monitor_instantiation,source_mappings,auxiliary_source_urls,instrumentation_timing,observability
MQTT-KA-01,mqtt_client_outbound_window_started,The profiled client finishes transmitting one MQTT Control Packet on an active connection and commits next_msg_out for Keep Alive 60.,Mosquitto client instance + network-connection generation + direction; the fixed profile requires effective Keep Alive=60,"select one active connection generation with the fixed default profile, order completed and newly started outbound packets, then project the fixed AP alphabet","one correlated obligation instance per timed word; if the trigger can repeat, the adapter spawns a new projection keyed by timer/request generation","[{""mapping"": ""primary"", ""role"": ""primary property hook"", ""event_predicate"": ""The profiled client finishes transmitting one MQTT Control Packet on an active connection and commits next_msg_out for Keep Alive 60."", ""instrumentation_timing"": ""emit the trigger after packet completion updates next_msg_out; emit a start AP when the first byte is handed to the socket, or close after the connection state changes"", ""atomic_propositions"": [""mqtt_client_outbound_window_started"", ""mqtt_pingreq_started"", ""mqtt_other_control_packet_started""], ""repository"": ""eclipse-mosquitto/mosquitto"", ""commit"": ""672ae3e57f8b4e086f6ce2dec836734cc38258c3"", ""path"": ""lib/packet_mosq.c"", ""symbol"": ""packet__write"", ""lines"": ""227-358"", ""url"": ""https://github.com/eclipse-mosquitto/mosquitto/blob/672ae3e57f8b4e086f6ce2dec836734cc38258c3/lib/packet_mosq.c#L227-L358"", ""source_file_verified"": true, ""source_line_verified"": true, ""source_symbol_verified"": true}, {""mapping"": ""auxiliary:1"", ""role"": ""Keep Alive scheduling eligibility"", ""event_predicate"": ""The profiled client finishes transmitting one MQTT Control Packet on an active connection and commits next_msg_out for Keep Alive 60."", ""instrumentation_timing"": ""emit the trigger after packet completion updates next_msg_out; emit a start AP when the first byte is handed to the socket, or close after the connection state changes"", ""atomic_propositions"": [""mqtt_client_outbound_window_started"", ""mqtt_pingreq_started""], ""repository"": ""eclipse-mosquitto/mosquitto"", ""commit"": ""672ae3e57f8b4e086f6ce2dec836734cc38258c3"", ""path"": ""lib/util_mosq.c"", ""symbol"": ""mosquitto__check_keepalive"", ""lines"": ""62-143"", ""url"": ""https://github.com/eclipse-mosquitto/mosquitto/blob/672ae3e57f8b4e086f6ce2dec836734cc38258c3/lib/util_mosq.c#L62-L143"", ""source_file_verified"": true, ""source_line_verified"": true, ""source_symbol_verified"": true}]",{},"emit the trigger after packet completion updates next_msg_out; emit a start AP when the first byte is handed to the socket, or close after the connection state changes",HYBRID
MQTT-KA-01,mqtt_pingreq_started,The first byte of a PINGREQ for the correlated client connection starts transmission.,Mosquitto client instance + network-connection generation + direction; the fixed profile requires effective Keep Alive=60,"select one active connection generation with the fixed default profile, order completed and newly started outbound packets, then project the fixed AP alphabet","one correlated obligation instance per timed word; if the trigger can repeat, the adapter spawns a new projection keyed by timer/request generation","[{""mapping"": ""primary"", ""role"": ""primary property hook"", ""event_predicate"": ""The first byte of a PINGREQ for the correlated client connection starts transmission."", ""instrumentation_timing"": ""emit the trigger after packet completion updates next_msg_out; emit a start AP when the first byte is handed to the socket, or close after the connection state changes"", ""atomic_propositions"": [""mqtt_client_outbound_window_started"", ""mqtt_pingreq_started"", ""mqtt_other_control_packet_started""], ""repository"": ""eclipse-mosquitto/mosquitto"", ""commit"": ""672ae3e57f8b4e086f6ce2dec836734cc38258c3"", ""path"": ""lib/packet_mosq.c"", ""symbol"": ""packet__write"", ""lines"": ""227-358"", ""url"": ""https://github.com/eclipse-mosquitto/mosquitto/blob/672ae3e57f8b4e086f6ce2dec836734cc38258c3/lib/packet_mosq.c#L227-L358"", ""source_file_verified"": true, ""source_line_verified"": true, ""source_symbol_verified"": true}, {""mapping"": ""auxiliary:1"", ""role"": ""Keep Alive scheduling eligibility"", ""event_predicate"": ""The first byte of a PINGREQ for the correlated client connection starts transmission."", ""instrumentation_timing"": ""emit the trigger after packet completion updates next_msg_out; emit a start AP when the first byte is handed to the socket, or close after the connection state changes"", ""atomic_propositions"": [""mqtt_client_outbound_window_started"", ""mqtt_pingreq_started""], ""repository"": ""eclipse-mosquitto/mosquitto"", ""commit"": ""672ae3e57f8b4e086f6ce2dec836734cc38258c3"", ""path"": ""lib/util_mosq.c"", ""symbol"": ""mosquitto__check_keepalive"", ""lines"": ""62-143"", ""url"": ""https://github.com/eclipse-mosquitto/mosquitto/blob/672ae3e57f8b4e086f6ce2dec836734cc38258c3/lib/util_mosq.c#L62-L143"", ""source_file_verified"": true, ""source_line_verified"": true, ""source_symbol_verified"": true}]",{},"emit the trigger after packet completion updates next_msg_out; emit a start AP when the first byte is handed to the socket, or close after the connection state changes",HYBRID
MQTT-KA-01,mqtt_other_control_packet_started,The first byte of a non-PINGREQ MQTT Control Packet for that connection starts transmission.,Mosquitto client instance + network-connection generation + direction; the fixed profile requires effective Keep Alive=60,"select one active connection generation with the fixed default profile, order completed and newly started outbound packets, then project the fixed AP alphabet","one correlated obligation instance per timed word; if the trigger can repeat, the adapter spawns a new projection keyed by timer/request generation","[{""mapping"": ""primary"", ""role"": ""primary property hook"", ""event_predicate"": ""The first byte of a non-PINGREQ MQTT Control Packet for that connection starts transmission."", ""instrumentation_timing"": ""emit the trigger after packet completion updates next_msg_out; emit a start AP when the first byte is handed to the socket, or close after the connection state changes"", ""atomic_propositions"": [""mqtt_client_outbound_window_started"", ""mqtt_pingreq_started"", ""mqtt_other_control_packet_started""], ""repository"": ""eclipse-mosquitto/mosquitto"", ""commit"": ""672ae3e57f8b4e086f6ce2dec836734cc38258c3"", ""path"": ""lib/packet_mosq.c"", ""symbol"": ""packet__write"", ""lines"": ""227-358"", ""url"": ""https://github.com/eclipse-mosquitto/mosquitto/blob/672ae3e57f8b4e086f6ce2dec836734cc38258c3/lib/packet_mosq.c#L227-L358"", ""source_file_verified"": true, ""source_line_verified"": true, ""source_symbol_verified"": true}]",{},"emit the trigger after packet completion updates next_msg_out; emit a start AP when the first byte is handed to the socket, or close after the connection state changes",HYBRID
MQTT-KA-01,mqtt_network_connection_closed,"The correlated connection generation transitions from connected to inactive at net__socket_close; a broker Keep Alive reason, when present, is retained as an event field.",Mosquitto client instance + network-connection generation + direction; the fixed profile requires effective Keep Alive=60,"select one active connection generation with the fixed default profile, order completed and newly started outbound packets, then project the fixed AP alphabet","one correlated obligation instance per timed word; if the trigger can repeat, the adapter spawns a new projection keyed by timer/request generation","[{""mapping"": ""auxiliary:2"", ""role"": ""network connection generation close"", ""event_predicate"": ""The correlated connection generation transitions from connected to inactive at net__socket_close; a broker Keep Alive reason, when present, is retained as an event field."", ""instrumentation_timing"": ""emit the trigger after packet completion updates next_msg_out; emit a start AP when the first byte is handed to the socket, or close after the connection state changes"", ""atomic_propositions"": [""mqtt_network_connection_closed""], ""repository"": ""eclipse-mosquitto/mosquitto"", ""commit"": ""672ae3e57f8b4e086f6ce2dec836734cc38258c3"", ""path"": ""lib/net_mosq.c"", ""symbol"": ""net__socket_close"", ""lines"": ""214-267"", ""url"": ""https://github.com/eclipse-mosquitto/mosquitto/blob/672ae3e57f8b4e086f6ce2dec836734cc38258c3/lib/net_mosq.c#L214-L267"", ""source_file_verified"": true, ""source_line_verified"": true, ""source_symbol_verified"": true}]",{},"emit the trigger after packet completion updates next_msg_out; emit a start AP when the first byte is handed to the socket, or close after the connection state changes",HYBRID
MQTT-KA-02,mqtt_server_inbound_window_started,Mosquitto finishes receiving a valid MQTT Control Packet for an active non-bridge client and refreshes last_msg_in with effective Keep Alive 60.,broker listener + client identity + network-connection generation + inbound direction; effective Keep Alive=60,"derive the effective Keep Alive after CONNECT/CONNACK negotiation, select one non-bridge connection generation, then project refresh, receive, and close events","one correlated obligation instance per timed word; if the trigger can repeat, the adapter spawns a new projection keyed by timer/request generation","[{""mapping"": ""primary"", ""role"": ""primary property hook"", ""event_predicate"": ""Mosquitto finishes receiving a valid MQTT Control Packet for an active non-bridge client and refreshes last_msg_in with effective Keep Alive 60."", ""instrumentation_timing"": ""emit the trigger after last_msg_in is refreshed; emit receive after the next valid packet refresh, and emit close after do_disconnect changes the connection state"", ""atomic_propositions"": [""mqtt_server_inbound_window_started"", ""mqtt_client_control_packet_received""], ""repository"": ""eclipse-mosquitto/mosquitto"", ""commit"": ""672ae3e57f8b4e086f6ce2dec836734cc38258c3"", ""path"": ""lib/packet_mosq.c"", ""symbol"": ""packet__read"", ""lines"": ""361-589"", ""url"": ""https://github.com/eclipse-mosquitto/mosquitto/blob/672ae3e57f8b4e086f6ce2dec836734cc38258c3/lib/packet_mosq.c#L361-L589"", ""source_file_verified"": true, ""source_line_verified"": true, ""source_symbol_verified"": true}]",{},"emit the trigger after last_msg_in is refreshed; emit receive after the next valid packet refresh, and emit close after do_disconnect changes the connection state",HYBRID
MQTT-KA-02,mqtt_client_control_packet_received,A later valid MQTT Control Packet from that client is completely received and refreshes the same connection's Keep Alive state.,broker listener + client identity + network-connection generation + inbound direction; effective Keep Alive=60,"derive the effective Keep Alive after CONNECT/CONNACK negotiation, select one non-bridge connection generation, then project refresh, receive, and close events","one correlated obligation instance per timed word; if the trigger can repeat, the adapter spawns a new projection keyed by timer/request generation","[{""mapping"": ""primary"", ""role"": ""primary property hook"", ""event_predicate"": ""A later valid MQTT Control Packet from that client is completely received and refreshes the same connection's Keep Alive state."", ""instrumentation_timing"": ""emit the trigger after last_msg_in is refreshed; emit receive after the next valid packet refresh, and emit close after do_disconnect changes the connection state"", ""atomic_propositions"": [""mqtt_server_inbound_window_started"", ""mqtt_client_control_packet_received""], ""repository"": ""eclipse-mosquitto/mosquitto"", ""commit"": ""672ae3e57f8b4e086f6ce2dec836734cc38258c3"", ""path"": ""lib/packet_mosq.c"", ""symbol"": ""packet__read"", ""lines"": ""361-589"", ""url"": ""https://github.com/eclipse-mosquitto/mosquitto/blob/672ae3e57f8b4e086f6ce2dec836734cc38258c3/lib/packet_mosq.c#L361-L589"", ""source_file_verified"": true, ""source_line_verified"": true, ""source_symbol_verified"": true}]",{},"emit the trigger after last_msg_in is refreshed; emit receive after the next valid packet refresh, and emit close after do_disconnect changes the connection state",HYBRID
MQTT-KA-02,mqtt_network_connection_closed,"The correlated connection generation transitions from connected to inactive at net__socket_close; a broker Keep Alive reason, when present, is retained as an event field.",broker listener + client identity + network-connection generation + inbound direction; effective Keep Alive=60,"derive the effective Keep Alive after CONNECT/CONNACK negotiation, select one non-bridge connection generation, then project refresh, receive, and close events","one correlated obligation instance per timed word; if the trigger can repeat, the adapter spawns a new projection keyed by timer/request generation","[{""mapping"": ""auxiliary:1"", ""role"": ""broker Keep Alive expiry decision"", ""event_predicate"": ""The correlated connection generation transitions from connected to inactive at net__socket_close; a broker Keep Alive reason, when present, is retained as an event field."", ""instrumentation_timing"": ""emit the trigger after last_msg_in is refreshed; emit receive after the next valid packet refresh, and emit close after do_disconnect changes the connection state"", ""atomic_propositions"": [""mqtt_network_connection_closed""], ""repository"": ""eclipse-mosquitto/mosquitto"", ""commit"": ""672ae3e57f8b4e086f6ce2dec836734cc38258c3"", ""path"": ""src/keepalive.c"", ""symbol"": ""keepalive__check"", ""lines"": ""127-175"", ""url"": ""https://github.com/eclipse-mosquitto/mosquitto/blob/672ae3e57f8b4e086f6ce2dec836734cc38258c3/src/keepalive.c#L127-L175"", ""source_file_verified"": true, ""source_line_verified"": true, ""source_symbol_verified"": true}, {""mapping"": ""auxiliary:2"", ""role"": ""network connection generation close"", ""event_predicate"": ""The correlated connection generation transitions from connected to inactive at net__socket_close; a broker Keep Alive reason, when present, is retained as an event field."", ""instrumentation_timing"": ""emit the trigger after last_msg_in is refreshed; emit receive after the next valid packet refresh, and emit close after do_disconnect changes the connection state"", ""atomic_propositions"": [""mqtt_network_connection_closed""], ""repository"": ""eclipse-mosquitto/mosquitto"", ""commit"": ""672ae3e57f8b4e086f6ce2dec836734cc38258c3"", ""path"": ""lib/net_mosq.c"", ""symbol"": ""net__socket_close"", ""lines"": ""214-267"", ""url"": ""https://github.com/eclipse-mosquitto/mosquitto/blob/672ae3e57f8b4e086f6ce2dec836734cc38258c3/lib/net_mosq.c#L214-L267"", ""source_file_verified"": true, ""source_line_verified"": true, ""source_symbol_verified"": true}]",{},"emit the trigger after last_msg_in is refreshed; emit receive after the next valid packet refresh, and emit close after do_disconnect changes the connection state",HYBRID
MQTT-RTX-01,mqtt_publish_negative_ack_received,A valid PUBACK or PUBREC with Reason Code at least 0x80 matches an active outbound PUBLISH generation by Packet Identifier and removes or completes its stored state.,client/broker role + network-session generation + outbound direction + Packet Identifier + stored-message generation + QoS,match PUBACK/PUBREC to the active stored PUBLISH before projection and retain its generation identity after deletion so Packet Identifier reuse is not conflated,"one correlated obligation instance per timed word; if the trigger can repeat, the adapter spawns a new projection keyed by timer/request generation","[{""mapping"": ""primary"", ""role"": ""primary property hook"", ""event_predicate"": ""A valid PUBACK or PUBREC with Reason Code at least 0x80 matches an active outbound PUBLISH generation by Packet Identifier and removes or completes its stored state."", ""instrumentation_timing"": ""emit the trigger only after reason validation and successful message-state deletion; emit retransmission at the first byte of a later send for the retained generation identity"", ""atomic_propositions"": [""mqtt_publish_negative_ack_received""], ""repository"": ""eclipse-mosquitto/mosquitto"", ""commit"": ""672ae3e57f8b4e086f6ce2dec836734cc38258c3"", ""path"": ""lib/handle_pubrec.c"", ""symbol"": ""handle__pubrec"", ""lines"": ""93-125"", ""url"": ""https://github.com/eclipse-mosquitto/mosquitto/blob/672ae3e57f8b4e086f6ce2dec836734cc38258c3/lib/handle_pubrec.c#L93-L125"", ""source_file_verified"": true, ""source_line_verified"": true, ""source_symbol_verified"": true}, {""mapping"": ""auxiliary:1"", ""role"": ""negative PUBACK state completion"", ""event_predicate"": ""A valid PUBACK or PUBREC with Reason Code at least 0x80 matches an active outbound PUBLISH generation by Packet Identifier and removes or completes its stored state."", ""instrumentation_timing"": ""emit the trigger only after reason validation and successful message-state deletion; emit retransmission at the first byte of a later send for the retained generation identity"", ""atomic_propositions"": [""mqtt_publish_negative_ack_received""], ""repository"": ""eclipse-mosquitto/mosquitto"", ""commit"": ""672ae3e57f8b4e086f6ce2dec836734cc38258c3"", ""path"": ""lib/handle_pubackcomp.c"", ""symbol"": ""handle__pubackcomp"", ""lines"": ""41-168"", ""url"": ""https://github.com/eclipse-mosquitto/mosquitto/blob/672ae3e57f8b4e086f6ce2dec836734cc38258c3/lib/handle_pubackcomp.c#L41-L168"", ""source_file_verified"": true, ""source_line_verified"": true, ""source_symbol_verified"": true}]",{},emit the trigger only after reason validation and successful message-state deletion; emit retransmission at the first byte of a later send for the retained generation identity,HYBRID
MQTT-RTX-01,mqtt_same_publish_retransmitted,The sender starts another PUBLISH for that same stored message generation; a later legitimate Packet Identifier reuse for new content is not the same generation.,client/broker role + network-session generation + outbound direction + Packet Identifier + stored-message generation + QoS,match PUBACK/PUBREC to the active stored PUBLISH before projection and retain its generation identity after deletion so Packet Identifier reuse is not conflated,"one correlated obligation instance per timed word; if the trigger can repeat, the adapter spawns a new projection keyed by timer/request generation","[{""mapping"": ""auxiliary:2"", ""role"": ""later PUBLISH send for retained message generation"", ""event_predicate"": ""The sender starts another PUBLISH for that same stored message generation; a later legitimate Packet Identifier reuse for new content is not the same generation."", ""instrumentation_timing"": ""emit the trigger only after reason validation and successful message-state deletion; emit retransmission at the first byte of a later send for the retained generation identity"", ""atomic_propositions"": [""mqtt_same_publish_retransmitted""], ""repository"": ""eclipse-mosquitto/mosquitto"", ""commit"": ""672ae3e57f8b4e086f6ce2dec836734cc38258c3"", ""path"": ""lib/send_publish.c"", ""symbol"": ""send__publish / send__real_publish"", ""lines"": ""42-134;137-221"", ""url"": ""https://github.com/eclipse-mosquitto/mosquitto/blob/672ae3e57f8b4e086f6ce2dec836734cc38258c3/lib/send_publish.c#L42-L134"", ""source_file_verified"": true, ""source_line_verified"": true, ""source_symbol_verified"": true}]",{},emit the trigger only after reason validation and successful message-state deletion; emit retransmission at the first byte of a later send for the retained generation identity,HYBRID
