property_id,ap_id,binding_id,commit,file,line,column,symbol,semantic_identity,entity_kind,function,role,type,confidence,evidence
ARD-COPTER-GCS-001,ARD-COPTER-GCS-001-AP-01,ARD-COPTER-GCS-001-AP-01-B01,8f2e5db2efd69e4753b0bacb4d87fbe51566ba6e,baseline/ardupilot/libraries/GCS_MAVLink/GCS_Common.cpp,4357,,GCS_MAVLINK::handle_heartbeat,Accepted HEARTBEAT from a configured GCS system ID refreshes designated-GCS last-seen time.,MESSAGE_CONSUMER,GCS_MAVLINK::handle_heartbeat,CONSUMER,void(const mavlink_message_t&),EXACT,Lines 4359-4363 test sysid_is_gcs and call sysid_mygcs_seen(AP_HAL::millis()). Fixed permalink: https://github.com/ArduPilot/ardupilot/blob/8f2e5db2efd69e4753b0bacb4d87fbe51566ba6e/libraries/GCS_MAVLink/GCS_Common.cpp#L4357
ARD-COPTER-GCS-001,ARD-COPTER-GCS-001-AP-01,ARD-COPTER-GCS-001-AP-01-B02,8f2e5db2efd69e4753b0bacb4d87fbe51566ba6e,baseline/ardupilot/libraries/GCS_MAVLink/GCS_Common.cpp,4243,,MAVLINK_MSG_ID_RC_CHANNELS_OVERRIDE -> sysid_mygcs_seen,"Current implementation conflict: accepted RC_CHANNELS_OVERRIDE refreshes the shared last-seen clock, but it is not a normative designated-GCS heartbeat event.",MESSAGE_CONSUMER,GCS_MAVLINK::handle_rc_channels_override,CONSUMER,mavlink_rc_channels_override_t,MODELLED,"After GCS sysid validation and override application, line 4243 calls sysid_mygcs_seen(tnow). This path is retained to expose non-heartbeat interference, not as AP truth. Fixed permalink: https://github.com/ArduPilot/ardupilot/blob/8f2e5db2efd69e4753b0bacb4d87fbe51566ba6e/libraries/GCS_MAVLink/GCS_Common.cpp#L4243"
ARD-COPTER-GCS-001,ARD-COPTER-GCS-001-AP-01,ARD-COPTER-GCS-001-AP-01-B03,8f2e5db2efd69e4753b0bacb4d87fbe51566ba6e,baseline/ardupilot/libraries/GCS_MAVLink/GCS_Common.cpp,7655,,MAVLINK_MSG_ID_MANUAL_CONTROL -> sysid_mygcs_seen,"Current implementation conflict: accepted MANUAL_CONTROL refreshes the shared last-seen clock, but it is not a normative designated-GCS heartbeat event.",MESSAGE_CONSUMER,GCS_MAVLINK::handle_manual_control,CONSUMER,mavlink_manual_control_t,MODELLED,"Lines 7638-7647 validate GCS sysid and target; line 7655 records tnow as seen. This path is retained to expose non-heartbeat interference, not as AP truth. Fixed permalink: https://github.com/ArduPilot/ardupilot/blob/8f2e5db2efd69e4753b0bacb4d87fbe51566ba6e/libraries/GCS_MAVLink/GCS_Common.cpp#L7655"
ARD-COPTER-GCS-001,ARD-COPTER-GCS-001-AP-01,ARD-COPTER-GCS-001-AP-01-B04,8f2e5db2efd69e4753b0bacb4d87fbe51566ba6e,baseline/ardupilot/libraries/GCS_MAVLink/GCS_Common.cpp,7660,,GCS_MAVLINK::sysid_mygcs_seen,Shared implementation sink for aggregate GCS last-seen timestamps; it is not heartbeat-exclusive and therefore only models the normative heartbeat receipt state.,ASSIGNMENT,GCS_MAVLINK::sysid_mygcs_seen,WRITE,uint32_t milliseconds,MODELLED,Lines 7662-7663 write GCS::_sysid_gcs_last_seen_time_ms and GCS_MAVLINK::_sysid_gcs_last_seen_time_ms for heartbeat and non-heartbeat producers. Fixed permalink: https://github.com/ArduPilot/ardupilot/blob/8f2e5db2efd69e4753b0bacb4d87fbe51566ba6e/libraries/GCS_MAVLink/GCS_Common.cpp#L7660
ARD-COPTER-GCS-001,ARD-COPTER-GCS-001-AP-01,ARD-COPTER-GCS-001-AP-01-B05,8f2e5db2efd69e4753b0bacb4d87fbe51566ba6e,baseline/ardupilot/ArduCopter/events.cpp,140,,last_gcs_update_ms = millis() - gcs_last_seen_ms,Elapsed interval since the shared implementation last-seen state; it can model but cannot exactly prove the normative designated-heartbeat gap.,VARIABLE,Copter::failsafe_gcs_check,DERIVATION,const uint32_t milliseconds,MODELLED,Lines 133-141 read the aggregate timestamp and derive elapsed time and runtime timeout; the aggregate can include non-heartbeat refreshes. Fixed permalink: https://github.com/ArduPilot/ardupilot/blob/8f2e5db2efd69e4753b0bacb4d87fbe51566ba6e/ArduCopter/events.cpp#L140
ARD-COPTER-GCS-001,ARD-COPTER-GCS-001-AP-02,ARD-COPTER-GCS-001-AP-02-B01,8f2e5db2efd69e4753b0bacb4d87fbe51566ba6e,baseline/ardupilot/libraries/GCS_MAVLink/GCS.h,1359,,GCS::_sysid_gcs_last_seen_time_ms,"Aggregate current-source last-seen field. It is not heartbeat-exclusive, so nonzero only models designated-heartbeat history.",FIELD,,DEFINITION,uint32_t milliseconds,MODELLED,"GCS.h lines 1356-1359 define the aggregate field; heartbeat, RC override, and manual-control paths can write it. Fixed permalink: https://github.com/ArduPilot/ardupilot/blob/8f2e5db2efd69e4753b0bacb4d87fbe51566ba6e/libraries/GCS_MAVLink/GCS.h#L1359"
ARD-COPTER-GCS-001,ARD-COPTER-GCS-001-AP-02,ARD-COPTER-GCS-001-AP-02-B02,8f2e5db2efd69e4753b0bacb4d87fbe51566ba6e,baseline/ardupilot/ArduCopter/events.cpp,134,,gcs_last_seen_ms == 0,Aggregate implementation sentinel for no shared GCS refresh; it is not an exact sentinel for no designated heartbeat.,OTHER,Copter::failsafe_gcs_check,GUARD,bool over uint32_t,MODELLED,Lines 133-136 return when the aggregate last-seen timestamp is zero; non-heartbeat refreshes can make it nonzero. Fixed permalink: https://github.com/ArduPilot/ardupilot/blob/8f2e5db2efd69e4753b0bacb4d87fbe51566ba6e/ArduCopter/events.cpp#L134
ARD-COPTER-GCS-001,ARD-COPTER-GCS-001-AP-02,ARD-COPTER-GCS-001-AP-02-B03,8f2e5db2efd69e4753b0bacb4d87fbe51566ba6e,baseline/ardupilot/libraries/GCS_MAVLink/GCS_Common.cpp,7662,,gcs().sysid_mygcs_seen(seen_time_ms),Shared aggregate write sink reached by the normative heartbeat handler and non-normative refresh paths; only a model for heartbeat-seen history.,ASSIGNMENT,GCS_MAVLINK::sysid_mygcs_seen,WRITE,uint32_t milliseconds,MODELLED,"This is the common sink reached by HEARTBEAT, RC_CHANNELS_OVERRIDE, and MANUAL_CONTROL consumers; exact heartbeat history must be separated upstream. Fixed permalink: https://github.com/ArduPilot/ardupilot/blob/8f2e5db2efd69e4753b0bacb4d87fbe51566ba6e/libraries/GCS_MAVLink/GCS_Common.cpp#L7662"
ARD-COPTER-GCS-001,ARD-COPTER-GCS-001-AP-03,ARD-COPTER-GCS-001-AP-03-B01,8f2e5db2efd69e4753b0bacb4d87fbe51566ba6e,baseline/ardupilot/ArduCopter/Parameters.cpp,102,,FS_GCS_ENABLE / Parameters::failsafe_gcs,Runtime enum selecting disabled or a GCS failsafe response class.,PARAMETER,,DEFINITION,AP_Enum<Parameters::FS_GCS_Action>,EXACT,GSCALAR registers FS_GCS_ENABLE; enum and field are declared at Parameters.h:407-418. Fixed permalink: https://github.com/ArduPilot/ardupilot/blob/8f2e5db2efd69e4753b0bacb4d87fbe51566ba6e/ArduCopter/Parameters.cpp#L102
ARD-COPTER-GCS-001,ARD-COPTER-GCS-001-AP-03,ARD-COPTER-GCS-001-AP-03-B02,8f2e5db2efd69e4753b0bacb4d87fbe51566ba6e,baseline/ardupilot/ArduCopter/events.cpp,129,,g.failsafe_gcs == FS_GCS_Action::DISABLED,Direct event-enable guard; disabled bypasses GCS failsafe evaluation.,OTHER,Copter::failsafe_gcs_check,GUARD,bool,EXACT,Lines 128-135 bypass when disabled or never connected. Fixed permalink: https://github.com/ArduPilot/ardupilot/blob/8f2e5db2efd69e4753b0bacb4d87fbe51566ba6e/ArduCopter/events.cpp#L129
ARD-COPTER-GCS-001,ARD-COPTER-GCS-001-AP-03,ARD-COPTER-GCS-001-AP-03-B03,8f2e5db2efd69e4753b0bacb4d87fbe51566ba6e,baseline/ardupilot/ArduCopter/Parameters.cpp,787,,FS_OPTIONS / ParametersG2::fs_options,"Bitmask used to allow continuation in landing, Auto, or pilot-controlled modes after a failsafe event.",PARAMETER,,DEFINITION,AP_Int32,EXACT,AP_GROUPINFO registers FS_OPTIONS; option use is at events.cpp:213-226. Fixed permalink: https://github.com/ArduPilot/ardupilot/blob/8f2e5db2efd69e4753b0bacb4d87fbe51566ba6e/ArduCopter/Parameters.cpp#L787
ARD-COPTER-GCS-001,ARD-COPTER-GCS-001-AP-03,ARD-COPTER-GCS-001-AP-03-B04,8f2e5db2efd69e4753b0bacb4d87fbe51566ba6e,baseline/ardupilot/ArduCopter/events.cpp,170,,switch ((FS_GCS_Action)g.failsafe_gcs),Maps FS_GCS_ENABLE to the candidate FailsafeAction.,FUNCTION,Copter::failsafe_gcs_on_event,DERIVATION,FailsafeAction,EXACT,"Lines 170-195 map enum values to RTL, SmartRTL, Land, Auto land-start, or Brake/Land actions. Fixed permalink: https://github.com/ArduPilot/ardupilot/blob/8f2e5db2efd69e4753b0bacb4d87fbe51566ba6e/ArduCopter/events.cpp#L170"
ARD-COPTER-GCS-001,ARD-COPTER-GCS-001-AP-03,ARD-COPTER-GCS-001-AP-03-B05,8f2e5db2efd69e4753b0bacb4d87fbe51566ba6e,baseline/ardupilot/ArduCopter/events.cpp,197,,GCS failsafe response deviation conditions,"Armed, ground, landing, Auto, pilot-control, battery-failsafe, and FS_OPTIONS state can replace or suppress the selected response.",FUNCTION,Copter::failsafe_gcs_on_event,DERIVATION,FailsafeAction,EXACT,Lines 197-232 derive the final desired_action and call do_failsafe_action. Fixed permalink: https://github.com/ArduPilot/ardupilot/blob/8f2e5db2efd69e4753b0bacb4d87fbe51566ba6e/ArduCopter/events.cpp#L197
ARD-COPTER-GCS-001,ARD-COPTER-GCS-001-AP-04,ARD-COPTER-GCS-001-AP-04-B01,8f2e5db2efd69e4753b0bacb4d87fbe51566ba6e,baseline/ardupilot/ArduCopter/events.cpp,155,,new GCS failsafe branch,Detects elapsed time above timeout while the GCS failsafe flag is false and initiates the event.,EVENT,Copter::failsafe_gcs_check,PRODUCER,bool edge,EXACT,Lines 155-158 call set_failsafe_gcs(true) then failsafe_gcs_on_event(). Fixed permalink: https://github.com/ArduPilot/ardupilot/blob/8f2e5db2efd69e4753b0bacb4d87fbe51566ba6e/ArduCopter/events.cpp#L155
ARD-COPTER-GCS-001,ARD-COPTER-GCS-001-AP-04,ARD-COPTER-GCS-001-AP-04-B02,8f2e5db2efd69e4753b0bacb4d87fbe51566ba6e,baseline/ardupilot/ArduCopter/AP_State.cpp,75,,Copter::failsafe.gcs = b,Canonical vehicle-local GCS failsafe state write.,ASSIGNMENT,Copter::set_failsafe_gcs,WRITE,uint8_t bit-field interpreted as bool,EXACT,Copter.h:403 declares the bit; AP_State.cpp:73-79 writes it and its AP_Notify mirror. Fixed permalink: https://github.com/ArduPilot/ardupilot/blob/8f2e5db2efd69e4753b0bacb4d87fbe51566ba6e/ArduCopter/AP_State.cpp#L75
ARD-COPTER-GCS-001,ARD-COPTER-GCS-001-AP-04,ARD-COPTER-GCS-001-AP-04-B03,8f2e5db2efd69e4753b0bacb4d87fbe51566ba6e,baseline/ardupilot/ArduCopter/AP_State.cpp,78,,AP_Notify::flags.failsafe_gcs = b,Global notification mirror of the vehicle-local GCS failsafe state.,ASSIGNMENT,Copter::set_failsafe_gcs,OBSERVATION_SITE,bool,MAY,"The mirror is exact for this setter but is a shared notification surface, not the canonical Copter field. Fixed permalink: https://github.com/ArduPilot/ardupilot/blob/8f2e5db2efd69e4753b0bacb4d87fbe51566ba6e/ArduCopter/AP_State.cpp#L78"
ARD-COPTER-GCS-001,ARD-COPTER-GCS-001-AP-04,ARD-COPTER-GCS-001-AP-04-B04,8f2e5db2efd69e4753b0bacb4d87fbe51566ba6e,baseline/ardupilot/ArduCopter/events.cpp,165,,"LOGGER_WRITE_ERROR(FAILSAFE_GCS, FAILSAFE_OCCURRED)",DataFlash log producer for occurrence of the GCS failsafe response handler.,MESSAGE_PRODUCER,Copter::failsafe_gcs_on_event,PRODUCER,LogErrorSubsystem/LogErrorCode,EXACT,The first operation in failsafe_gcs_on_event records FAILSAFE_GCS/FAILSAFE_OCCURRED. Fixed permalink: https://github.com/ArduPilot/ardupilot/blob/8f2e5db2efd69e4753b0bacb4d87fbe51566ba6e/ArduCopter/events.cpp#L165
ARD-COPTER-GUID-002,ARD-COPTER-GUID-002-AP-01,ARD-COPTER-GUID-002-AP-01-B01,8f2e5db2efd69e4753b0bacb4d87fbe51566ba6e,baseline/ardupilot/ArduCopter/GCS_MAVLink_Copter.cpp,890,,GCS_MAVLINK_Copter::handle_message_set_attitude_target,"Validates Guided mode, type mask, quaternion, body rates, and thrust before calling ModeGuided::set_angle.",MESSAGE_CONSUMER,GCS_MAVLINK_Copter::handle_message_set_attitude_target,CONSUMER,mavlink_set_attitude_target_t,EXACT,Lines 890-963 decode and validate the packet; line 962 calls set_angle. Fixed permalink: https://github.com/ArduPilot/ardupilot/blob/8f2e5db2efd69e4753b0bacb4d87fbe51566ba6e/ArduCopter/GCS_MAVLink_Copter.cpp#L890
ARD-COPTER-GUID-002,ARD-COPTER-GUID-002-AP-01,ARD-COPTER-GUID-002-AP-01-B02,8f2e5db2efd69e4753b0bacb4d87fbe51566ba6e,baseline/ardupilot/ArduCopter/GCS_MAVLink_Copter.cpp,966,,GCS_MAVLINK_Copter::handle_message_set_position_target_local_ned,"Validates local frame and type mask, then dispatches accepted position/velocity/acceleration combinations.",MESSAGE_CONSUMER,GCS_MAVLINK_Copter::handle_message_set_position_target_local_ned,CONSUMER,mavlink_set_position_target_local_ned_t,EXACT,Lines 966-1074 validate; lines 1063-1070 dispatch supported combinations. Fixed permalink: https://github.com/ArduPilot/ardupilot/blob/8f2e5db2efd69e4753b0bacb4d87fbe51566ba6e/ArduCopter/GCS_MAVLink_Copter.cpp#L966
ARD-COPTER-GUID-002,ARD-COPTER-GUID-002-AP-01,ARD-COPTER-GUID-002-AP-01-B03,8f2e5db2efd69e4753b0bacb4d87fbe51566ba6e,baseline/ardupilot/ArduCopter/GCS_MAVLink_Copter.cpp,1077,,GCS_MAVLINK_Copter::handle_message_set_position_target_global_int,Validates global target inputs and dispatches accepted position/velocity/acceleration combinations.,MESSAGE_CONSUMER,GCS_MAVLINK_Copter::handle_message_set_position_target_global_int,CONSUMER,mavlink_set_position_target_global_int_t,EXACT,"Lines 1077-1173 decode, validate, and dispatch accepted combinations. Fixed permalink: https://github.com/ArduPilot/ardupilot/blob/8f2e5db2efd69e4753b0bacb4d87fbe51566ba6e/ArduCopter/GCS_MAVLink_Copter.cpp#L1077"
ARD-COPTER-GUID-002,ARD-COPTER-GUID-002-AP-01,ARD-COPTER-GUID-002-AP-01-B04,8f2e5db2efd69e4753b0bacb4d87fbe51566ba6e,baseline/ardupilot/ArduCopter/mode_guided.cpp,569,,update_time_ms = millis(),Receipt-clock update for accepted acceleration-only targets.,ASSIGNMENT,ModeGuided::set_accel_NED_mss,WRITE,static uint32_t milliseconds,EXACT,"Lines 554-569 select Accel submode, store targets, and update time. Fixed permalink: https://github.com/ArduPilot/ardupilot/blob/8f2e5db2efd69e4753b0bacb4d87fbe51566ba6e/ArduCopter/mode_guided.cpp#L569"
ARD-COPTER-GUID-002,ARD-COPTER-GUID-002-AP-01,ARD-COPTER-GUID-002-AP-01-B05,8f2e5db2efd69e4753b0bacb4d87fbe51566ba6e,baseline/ardupilot/ArduCopter/mode_guided.cpp,601,,update_time_ms = millis(),Receipt-clock update for accepted velocity-plus-acceleration targets.,ASSIGNMENT,ModeGuided::set_vel_accel_NED_m,WRITE,static uint32_t milliseconds,EXACT,"Lines 586-601 select VelAccel submode, store targets, and update time. Fixed permalink: https://github.com/ArduPilot/ardupilot/blob/8f2e5db2efd69e4753b0bacb4d87fbe51566ba6e/ArduCopter/mode_guided.cpp#L601"
ARD-COPTER-GUID-002,ARD-COPTER-GUID-002-AP-01,ARD-COPTER-GUID-002-AP-01-B06,8f2e5db2efd69e4753b0bacb4d87fbe51566ba6e,baseline/ardupilot/ArduCopter/mode_guided.cpp,638,,update_time_ms = millis(),Receipt-clock update for accepted position-velocity-acceleration targets.,ASSIGNMENT,ModeGuided::set_pos_vel_accel_NED_m,WRITE,static uint32_t milliseconds,EXACT,Lines 617-642 validate/store the combined target and update time. Fixed permalink: https://github.com/ArduPilot/ardupilot/blob/8f2e5db2efd69e4753b0bacb4d87fbe51566ba6e/ArduCopter/mode_guided.cpp#L638
ARD-COPTER-GUID-002,ARD-COPTER-GUID-002-AP-01,ARD-COPTER-GUID-002-AP-01-B07,8f2e5db2efd69e4753b0bacb4d87fbe51566ba6e,baseline/ardupilot/ArduCopter/mode_guided.cpp,704,,guided_angle_state.update_time_ms = millis(),Receipt-clock update for accepted attitude/angular-rate targets.,ASSIGNMENT,ModeGuided::set_angle,WRITE,uint32_t milliseconds,EXACT,"Lines 682-704 select Angle submode, store targets, and update the separate angle timestamp. Fixed permalink: https://github.com/ArduPilot/ardupilot/blob/8f2e5db2efd69e4753b0bacb4d87fbe51566ba6e/ArduCopter/mode_guided.cpp#L704"
ARD-COPTER-GUID-002,ARD-COPTER-GUID-002-AP-02,ARD-COPTER-GUID-002-AP-02-B01,8f2e5db2efd69e4753b0bacb4d87fbe51566ba6e,baseline/ardupilot/ArduCopter/mode.h,1163,,ModeGuided::SubMode,"Internal enum for TakeOff, WP, Pos, PosVelAccel, VelAccel, Accel, and Angle controllers.",FIELD,,DEFINITION,enum class ModeGuided::SubMode,EXACT,mode.h:1163-1171 defines the variants; mode.h:1236 stores guided_mode. Fixed permalink: https://github.com/ArduPilot/ardupilot/blob/8f2e5db2efd69e4753b0bacb4d87fbe51566ba6e/ArduCopter/mode.h#L1163
ARD-COPTER-GUID-002,ARD-COPTER-GUID-002-AP-02,ARD-COPTER-GUID-002-AP-02-B02,8f2e5db2efd69e4753b0bacb4d87fbe51566ba6e,baseline/ardupilot/ArduCopter/mode_guided.cpp,287,,guided_mode = SubMode::Accel,Activates acceleration-only Guided control.,ASSIGNMENT,ModeGuided::accel_control_start,WRITE,ModeGuided::SubMode,EXACT,accel_control_start assigns Accel before initializing PVA control. Fixed permalink: https://github.com/ArduPilot/ardupilot/blob/8f2e5db2efd69e4753b0bacb4d87fbe51566ba6e/ArduCopter/mode_guided.cpp#L287
ARD-COPTER-GUID-002,ARD-COPTER-GUID-002-AP-02,ARD-COPTER-GUID-002-AP-02-B03,8f2e5db2efd69e4753b0bacb4d87fbe51566ba6e,baseline/ardupilot/ArduCopter/mode_guided.cpp,297,,guided_mode = SubMode::VelAccel,Activates velocity-plus-acceleration Guided control.,ASSIGNMENT,ModeGuided::velaccel_control_start,WRITE,ModeGuided::SubMode,EXACT,velaccel_control_start assigns VelAccel before initializing PVA control. Fixed permalink: https://github.com/ArduPilot/ardupilot/blob/8f2e5db2efd69e4753b0bacb4d87fbe51566ba6e/ArduCopter/mode_guided.cpp#L297
ARD-COPTER-GUID-002,ARD-COPTER-GUID-002-AP-02,ARD-COPTER-GUID-002-AP-02-B04,8f2e5db2efd69e4753b0bacb4d87fbe51566ba6e,baseline/ardupilot/ArduCopter/mode_guided.cpp,307,,guided_mode = SubMode::PosVelAccel,Activates combined position-velocity-acceleration Guided control.,ASSIGNMENT,ModeGuided::posvelaccel_control_start,WRITE,ModeGuided::SubMode,EXACT,posvelaccel_control_start assigns PosVelAccel before initializing PVA control. Fixed permalink: https://github.com/ArduPilot/ardupilot/blob/8f2e5db2efd69e4753b0bacb4d87fbe51566ba6e/ArduCopter/mode_guided.cpp#L307
ARD-COPTER-GUID-002,ARD-COPTER-GUID-002-AP-02,ARD-COPTER-GUID-002-AP-02-B05,8f2e5db2efd69e4753b0bacb4d87fbe51566ba6e,baseline/ardupilot/ArduCopter/mode_guided.cpp,346,,guided_mode = SubMode::Angle,Activates attitude and/or angular-rate Guided control.,ASSIGNMENT,ModeGuided::angle_control_start,WRITE,ModeGuided::SubMode,EXACT,angle_control_start assigns Angle and initializes its timestamp and targets. Fixed permalink: https://github.com/ArduPilot/ardupilot/blob/8f2e5db2efd69e4753b0bacb4d87fbe51566ba6e/ArduCopter/mode_guided.cpp#L346
ARD-COPTER-GUID-002,ARD-COPTER-GUID-002-AP-03,ARD-COPTER-GUID-002-AP-03-B01,8f2e5db2efd69e4753b0bacb4d87fbe51566ba6e,baseline/ardupilot/ArduCopter/mode_guided.cpp,1195,,ModeGuided::get_timeout_ms,Converts runtime GUID_TIMEOUT to a minimum 0.1-second timeout in milliseconds.,FUNCTION,ModeGuided::get_timeout_ms,DERIVATION,uint32_t milliseconds,EXACT,"Line 1197 returns MAX(copter.g2.guided_timeout, 0.1) * 1000. Fixed permalink: https://github.com/ArduPilot/ardupilot/blob/8f2e5db2efd69e4753b0bacb4d87fbe51566ba6e/ArduCopter/mode_guided.cpp#L1195"
ARD-COPTER-GUID-002,ARD-COPTER-GUID-002-AP-03,ARD-COPTER-GUID-002-AP-03-B02,8f2e5db2efd69e4753b0bacb4d87fbe51566ba6e,baseline/ardupilot/ArduCopter/mode_guided.cpp,796,,Accel timeout response,"On timeout, zeros velocity and acceleration targets and immediately feeds zero targets to both position-controller axes.",ASSIGNMENT,ModeGuided::accel_control_run,WRITE,Vector3f target reset,EXACT,Lines 796-803 execute the zero-target response while the strict greater-than guard remains true. Fixed permalink: https://github.com/ArduPilot/ardupilot/blob/8f2e5db2efd69e4753b0bacb4d87fbe51566ba6e/ArduCopter/mode_guided.cpp#L796
ARD-COPTER-GUID-002,ARD-COPTER-GUID-002-AP-03,ARD-COPTER-GUID-002-AP-03-B03,8f2e5db2efd69e4753b0bacb4d87fbe51566ba6e,baseline/ardupilot/ArduCopter/mode_guided.cpp,841,,tnow - update_time_ms > get_timeout_ms(),"On timeout, zeros velocity and acceleration targets and changes rate/angle-rate yaw to hold.",ASSIGNMENT,ModeGuided::velaccel_control_run,WRITE,Vector3f target reset,EXACT,Lines 841-846 apply the response. Fixed permalink: https://github.com/ArduPilot/ardupilot/blob/8f2e5db2efd69e4753b0bacb4d87fbe51566ba6e/ArduCopter/mode_guided.cpp#L841
ARD-COPTER-GUID-002,ARD-COPTER-GUID-002-AP-03,ARD-COPTER-GUID-002-AP-03-B04,8f2e5db2efd69e4753b0bacb4d87fbe51566ba6e,baseline/ardupilot/ArduCopter/mode_guided.cpp,926,,tnow - update_time_ms > get_timeout_ms(),"On timeout, zeros velocity and acceleration targets while retaining/adjusting position according to stabilization options.",ASSIGNMENT,ModeGuided::posvelaccel_control_run,WRITE,Vector3f target reset,EXACT,Lines 926-931 apply target and yaw response; lines 934-959 feed controller targets. Fixed permalink: https://github.com/ArduPilot/ardupilot/blob/8f2e5db2efd69e4753b0bacb4d87fbe51566ba6e/ArduCopter/mode_guided.cpp#L926
ARD-COPTER-GUID-002,ARD-COPTER-GUID-002-AP-03,ARD-COPTER-GUID-002-AP-03-B05,8f2e5db2efd69e4753b0bacb4d87fbe51566ba6e,baseline/ardupilot/ArduCopter/mode_guided.cpp,984,,Angle timeout response,"On timeout, commands level roll/pitch with current target yaw, zeros angular velocity and climb rate, and exits direct-thrust mode.",ASSIGNMENT,ModeGuided::angle_control_run,WRITE,Quaternion/Vector3f/float/bool reset,EXACT,Lines 984-992 perform the attitude/rate response. Fixed permalink: https://github.com/ArduPilot/ardupilot/blob/8f2e5db2efd69e4753b0bacb4d87fbe51566ba6e/ArduCopter/mode_guided.cpp#L984
ARD-COPTER-RTL-003,ARD-COPTER-RTL-003-AP-01,ARD-COPTER-RTL-003-AP-01-B01,8f2e5db2efd69e4753b0bacb4d87fbe51566ba6e,baseline/ardupilot/ArduCopter/mode_rtl.cpp,148,,RETURN_HOME -> loiterathome_start,State-machine transition call after RETURN_HOME reports complete.,EVENT,ModeRTL::run,PRODUCER,ModeRTL::SubMode transition,EXACT,Lines 138-150 dispatch loiterathome_start when _state_complete is true in RETURN_HOME. Fixed permalink: https://github.com/ArduPilot/ardupilot/blob/8f2e5db2efd69e4753b0bacb4d87fbe51566ba6e/ArduCopter/mode_rtl.cpp#L148
ARD-COPTER-RTL-003,ARD-COPTER-RTL-003-AP-01,ARD-COPTER-RTL-003-AP-01-B02,8f2e5db2efd69e4753b0bacb4d87fbe51566ba6e,baseline/ardupilot/ArduCopter/mode_rtl.cpp,258,,_state = SubMode::LOITER_AT_HOME,Canonical internal sub-state write for entering the Home loiter stage.,ASSIGNMENT,ModeRTL::loiterathome_start,WRITE,ModeRTL::SubMode,EXACT,loiterathome_start writes the state and clears _state_complete. Fixed permalink: https://github.com/ArduPilot/ardupilot/blob/8f2e5db2efd69e4753b0bacb4d87fbe51566ba6e/ArduCopter/mode_rtl.cpp#L258
ARD-COPTER-RTL-003,ARD-COPTER-RTL-003-AP-01,ARD-COPTER-RTL-003-AP-01-B03,8f2e5db2efd69e4753b0bacb4d87fbe51566ba6e,baseline/ardupilot/ArduCopter/mode_rtl.cpp,260,,_loiter_start_time = millis(),Autopilot monotonic-boot epoch for this LOITER_AT_HOME entry.,ASSIGNMENT,ModeRTL::loiterathome_start,WRITE,uint32_t milliseconds,EXACT,The timer is initialized in the same function immediately after the state write. Fixed permalink: https://github.com/ArduPilot/ardupilot/blob/8f2e5db2efd69e4753b0bacb4d87fbe51566ba6e/ArduCopter/mode_rtl.cpp#L260
ARD-COPTER-RTL-003,ARD-COPTER-RTL-003-AP-02,ARD-COPTER-RTL-003-AP-02-B01,8f2e5db2efd69e4753b0bacb4d87fbe51566ba6e,baseline/ardupilot/ArduCopter/mode.h,1534,,ModeRTL::SubMode and ModeRTL::_state,Internal RTL state enum and current-state field; LOITER_AT_HOME is the timed stage.,FIELD,,DEFINITION,enum class ModeRTL::SubMode : uint8_t,EXACT,mode.h:1534-1542 defines enum/accessor and mode.h:1603 stores _state. Fixed permalink: https://github.com/ArduPilot/ardupilot/blob/8f2e5db2efd69e4753b0bacb4d87fbe51566ba6e/ArduCopter/mode.h#L1534
ARD-COPTER-RTL-003,ARD-COPTER-RTL-003-AP-02,ARD-COPTER-RTL-003-AP-02-B02,8f2e5db2efd69e4753b0bacb4d87fbe51566ba6e,baseline/ardupilot/ArduCopter/mode_rtl.cpp,462,,rtl_path.land = alt_final_m.get() <= 0,Path-selection field: true chooses direct landing after loiter; false permits FINAL_DESCENT when radio failsafe is also false.,ASSIGNMENT,ModeRTL::build_path,WRITE,bool,EXACT,build_path derives land from runtime RTL_ALT_FINAL_M. Fixed permalink: https://github.com/ArduPilot/ardupilot/blob/8f2e5db2efd69e4753b0bacb4d87fbe51566ba6e/ArduCopter/mode_rtl.cpp#L462
ARD-COPTER-RTL-003,ARD-COPTER-RTL-003-AP-02,ARD-COPTER-RTL-003-AP-02-B03,8f2e5db2efd69e4753b0bacb4d87fbe51566ba6e,baseline/ardupilot/ArduCopter/mode_rtl.cpp,152,,rtl_path.land || copter.failsafe.radio,Transition guard selecting LAND versus FINAL_DESCENT after Home loiter completes.,OTHER,ModeRTL::run,GUARD,bool,EXACT,Lines 151-156 call land_start on true and descent_start on false. Fixed permalink: https://github.com/ArduPilot/ardupilot/blob/8f2e5db2efd69e4753b0bacb4d87fbe51566ba6e/ArduCopter/mode_rtl.cpp#L152
ARD-COPTER-RTL-003,ARD-COPTER-RTL-003-AP-02,ARD-COPTER-RTL-003-AP-02-B04,8f2e5db2efd69e4753b0bacb4d87fbe51566ba6e,baseline/ardupilot/ArduCopter/mode_rtl.cpp,134,,motors->armed(),RTL run stops state progression when motors are not armed.,OTHER,ModeRTL::run,GUARD,bool,EXACT,Lines 132-136 return immediately when disarmed. Fixed permalink: https://github.com/ArduPilot/ardupilot/blob/8f2e5db2efd69e4753b0bacb4d87fbe51566ba6e/ArduCopter/mode_rtl.cpp#L134
ARD-COPTER-RTL-003,ARD-COPTER-RTL-003-AP-03,ARD-COPTER-RTL-003-AP-03-B01,8f2e5db2efd69e4753b0bacb4d87fbe51566ba6e,baseline/ardupilot/ArduCopter/mode_rtl.cpp,294,,RTL loiter completion guard,"After elapsed RTL_LOIT_TIME and yaw-reset completion, sets _state_complete true.",OTHER,ModeRTL::loiterathome_run,GUARD,bool over uint32_t milliseconds,EXACT,Lines 294-304 compare elapsed time with runtime rtl_loiter_time and complete the stage. Fixed permalink: https://github.com/ArduPilot/ardupilot/blob/8f2e5db2efd69e4753b0bacb4d87fbe51566ba6e/ArduCopter/mode_rtl.cpp#L294
ARD-COPTER-RTL-003,ARD-COPTER-RTL-003-AP-03,ARD-COPTER-RTL-003-AP-03-B02,8f2e5db2efd69e4753b0bacb4d87fbe51566ba6e,baseline/ardupilot/ArduCopter/mode_rtl.cpp,155,,descent_start(),"State-machine producer chosen when Home loiter is complete, rtl_path.land is false, and radio failsafe is false.",EVENT,ModeRTL::run,PRODUCER,ModeRTL transition,EXACT,Lines 151-156 choose between land_start and descent_start. Fixed permalink: https://github.com/ArduPilot/ardupilot/blob/8f2e5db2efd69e4753b0bacb4d87fbe51566ba6e/ArduCopter/mode_rtl.cpp#L155
ARD-COPTER-RTL-003,ARD-COPTER-RTL-003-AP-03,ARD-COPTER-RTL-003-AP-03-B03,8f2e5db2efd69e4753b0bacb4d87fbe51566ba6e,baseline/ardupilot/ArduCopter/mode_rtl.cpp,311,,_state = SubMode::FINAL_DESCENT,Canonical internal sub-state write for final descent start.,ASSIGNMENT,ModeRTL::descent_start,WRITE,ModeRTL::SubMode,EXACT,"descent_start writes FINAL_DESCENT, clears completion, and initializes vertical/yaw controllers. Fixed permalink: https://github.com/ArduPilot/ardupilot/blob/8f2e5db2efd69e4753b0bacb4d87fbe51566ba6e/ArduCopter/mode_rtl.cpp#L311"
ARD-PLANE-TAKEOFF-001,ARD-PLANE-TAKEOFF-001-AP-01,ARD-PLANE-TAKEOFF-001-AP-01-B01,8f2e5db2efd69e4753b0bacb4d87fbe51566ba6e,baseline/ardupilot/ArduPlane/Plane.h,447,,Plane::takeoff_state.start_time_ms,Per-attempt autopilot monotonic-boot start epoch used by TKOFF_TIMEOUT.,FIELD,,DEFINITION,uint32_t milliseconds,EXACT,Plane.h:439-452 defines takeoff_state and its timers. Fixed permalink: https://github.com/ArduPilot/ardupilot/blob/8f2e5db2efd69e4753b0bacb4d87fbe51566ba6e/ArduPlane/Plane.h#L447
ARD-PLANE-TAKEOFF-001,ARD-PLANE-TAKEOFF-001-AP-01,ARD-PLANE-TAKEOFF-001-AP-01-B02,8f2e5db2efd69e4753b0bacb4d87fbe51566ba6e,baseline/ardupilot/ArduPlane/takeoff.cpp,130,,takeoff_state.start_time_ms = now,AUTO takeoff start after launch acceleration/delay/speed/attitude checks trigger.,ASSIGNMENT,Plane::auto_takeoff_check,WRITE,uint32_t milliseconds,EXACT,"Lines 124-134 accept the launch and initialize start, level-off, and throttle-max timers. Fixed permalink: https://github.com/ArduPilot/ardupilot/blob/8f2e5db2efd69e4753b0bacb4d87fbe51566ba6e/ArduPlane/takeoff.cpp#L130"
ARD-PLANE-TAKEOFF-001,ARD-PLANE-TAKEOFF-001-AP-01,ARD-PLANE-TAKEOFF-001-AP-01-B03,8f2e5db2efd69e4753b0bacb4d87fbe51566ba6e,baseline/ardupilot/ArduPlane/mode_takeoff.cpp,132,,plane.takeoff_state.start_time_ms = millis(),"TAKEOFF-mode start after position/home setup, throttle unsuppressed, and sufficient groundspeed.",ASSIGNMENT,ModeTakeoff::update,WRITE,uint32_t milliseconds,EXACT,Lines 128-136 initialize the takeoff attempt timers and course. Fixed permalink: https://github.com/ArduPilot/ardupilot/blob/8f2e5db2efd69e4753b0bacb4d87fbe51566ba6e/ArduPlane/mode_takeoff.cpp#L132
ARD-PLANE-TAKEOFF-001,ARD-PLANE-TAKEOFF-001-AP-02,ARD-PLANE-TAKEOFF-001-AP-02-B01,8f2e5db2efd69e4753b0bacb4d87fbe51566ba6e,baseline/ardupilot/ArduPlane/Parameters.cpp,1120,,TKOFF_TIMEOUT / ParametersG2::takeoff_timeout,Runtime automatic-takeoff timeout in seconds; zero disables.,PARAMETER,,DEFINITION,AP_Int8,EXACT,AP_GROUPINFO binds TKOFF_TIMEOUT; field type is at Parameters.h:522. Fixed permalink: https://github.com/ArduPilot/ardupilot/blob/8f2e5db2efd69e4753b0bacb4d87fbe51566ba6e/ArduPlane/Parameters.cpp#L1120
ARD-PLANE-TAKEOFF-001,ARD-PLANE-TAKEOFF-001-AP-02,ARD-PLANE-TAKEOFF-001-AP-02-B02,8f2e5db2efd69e4753b0bacb4d87fbe51566ba6e,baseline/ardupilot/ArduPlane/takeoff.cpp,393,,g2.takeoff_timeout > 0,Direct runtime enable predicate combined with a valid start epoch.,OTHER,Plane::check_takeoff_timeout,GUARD,bool over AP_Int8,EXACT,The function enters timeout logic only when start_time_ms is nonzero and TKOFF_TIMEOUT is positive. Fixed permalink: https://github.com/ArduPilot/ardupilot/blob/8f2e5db2efd69e4753b0bacb4d87fbe51566ba6e/ArduPlane/takeoff.cpp#L393
ARD-PLANE-TAKEOFF-001,ARD-PLANE-TAKEOFF-001-AP-02,ARD-PLANE-TAKEOFF-001-AP-02-B03,8f2e5db2efd69e4753b0bacb4d87fbe51566ba6e,baseline/ardupilot/ArduPlane/takeoff.cpp,401,,1000U * g2.takeoff_timeout,Seconds-to-milliseconds conversion for the runtime timeout.,OTHER,Plane::check_takeoff_timeout,DERIVATION,uint32_t milliseconds,EXACT,The strict greater-than elapsed-time comparison performs the conversion inline. Fixed permalink: https://github.com/ArduPilot/ardupilot/blob/8f2e5db2efd69e4753b0bacb4d87fbe51566ba6e/ArduPlane/takeoff.cpp#L401
ARD-PLANE-TAKEOFF-001,ARD-PLANE-TAKEOFF-001-AP-03,ARD-PLANE-TAKEOFF-001-AP-03-B01,8f2e5db2efd69e4753b0bacb4d87fbe51566ba6e,baseline/ardupilot/libraries/AP_GPS/AP_GPS.h,197,,AP_GPS::GPS_State::ground_speed,Backend-populated primary GPS ground speed in metres per second.,FIELD,,DEFINITION,float m/s,EXACT,GPS_State is filled by the selected backend; inline accessor is at AP_GPS.h:369-373. Fixed permalink: https://github.com/ArduPilot/ardupilot/blob/8f2e5db2efd69e4753b0bacb4d87fbe51566ba6e/libraries/AP_GPS/AP_GPS.h#L197
ARD-PLANE-TAKEOFF-001,ARD-PLANE-TAKEOFF-001-AP-03,ARD-PLANE-TAKEOFF-001-AP-03-B02,8f2e5db2efd69e4753b0bacb4d87fbe51566ba6e,baseline/ardupilot/ArduPlane/takeoff.cpp,394,,ground_speed = AP::gps().ground_speed(),Reads the primary GPS ground-speed sample used by the timeout check.,VARIABLE,Plane::check_takeoff_timeout,READ,const float m/s,EXACT,"Lines 394-396 bind the GPS value, literal 4 m/s threshold, and comparison. Fixed permalink: https://github.com/ArduPilot/ardupilot/blob/8f2e5db2efd69e4753b0bacb4d87fbe51566ba6e/ArduPlane/takeoff.cpp#L394"
ARD-PLANE-TAKEOFF-001,ARD-PLANE-TAKEOFF-001-AP-03,ARD-PLANE-TAKEOFF-001-AP-03-B03,8f2e5db2efd69e4753b0bacb4d87fbe51566ba6e,baseline/ardupilot/ArduPlane/takeoff.cpp,396,,ground_speed >= takeoff_min_ground_speed,Clears the timeout epoch at 4 m/s or above; the else path is the source identity for below 4 m/s.,OTHER,Plane::check_takeoff_timeout,GUARD,bool,EXACT,Threshold is const float 4 at line 395; lines 396-399 clear the timer on reaching it. Fixed permalink: https://github.com/ArduPilot/ardupilot/blob/8f2e5db2efd69e4753b0bacb4d87fbe51566ba6e/ArduPlane/takeoff.cpp#L396
ARD-PLANE-TAKEOFF-001,ARD-PLANE-TAKEOFF-001-AP-03,ARD-PLANE-TAKEOFF-001-AP-03-B04,8f2e5db2efd69e4753b0bacb4d87fbe51566ba6e,baseline/ardupilot/libraries/AP_GPS/AP_GPS.h,448,,AP_GPS::last_message_time_ms,"Candidate freshness carrier for the primary GPS instance, separate from ground_speed.",FUNCTION,AP_GPS::last_message_time_ms,OBSERVATION_SITE,uint32_t milliseconds,MAY,AP_GPS.h:446-452 exposes last processed GPS-message time; check_takeoff_timeout does not read it. Fixed permalink: https://github.com/ArduPilot/ardupilot/blob/8f2e5db2efd69e4753b0bacb4d87fbe51566ba6e/libraries/AP_GPS/AP_GPS.h#L448
ARD-PLANE-TAKEOFF-001,ARD-PLANE-TAKEOFF-001-AP-04,ARD-PLANE-TAKEOFF-001-AP-04-B01,8f2e5db2efd69e4753b0bacb4d87fbe51566ba6e,baseline/ardupilot/ArduPlane/takeoff.cpp,401,,takeoff timeout branch,Elapsed time above runtime TKOFF_TIMEOUT while ground speed remains below 4 m/s.,EVENT,Plane::check_takeoff_timeout,PRODUCER,bool edge,EXACT,"Lines 401-405 emit text, disarm with TAKEOFFTIMEOUT, clear the epoch, and return true. Fixed permalink: https://github.com/ArduPilot/ardupilot/blob/8f2e5db2efd69e4753b0bacb4d87fbe51566ba6e/ArduPlane/takeoff.cpp#L401"
ARD-PLANE-TAKEOFF-001,ARD-PLANE-TAKEOFF-001-AP-04,ARD-PLANE-TAKEOFF-001-AP-04-B02,8f2e5db2efd69e4753b0bacb4d87fbe51566ba6e,baseline/ardupilot/ArduPlane/takeoff.cpp,402,,Takeoff timeout STATUSTEXT,Human-readable timeout consequence including measured ground speed.,MESSAGE_PRODUCER,Plane::check_takeoff_timeout,PRODUCER,STATUSTEXT text,MAY,send_text queues a text message; it is not a typed attempt identifier or exact clock carrier. Fixed permalink: https://github.com/ArduPilot/ardupilot/blob/8f2e5db2efd69e4753b0bacb4d87fbe51566ba6e/ArduPlane/takeoff.cpp#L402
ARD-PLANE-TAKEOFF-001,ARD-PLANE-TAKEOFF-001-AP-04,ARD-PLANE-TAKEOFF-001-AP-04-B03,8f2e5db2efd69e4753b0bacb4d87fbe51566ba6e,baseline/ardupilot/ArduPlane/takeoff.cpp,403,,arming.disarm(AP_Arming::Method::TAKEOFFTIMEOUT),Cause-specific disarm request for this timeout event.,FUNCTION,Plane::check_takeoff_timeout,PRODUCER,AP_Arming::Method::TAKEOFFTIMEOUT,EXACT,Method value 27 is declared at AP_Arming.h:80. Fixed permalink: https://github.com/ArduPilot/ardupilot/blob/8f2e5db2efd69e4753b0bacb4d87fbe51566ba6e/ArduPlane/takeoff.cpp#L403
ARD-PLANE-TAKEOFF-001,ARD-PLANE-TAKEOFF-001-AP-04,ARD-PLANE-TAKEOFF-001-AP-04-B04,8f2e5db2efd69e4753b0bacb4d87fbe51566ba6e,baseline/ardupilot/ArduPlane/mode_takeoff.cpp,141,,plane.check_takeoff_timeout(),"On true, leaves TAKEOFF flight stage and clears takeoff_mode_setup.",RETURN,ModeTakeoff::update,CONSUMER,bool,EXACT,Lines 140-144 consume check_takeoff_timeout(). Fixed permalink: https://github.com/ArduPilot/ardupilot/blob/8f2e5db2efd69e4753b0bacb4d87fbe51566ba6e/ArduPlane/mode_takeoff.cpp#L141
ARD-PLANE-TAKEOFF-001,ARD-PLANE-TAKEOFF-001-AP-04,ARD-PLANE-TAKEOFF-001-AP-04-B05,8f2e5db2efd69e4753b0bacb4d87fbe51566ba6e,baseline/ardupilot/ArduPlane/commands_logic.cpp,601,,AUTO mission takeoff timeout consumer,"On true, resets the current mission after the timeout event.",RETURN,Plane::verify_takeoff,CONSUMER,bool,EXACT,Lines 600-603 consume the timeout return and call mission.reset(). Fixed permalink: https://github.com/ArduPilot/ardupilot/blob/8f2e5db2efd69e4753b0bacb4d87fbe51566ba6e/ArduPlane/commands_logic.cpp#L601
ARD-PLANE-TAKEOFF-001,ARD-PLANE-TAKEOFF-001-AP-05,ARD-PLANE-TAKEOFF-001-AP-05-B01,8f2e5db2efd69e4753b0bacb4d87fbe51566ba6e,baseline/ardupilot/libraries/AP_Arming/AP_Arming.cpp,1970,,AP_Arming::armed = false,Canonical raw armed-state transition to false after disarm checks pass.,ASSIGNMENT,AP_Arming::disarm,WRITE,bool,EXACT,"Lines 1954-1974 reject already-disarmed/invalid rudder requests, then write armed=false and record the method. Fixed permalink: https://github.com/ArduPilot/ardupilot/blob/8f2e5db2efd69e4753b0bacb4d87fbe51566ba6e/libraries/AP_Arming/AP_Arming.cpp#L1970"
ARD-PLANE-TAKEOFF-001,ARD-PLANE-TAKEOFF-001-AP-05,ARD-PLANE-TAKEOFF-001-AP-05-B02,8f2e5db2efd69e4753b0bacb4d87fbe51566ba6e,baseline/ardupilot/ArduPlane/AP_Arming_Plane.cpp,336,,"AP_Arming::disarm(method, do_disarm_checks)","Plane-specific disarm path delegates the raw state transition, then changes throttle/mode-related state.",FUNCTION,AP_Arming_Plane::disarm,CONSUMER,"bool(AP_Arming::Method,bool)",EXACT,Lines 325-371 implement the Plane override; line 370 emits Throttle disarmed text after success. Fixed permalink: https://github.com/ArduPilot/ardupilot/blob/8f2e5db2efd69e4753b0bacb4d87fbe51566ba6e/ArduPlane/AP_Arming_Plane.cpp#L336
ARD-PLANE-TAKEOFF-001,ARD-PLANE-TAKEOFF-001-AP-05,ARD-PLANE-TAKEOFF-001-AP-05-B03,8f2e5db2efd69e4753b0bacb4d87fbe51566ba6e,baseline/ardupilot/libraries/AP_Arming/AP_Arming.cpp,308,,AP_Arming::is_armed,Public armed-state accessor used throughout vehicle logic.,FUNCTION,AP_Arming::is_armed,READ,bool() const,EXACT,Line 310 returns raw armed OR arming_required()==Required::NO. Fixed permalink: https://github.com/ArduPilot/ardupilot/blob/8f2e5db2efd69e4753b0bacb4d87fbe51566ba6e/libraries/AP_Arming/AP_Arming.cpp#L308
ARD-ROVER-RCFS-001,ARD-ROVER-RCFS-001-AP-01,ARD-ROVER-RCFS-001-AP-01-B01,8f2e5db2efd69e4753b0bacb4d87fbe51566ba6e,baseline/ardupilot/Rover/radio.cpp,11,,channel_throttle = &rc().get_throttle_channel(),Resolves the runtime RCMAP_THROTTLE channel to the Rover throttle input object.,ASSIGNMENT,Rover::set_control_channels,WRITE,RC_Channel*,EXACT,RC_Channels::get_throttle_channel maps AP::rcmap()->throttle() at RC_Channels.cpp:418-424. Fixed permalink: https://github.com/ArduPilot/ardupilot/blob/8f2e5db2efd69e4753b0bacb4d87fbe51566ba6e/Rover/radio.cpp#L11
ARD-ROVER-RCFS-001,ARD-ROVER-RCFS-001-AP-01,ARD-ROVER-RCFS-001-AP-01-B02,8f2e5db2efd69e4753b0bacb4d87fbe51566ba6e,baseline/ardupilot/Rover/radio.cpp,74,,radio_failsafe_check(channel_throttle->get_radio_in()),Consumes mapped raw PWM after read_input returned true and last_valid_rc_ms was refreshed.,FUNCTION,Rover::read_radio,CONSUMER,uint16_t PWM,EXACT,Lines 66-75 separate unsuccessful and successful input cycles. Fixed permalink: https://github.com/ArduPilot/ardupilot/blob/8f2e5db2efd69e4753b0bacb4d87fbe51566ba6e/Rover/radio.cpp#L74
ARD-ROVER-RCFS-001,ARD-ROVER-RCFS-001-AP-01,ARD-ROVER-RCFS-001-AP-01-B03,8f2e5db2efd69e4753b0bacb4d87fbe51566ba6e,baseline/ardupilot/Rover/radio.cpp,85,,failed = pwm < g.fs_throttle_value,Direct low-throttle comparison against runtime FS_THR_VALUE.,OTHER,Rover::radio_failsafe_check,DERIVATION,bool over uint16_t/AP_Int16,EXACT,Line 85 initializes failed from the low-PWM predicate; lines 86-89 can also force it for stale input. Fixed permalink: https://github.com/ArduPilot/ardupilot/blob/8f2e5db2efd69e4753b0bacb4d87fbe51566ba6e/Rover/radio.cpp#L85
ARD-ROVER-RCFS-001,ARD-ROVER-RCFS-001-AP-01,ARD-ROVER-RCFS-001-AP-01-B04,8f2e5db2efd69e4753b0bacb4d87fbe51566ba6e,baseline/ardupilot/Rover/failsafe.cpp,55,,failsafe.bits 0 -> nonzero; failsafe.start_time = millis(),Shared failsafe interval epoch when the first active failsafe bit begins.,EVENT,Rover::failsafe_trigger,PRODUCER,uint8_t bitmask and uint32_t milliseconds,MODELLED,Lines 49-58 update bits and initialize start_time only when the aggregate mask transitions from zero. Fixed permalink: https://github.com/ArduPilot/ardupilot/blob/8f2e5db2efd69e4753b0bacb4d87fbe51566ba6e/Rover/failsafe.cpp#L55
ARD-ROVER-RCFS-001,ARD-ROVER-RCFS-001-AP-02,ARD-ROVER-RCFS-001-AP-02-B01,8f2e5db2efd69e4753b0bacb4d87fbe51566ba6e,baseline/ardupilot/libraries/RC_Channel/RC_Channels.cpp,89,,RC_Channels::read_input,Returns true when new receiver input or new overrides produce at least one channel update.,FUNCTION,RC_Channels::read_input,CONSUMER,bool(),EXACT,Lines 91-100 accept receiver input or has_new_overrides; lines 104-119 update channels and return success. Fixed permalink: https://github.com/ArduPilot/ardupilot/blob/8f2e5db2efd69e4753b0bacb4d87fbe51566ba6e/libraries/RC_Channel/RC_Channels.cpp#L89
ARD-ROVER-RCFS-001,ARD-ROVER-RCFS-001-AP-02,ARD-ROVER-RCFS-001-AP-02-B02,8f2e5db2efd69e4753b0bacb4d87fbe51566ba6e,baseline/ardupilot/Rover/radio.cpp,72,,failsafe.last_valid_rc_ms = AP_HAL::millis(),Vehicle receipt-clock timestamp of the most recent successful RC input update.,ASSIGNMENT,Rover::read_radio,WRITE,uint32_t milliseconds,EXACT,The write occurs only after rc().read_input() returns true. Fixed permalink: https://github.com/ArduPilot/ardupilot/blob/8f2e5db2efd69e4753b0bacb4d87fbe51566ba6e/Rover/radio.cpp#L72
ARD-ROVER-RCFS-001,ARD-ROVER-RCFS-001-AP-02,ARD-ROVER-RCFS-001-AP-02-B03,8f2e5db2efd69e4753b0bacb4d87fbe51566ba6e,baseline/ardupilot/Rover/radio.cpp,86,,millis() - last_valid_rc_ms > rc().get_fs_timeout_ms(),Current-source freshness predicate used to classify RC input as stale.,OTHER,Rover::radio_failsafe_check,GUARD,bool over uint32_t milliseconds,EXACT,Lines 86-89 force failed=true after the runtime RC freshness timeout. Fixed permalink: https://github.com/ArduPilot/ardupilot/blob/8f2e5db2efd69e4753b0bacb4d87fbe51566ba6e/Rover/radio.cpp#L86
ARD-ROVER-RCFS-001,ARD-ROVER-RCFS-001-AP-03,ARD-ROVER-RCFS-001-AP-03-B01,8f2e5db2efd69e4753b0bacb4d87fbe51566ba6e,baseline/ardupilot/Rover/Parameters.cpp,114,,FS_THR_ENABLE / Parameters::fs_throttle_enabled,"Runtime throttle-failsafe mode: disabled, enabled, or enabled-continue-mission-in-Auto.",PARAMETER,,DEFINITION,AP_Int8 / enum fs_thr_enable,EXACT,GSCALAR registers the parameter; enum values are Rover/defines.h:55-60. Fixed permalink: https://github.com/ArduPilot/ardupilot/blob/8f2e5db2efd69e4753b0bacb4d87fbe51566ba6e/Rover/Parameters.cpp#L114
ARD-ROVER-RCFS-001,ARD-ROVER-RCFS-001-AP-03,ARD-ROVER-RCFS-001-AP-03-B02,8f2e5db2efd69e4753b0bacb4d87fbe51566ba6e,baseline/ardupilot/Rover/radio.cpp,79,,!g.fs_throttle_enabled,Direct disabled guard; clears AP_Notify radio flag and bypasses throttle-failsafe evaluation.,OTHER,Rover::radio_failsafe_check,GUARD,bool,EXACT,Lines 79-83 return when FS_THR_ENABLE is zero. Fixed permalink: https://github.com/ArduPilot/ardupilot/blob/8f2e5db2efd69e4753b0bacb4d87fbe51566ba6e/Rover/radio.cpp#L79
ARD-ROVER-RCFS-001,ARD-ROVER-RCFS-001-AP-03,ARD-ROVER-RCFS-001-AP-03-B03,8f2e5db2efd69e4753b0bacb4d87fbe51566ba6e,baseline/ardupilot/Rover/failsafe.cpp,70,,failsafe.triggered == 0 && failsafe.bits != 0,Action is delayed by FS_TIMEOUT and suppressed in RTL and normally in Hold.,OTHER,Rover::failsafe_trigger,GUARD,bool,EXACT,"Lines 70-75 require no prior trigger, active bits, elapsed FS_TIMEOUT, non-RTL mode, and Hold option if in Hold. Fixed permalink: https://github.com/ArduPilot/ardupilot/blob/8f2e5db2efd69e4753b0bacb4d87fbe51566ba6e/Rover/failsafe.cpp#L70"
ARD-ROVER-RCFS-001,ARD-ROVER-RCFS-001-AP-03,ARD-ROVER-RCFS-001-AP-03-B04,8f2e5db2efd69e4753b0bacb4d87fbe51566ba6e,baseline/ardupilot/Rover/failsafe.cpp,81,,FS_THR_ENABLED_CONTINUE_MISSION Auto exception,"When in Auto with FS_THR_ENABLE=2, records the failsafe but continues the mission rather than applying FS_ACTION.",OTHER,Rover::failsafe_trigger,DERIVATION,bool,EXACT,Lines 81-86 implement the continue-mission exception. Fixed permalink: https://github.com/ArduPilot/ardupilot/blob/8f2e5db2efd69e4753b0bacb4d87fbe51566ba6e/Rover/failsafe.cpp#L81
ARD-ROVER-RCFS-001,ARD-ROVER-RCFS-001-AP-04,ARD-ROVER-RCFS-001-AP-04-B01,8f2e5db2efd69e4753b0bacb4d87fbe51566ba6e,baseline/ardupilot/Rover/Parameters.cpp,98,,FS_ACTION / Parameters::fs_action,"Runtime enum selecting None, RTL, Hold, SmartRTL, Terminate, or Loiter/Hold fallback.",PARAMETER,,DEFINITION,AP_Int8 / Rover::FailsafeAction,EXACT,GSCALAR registers FS_ACTION; enum is Rover.h:404-412. Fixed permalink: https://github.com/ArduPilot/ardupilot/blob/8f2e5db2efd69e4753b0bacb4d87fbe51566ba6e/Rover/Parameters.cpp#L98
ARD-ROVER-RCFS-001,ARD-ROVER-RCFS-001-AP-04,ARD-ROVER-RCFS-001-AP-04-B02,8f2e5db2efd69e4753b0bacb4d87fbe51566ba6e,baseline/ardupilot/Rover/failsafe.cpp,75,,failsafe.triggered = failsafe.bits,Latches all currently active failsafe bits when the shared persistence timeout expires.,ASSIGNMENT,Rover::failsafe_trigger,WRITE,uint8_t bitmask,EXACT,Line 76 also produces a warning STATUSTEXT with the caller type string. Fixed permalink: https://github.com/ArduPilot/ardupilot/blob/8f2e5db2efd69e4753b0bacb4d87fbe51566ba6e/Rover/failsafe.cpp#L75
ARD-ROVER-RCFS-001,ARD-ROVER-RCFS-001-AP-04,ARD-ROVER-RCFS-001-AP-04-B03,8f2e5db2efd69e4753b0bacb4d87fbe51566ba6e,baseline/ardupilot/Rover/failsafe.cpp,87,,switch ((FailsafeAction)g.fs_action.get()),"Maps runtime FS_ACTION to None, mode transitions with fallbacks, or disarm.",FUNCTION,Rover::failsafe_trigger,DERIVATION,Rover::FailsafeAction,EXACT,Lines 87-116 implement every action and fallback. Fixed permalink: https://github.com/ArduPilot/ardupilot/blob/8f2e5db2efd69e4753b0bacb4d87fbe51566ba6e/Rover/failsafe.cpp#L87
ARD-ROVER-RCFS-001,ARD-ROVER-RCFS-001-AP-04,ARD-ROVER-RCFS-001-AP-04-B04,8f2e5db2efd69e4753b0bacb4d87fbe51566ba6e,baseline/ardupilot/Rover/system.cpp,269,,control_mode = &new_mode,Canonical successful Rover mode-result write for RTL/Hold/SmartRTL/Loiter actions.,ASSIGNMENT,Rover::set_mode,WRITE,Mode*,EXACT,"On successful entry, lines 269 and 284 write the mode and ModeReason; line 288 queues HEARTBEAT. Fixed permalink: https://github.com/ArduPilot/ardupilot/blob/8f2e5db2efd69e4753b0bacb4d87fbe51566ba6e/Rover/system.cpp#L269"
ARD-ROVER-RCFS-001,ARD-ROVER-RCFS-001-AP-04,ARD-ROVER-RCFS-001-AP-04-B05,8f2e5db2efd69e4753b0bacb4d87fbe51566ba6e,baseline/ardupilot/Rover/failsafe.cpp,114,,arming.disarm(AP_Arming::Method::FAILSAFE_ACTION_TERMINATE),Terminate action result with cause-specific disarm method.,FUNCTION,Rover::failsafe_trigger,PRODUCER,AP_Arming::Method,EXACT,FailsafeAction::Terminate directly requests disarm. Fixed permalink: https://github.com/ArduPilot/ardupilot/blob/8f2e5db2efd69e4753b0bacb4d87fbe51566ba6e/Rover/failsafe.cpp#L114
ARD-ROVER-CRASH-002,ARD-ROVER-CRASH-002-AP-01,ARD-ROVER-CRASH-002-AP-01-B01,8f2e5db2efd69e4753b0bacb4d87fbe51566ba6e,baseline/ardupilot/Rover/crash_check.cpp,11,,crash_counter,Static sample counter for consecutive crash-condition checks.,VARIABLE,Rover::crash_check,DEFINITION,static uint16_t samples,EXACT,The function is scheduled at 10 Hz and resets/increments this counter. Fixed permalink: https://github.com/ArduPilot/ardupilot/blob/8f2e5db2efd69e4753b0bacb4d87fbe51566ba6e/Rover/crash_check.cpp#L11
ARD-ROVER-CRASH-002,ARD-ROVER-CRASH-002-AP-01,ARD-ROVER-CRASH-002-AP-01-B02,8f2e5db2efd69e4753b0bacb4d87fbe51566ba6e,baseline/ardupilot/Rover/crash_check.cpp,15,,armed/enabled/eligible-mode guard,"Requires armed, FS_CRASH_CHECK nonzero, and autopilot mode unless the vehicle is a balancebot.",OTHER,Rover::crash_check,GUARD,bool,EXACT,Lines 14-18 reset the counter and return when ineligible. Fixed permalink: https://github.com/ArduPilot/ardupilot/blob/8f2e5db2efd69e4753b0bacb4d87fbe51566ba6e/Rover/crash_check.cpp#L15
ARD-ROVER-CRASH-002,ARD-ROVER-CRASH-002-AP-01,ARD-ROVER-CRASH-002-AP-01-B03,8f2e5db2efd69e4753b0bacb4d87fbe51566ba6e,baseline/ardupilot/Rover/crash_check.cpp,28,,persistence crash conjunction,"When enabled, continued counting requires low groundspeed, low absolute yaw rate, and absolute demanded throttle at or above their runtime thresholds, subject to zero-threshold disable rules.",OTHER,Rover::crash_check,DERIVATION,bool over AP_Float and sensor/actuator values,EXACT,Lines 28-35 reset on any threshold-negating disjunct. Fixed permalink: https://github.com/ArduPilot/ardupilot/blob/8f2e5db2efd69e4753b0bacb4d87fbe51566ba6e/Rover/crash_check.cpp#L28
ARD-ROVER-CRASH-002,ARD-ROVER-CRASH-002-AP-01,ARD-ROVER-CRASH-002-AP-01-B04,8f2e5db2efd69e4753b0bacb4d87fbe51566ba6e,baseline/ardupilot/Rover/crash_check.cpp,38,,crash_counter++,First increment from zero is the modelled crash_condition_start edge; subsequent increments represent persistence.,ASSIGNMENT,Rover::crash_check,WRITE,uint16_t samples,MODELLED,No separate edge flag or timestamp is written. Fixed permalink: https://github.com/ArduPilot/ardupilot/blob/8f2e5db2efd69e4753b0bacb4d87fbe51566ba6e/Rover/crash_check.cpp#L38
ARD-ROVER-CRASH-002,ARD-ROVER-CRASH-002-AP-01,ARD-ROVER-CRASH-002-AP-01-B05,8f2e5db2efd69e4753b0bacb4d87fbe51566ba6e,baseline/ardupilot/Rover/Rover.cpp,130,,"SCHED_TASK(crash_check, 10, ...)",Nominal 10-Hz sampling schedule used to convert CRASH_TIMEOUT seconds to counter ticks.,FUNCTION,Rover::scheduler_tasks,DERIVATION,10 Hz scheduled callback,EXACT,crash_check compares crash_counter with crash_timeout * 10 at crash_check.cpp:41. Fixed permalink: https://github.com/ArduPilot/ardupilot/blob/8f2e5db2efd69e4753b0bacb4d87fbe51566ba6e/Rover/Rover.cpp#L130
ARD-ROVER-CRASH-002,ARD-ROVER-CRASH-002-AP-02,ARD-ROVER-CRASH-002-AP-02-B01,8f2e5db2efd69e4753b0bacb4d87fbe51566ba6e,baseline/ardupilot/Rover/Parameters.cpp,136,,FS_CRASH_CHECK / Parameters::fs_crash_check,"Runtime action enum: disabled, Hold, or HoldAndDisarm.",PARAMETER,,DEFINITION,AP_Int8 / enum fs_crash_action,EXACT,Enum values are Rover/defines.h:69-73. Fixed permalink: https://github.com/ArduPilot/ardupilot/blob/8f2e5db2efd69e4753b0bacb4d87fbe51566ba6e/Rover/Parameters.cpp#L136
ARD-ROVER-CRASH-002,ARD-ROVER-CRASH-002-AP-02,ARD-ROVER-CRASH-002-AP-02-B02,8f2e5db2efd69e4753b0bacb4d87fbe51566ba6e,baseline/ardupilot/Rover/Parameters.cpp,454,,CRASH_ANGLE / ParametersG2::crash_angle,Independent roll/pitch crash threshold; zero disables this path.,PARAMETER,,DEFINITION,AP_Int8 degrees,EXACT,Metadata and macro define the angle threshold. Fixed permalink: https://github.com/ArduPilot/ardupilot/blob/8f2e5db2efd69e4753b0bacb4d87fbe51566ba6e/Rover/Parameters.cpp#L454
ARD-ROVER-CRASH-002,ARD-ROVER-CRASH-002-AP-02,ARD-ROVER-CRASH-002-AP-02-B03,8f2e5db2efd69e4753b0bacb4d87fbe51566ba6e,baseline/ardupilot/Rover/crash_check.cpp,21,,crash-angle path,"Sets crashed immediately when nonzero CRASH_ANGLE is exceeded, independently of persistence completion.",OTHER,Rover::crash_check,GUARD,bool,EXACT,Lines 20-23 compare pitch and roll and set crashed=true. Fixed permalink: https://github.com/ArduPilot/ardupilot/blob/8f2e5db2efd69e4753b0bacb4d87fbe51566ba6e/Rover/crash_check.cpp#L21
ARD-ROVER-CRASH-002,ARD-ROVER-CRASH-002-AP-02,ARD-ROVER-CRASH-002-AP-02-B04,8f2e5db2efd69e4753b0bacb4d87fbe51566ba6e,baseline/ardupilot/Rover/crash_check.cpp,28,,crash_thr_min > 0 && crash_timeout > 0,Enables the persistence counter path; velocity and turn-rate subchecks are individually enabled by positive thresholds.,OTHER,Rover::crash_check,GUARD,bool,EXACT,Lines 28-44 contain the persistence path. Fixed permalink: https://github.com/ArduPilot/ardupilot/blob/8f2e5db2efd69e4753b0bacb4d87fbe51566ba6e/Rover/crash_check.cpp#L28
ARD-ROVER-CRASH-002,ARD-ROVER-CRASH-002-AP-03,ARD-ROVER-CRASH-002-AP-03-B01,8f2e5db2efd69e4753b0bacb4d87fbe51566ba6e,baseline/ardupilot/Rover/crash_check.cpp,46,,crashed action branch,Common action producer after angle or persistence crash detection.,EVENT,Rover::crash_check,PRODUCER,bool crashed,EXACT,Lines 46-63 log and select balancebot or ordinary Rover action. Fixed permalink: https://github.com/ArduPilot/ardupilot/blob/8f2e5db2efd69e4753b0bacb4d87fbe51566ba6e/Rover/crash_check.cpp#L46
ARD-ROVER-CRASH-002,ARD-ROVER-CRASH-002-AP-03,ARD-ROVER-CRASH-002-AP-03-B02,8f2e5db2efd69e4753b0bacb4d87fbe51566ba6e,baseline/ardupilot/Rover/crash_check.cpp,58,,"set_mode(mode_hold, ModeReason::CRASH_FAILSAFE)",Ordinary Rover requests Hold with a cause-specific mode reason.,FUNCTION,Rover::crash_check,PRODUCER,bool mode transition request,EXACT,Line 56 also produces Crash: Going to HOLD STATUSTEXT. Fixed permalink: https://github.com/ArduPilot/ardupilot/blob/8f2e5db2efd69e4753b0bacb4d87fbe51566ba6e/Rover/crash_check.cpp#L58
ARD-ROVER-CRASH-002,ARD-ROVER-CRASH-002-AP-03,ARD-ROVER-CRASH-002-AP-03-B03,8f2e5db2efd69e4753b0bacb4d87fbe51566ba6e,baseline/ardupilot/Rover/crash_check.cpp,59,,FS_CRASH_HOLD_AND_DISARM branch,"When FS_CRASH_CHECK=2, requests disarm with AP_Arming::Method::CRASH after Hold request.",FUNCTION,Rover::crash_check,PRODUCER,AP_Arming::Method::CRASH,EXACT,Lines 59-60 implement the optional disarm. Fixed permalink: https://github.com/ArduPilot/ardupilot/blob/8f2e5db2efd69e4753b0bacb4d87fbe51566ba6e/Rover/crash_check.cpp#L59
ARD-ROVER-CRASH-002,ARD-ROVER-CRASH-002-AP-03,ARD-ROVER-CRASH-002-AP-03-B04,8f2e5db2efd69e4753b0bacb4d87fbe51566ba6e,baseline/ardupilot/Rover/system.cpp,284,,control_mode_reason = reason,Successful Hold transition records CRASH_FAILSAFE as the canonical cause and logs/sends mode state.,ASSIGNMENT,Rover::set_mode,WRITE,ModeReason,EXACT,Rover::is_crashed reads this reason at crash_check.cpp:69-72. Fixed permalink: https://github.com/ArduPilot/ardupilot/blob/8f2e5db2efd69e4753b0bacb4d87fbe51566ba6e/Rover/system.cpp#L284
ARD-ROVER-CRASH-002,ARD-ROVER-CRASH-002-AP-03,ARD-ROVER-CRASH-002-AP-03-B05,8f2e5db2efd69e4753b0bacb4d87fbe51566ba6e,baseline/ardupilot/Rover/crash_check.cpp,50,,balancebot crash action,Balancebot variant emits Crash: Disarming and disarms directly without entering Hold.,EVENT,Rover::crash_check,PRODUCER,AP_Arming::Method::CRASH,EXACT,Lines 50-54 are the explicit alternate branch. Fixed permalink: https://github.com/ArduPilot/ardupilot/blob/8f2e5db2efd69e4753b0bacb4d87fbe51566ba6e/Rover/crash_check.cpp#L50
ARD-SHARED-BATT-001,ARD-SHARED-BATT-001-AP-01,ARD-SHARED-BATT-001-AP-01-B01,8f2e5db2efd69e4753b0bacb4d87fbe51566ba6e,baseline/ardupilot/libraries/AP_BattMonitor/AP_BattMonitor_Backend.cpp,243,,failsafe_voltage_source switch,Per-instance selection of raw state.voltage or sag-compensated voltage_resting_estimate.,FUNCTION,AP_BattMonitor_Backend::check_failsafe_types,DERIVATION,float voltage_used,EXACT,Lines 243-250 select the voltage source from BATTx_FS_VOLTSRC. Fixed permalink: https://github.com/ArduPilot/ardupilot/blob/8f2e5db2efd69e4753b0bacb4d87fbe51566ba6e/libraries/AP_BattMonitor/AP_BattMonitor_Backend.cpp#L243
ARD-SHARED-BATT-001,ARD-SHARED-BATT-001-AP-01,ARD-SHARED-BATT-001-AP-01-B02,8f2e5db2efd69e4753b0bacb4d87fbe51566ba6e,baseline/ardupilot/libraries/AP_BattMonitor/AP_BattMonitor_Backend.cpp,268,,low_voltage predicate,"Per-instance predicate voltage_used > 0, LOW_VOLT > 0, and voltage_used < LOW_VOLT.",OTHER,AP_BattMonitor_Backend::check_failsafe_types,GUARD,bool,EXACT,Lines 268-272 set low_voltage true or false. Fixed permalink: https://github.com/ArduPilot/ardupilot/blob/8f2e5db2efd69e4753b0bacb4d87fbe51566ba6e/libraries/AP_BattMonitor/AP_BattMonitor_Backend.cpp#L268
ARD-SHARED-BATT-001,ARD-SHARED-BATT-001-AP-01,ARD-SHARED-BATT-001-AP-01-B03,8f2e5db2efd69e4753b0bacb4d87fbe51566ba6e,baseline/ardupilot/libraries/AP_BattMonitor/AP_BattMonitor.h,120,,BattMonitor_State::low_voltage_start_ms,Per-backend low-voltage persistence start epoch in autopilot boot milliseconds.,FIELD,,DEFINITION,uint32_t milliseconds,EXACT,BattMonitor_State also stores instance at line 140 and failsafe level at line 130. Fixed permalink: https://github.com/ArduPilot/ardupilot/blob/8f2e5db2efd69e4753b0bacb4d87fbe51566ba6e/libraries/AP_BattMonitor/AP_BattMonitor.h#L120
ARD-SHARED-BATT-001,ARD-SHARED-BATT-001-AP-01,ARD-SHARED-BATT-001-AP-01-B04,8f2e5db2efd69e4753b0bacb4d87fbe51566ba6e,baseline/ardupilot/libraries/AP_BattMonitor/AP_BattMonitor_Backend.cpp,177,,_state.low_voltage_start_ms = now,Canonical low_voltage_start edge when the predicate is true and the per-instance timer is unset.,ASSIGNMENT,AP_BattMonitor_Backend::update_failsafes,WRITE,uint32_t milliseconds,EXACT,Lines 175-181 start the timer or return Low after persistence. Fixed permalink: https://github.com/ArduPilot/ardupilot/blob/8f2e5db2efd69e4753b0bacb4d87fbe51566ba6e/libraries/AP_BattMonitor/AP_BattMonitor_Backend.cpp#L177
ARD-SHARED-BATT-001,ARD-SHARED-BATT-001-AP-01,ARD-SHARED-BATT-001-AP-01-B05,8f2e5db2efd69e4753b0bacb4d87fbe51566ba6e,baseline/ardupilot/libraries/AP_BattMonitor/AP_BattMonitor_Backend.cpp,185,,_state.low_voltage_start_ms = 0,Cancels/resets the low-voltage interval when the predicate becomes false.,ASSIGNMENT,AP_BattMonitor_Backend::update_failsafes,WRITE,uint32_t milliseconds,EXACT,The reset is in the else branch for low_voltage=false. Fixed permalink: https://github.com/ArduPilot/ardupilot/blob/8f2e5db2efd69e4753b0bacb4d87fbe51566ba6e/libraries/AP_BattMonitor/AP_BattMonitor_Backend.cpp#L185
ARD-SHARED-BATT-001,ARD-SHARED-BATT-001-AP-02,ARD-SHARED-BATT-001-AP-02-B01,8f2e5db2efd69e4753b0bacb4d87fbe51566ba6e,baseline/ardupilot/libraries/AP_BattMonitor/AP_BattMonitor_Params.cpp,117,,BATTx_LOW_VOLT / AP_BattMonitor_Params::_low_voltage,Per-instance low-voltage threshold in volts; zero disables.,PARAMETER,,DEFINITION,AP_Float volts,EXACT,AP_GROUPINFO registers LOW_VOLT inside each monitor parameter subgroup; field is Params.h:72. Fixed permalink: https://github.com/ArduPilot/ardupilot/blob/8f2e5db2efd69e4753b0bacb4d87fbe51566ba6e/libraries/AP_BattMonitor/AP_BattMonitor_Params.cpp#L117
ARD-SHARED-BATT-001,ARD-SHARED-BATT-001-AP-02,ARD-SHARED-BATT-001-AP-02-B02,8f2e5db2efd69e4753b0bacb4d87fbe51566ba6e,baseline/ardupilot/libraries/AP_BattMonitor/AP_BattMonitor_Backend.cpp,268,,_params._low_voltage > 0,Direct runtime threshold-enable comparison for this backend instance.,OTHER,AP_BattMonitor_Backend::check_failsafe_types,GUARD,bool over AP_Float,EXACT,The threshold must be positive along with a positive selected voltage. Fixed permalink: https://github.com/ArduPilot/ardupilot/blob/8f2e5db2efd69e4753b0bacb4d87fbe51566ba6e/libraries/AP_BattMonitor/AP_BattMonitor_Backend.cpp#L268
ARD-SHARED-BATT-001,ARD-SHARED-BATT-001-AP-02,ARD-SHARED-BATT-001-AP-02-B03,8f2e5db2efd69e4753b0bacb4d87fbe51566ba6e,baseline/ardupilot/libraries/AP_BattMonitor/AP_BattMonitor.cpp,904,,for each battery instance,Frontend preserves the per-instance parameter/backend identity when checking failsafes.,FUNCTION,AP_BattMonitor::check_failsafes,DERIVATION,uint8_t instance index,EXACT,Lines 904-909 iterate drivers and invoke the matching backend. Fixed permalink: https://github.com/ArduPilot/ardupilot/blob/8f2e5db2efd69e4753b0bacb4d87fbe51566ba6e/libraries/AP_BattMonitor/AP_BattMonitor.cpp#L904
ARD-SHARED-BATT-001,ARD-SHARED-BATT-001-AP-03,ARD-SHARED-BATT-001-AP-03-B01,8f2e5db2efd69e4753b0bacb4d87fbe51566ba6e,baseline/ardupilot/libraries/AP_BattMonitor/AP_BattMonitor_Backend.cpp,179,,return AP_BattMonitor::Failsafe::Low,Per-instance Low severity producer after low voltage persists longer than LOW_TIMER.,RETURN,AP_BattMonitor_Backend::update_failsafes,PRODUCER,AP_BattMonitor::Failsafe,EXACT,Lines 179-181 use strict greater-than and positive LOW_TIMER. Fixed permalink: https://github.com/ArduPilot/ardupilot/blob/8f2e5db2efd69e4753b0bacb4d87fbe51566ba6e/libraries/AP_BattMonitor/AP_BattMonitor_Backend.cpp#L179
ARD-SHARED-BATT-001,ARD-SHARED-BATT-001-AP-03,ARD-SHARED-BATT-001-AP-03-B02,8f2e5db2efd69e4753b0bacb4d87fbe51566ba6e,baseline/ardupilot/libraries/AP_BattMonitor/AP_BattMonitor_Backend.cpp,162,,return AP_BattMonitor::Failsafe::Critical,Per-instance Critical severity producer after critical voltage persists longer than the same LOW_TIMER.,RETURN,AP_BattMonitor_Backend::update_failsafes,PRODUCER,AP_BattMonitor::Failsafe,EXACT,Lines 158-164 maintain the independent critical-voltage timer. Fixed permalink: https://github.com/ArduPilot/ardupilot/blob/8f2e5db2efd69e4753b0bacb4d87fbe51566ba6e/libraries/AP_BattMonitor/AP_BattMonitor_Backend.cpp#L162
ARD-SHARED-BATT-001,ARD-SHARED-BATT-001-AP-03,ARD-SHARED-BATT-001-AP-03-B03,8f2e5db2efd69e4753b0bacb4d87fbe51566ba6e,baseline/ardupilot/libraries/AP_BattMonitor/AP_BattMonitor.cpp,909,,drivers[i]->update_failsafes(),Frontend consumes the per-instance backend severity and ignores non-increasing severity.,FUNCTION,AP_BattMonitor::check_failsafes,CONSUMER,AP_BattMonitor::Failsafe,EXACT,Lines 909-912 compare the returned enum to state[i].failsafe. Fixed permalink: https://github.com/ArduPilot/ardupilot/blob/8f2e5db2efd69e4753b0bacb4d87fbe51566ba6e/libraries/AP_BattMonitor/AP_BattMonitor.cpp#L909
ARD-SHARED-BATT-001,ARD-SHARED-BATT-001-AP-03,ARD-SHARED-BATT-001-AP-03-B04,8f2e5db2efd69e4753b0bacb4d87fbe51566ba6e,baseline/ardupilot/libraries/AP_BattMonitor/AP_BattMonitor.cpp,934,,Battery instance/severity STATUSTEXT,"Produces a warning text with one-based battery number, low/critical label, voltage, and used capacity.",MESSAGE_PRODUCER,AP_BattMonitor::check_failsafes,PRODUCER,STATUSTEXT text,MAY,Lines 934-935 include instance and severity but no embedded event timestamp or cause subtype. Fixed permalink: https://github.com/ArduPilot/ardupilot/blob/8f2e5db2efd69e4753b0bacb4d87fbe51566ba6e/libraries/AP_BattMonitor/AP_BattMonitor.cpp#L934
ARD-SHARED-BATT-001,ARD-SHARED-BATT-001-AP-03,ARD-SHARED-BATT-001-AP-03-B05,8f2e5db2efd69e4753b0bacb4d87fbe51566ba6e,baseline/ardupilot/libraries/AP_BattMonitor/AP_BattMonitor.cpp,940,,state[i].failsafe = type,"Canonical per-instance monotonic severity-state write, with _has_triggered_failsafe and AP_Notify aggregate mirrors.",ASSIGNMENT,AP_BattMonitor::check_failsafes,WRITE,AP_BattMonitor::Failsafe : uint8_t,EXACT,Lines 936-940 set aggregate flags and the typed per-instance state. Fixed permalink: https://github.com/ArduPilot/ardupilot/blob/8f2e5db2efd69e4753b0bacb4d87fbe51566ba6e/libraries/AP_BattMonitor/AP_BattMonitor.cpp#L940
ARD-SHARED-BATT-001,ARD-SHARED-BATT-001-AP-03,ARD-SHARED-BATT-001-AP-03-B06,8f2e5db2efd69e4753b0bacb4d87fbe51566ba6e,baseline/ardupilot/libraries/AP_BattMonitor/AP_BattMonitor.cpp,957,,"_battery_failsafe_handler_fn(type_str, action)",Vehicle callback producer for the selected low/critical action when its priority is high enough.,CALLBACK,AP_BattMonitor::check_failsafes,PRODUCER,"void(const char*, int8_t)",EXACT,Lines 942-958 map action priority and invoke the bound vehicle handler. Fixed permalink: https://github.com/ArduPilot/ardupilot/blob/8f2e5db2efd69e4753b0bacb4d87fbe51566ba6e/libraries/AP_BattMonitor/AP_BattMonitor.cpp#L957
ARD-SHARED-BATT-001,ARD-SHARED-BATT-001-AP-03,ARD-SHARED-BATT-001-AP-03-B07,8f2e5db2efd69e4753b0bacb4d87fbe51566ba6e,baseline/ardupilot/libraries/GCS_MAVLink/GCS_Common.cpp,419,,BATTERY_STATUS.charge_state producer,Outgoing per-instance charge_state derived from state[i].failsafe; Low and Critical map to corresponding MAV_BATTERY_CHARGE_STATE values.,MESSAGE_PRODUCER,GCS_MAVLINK::send_battery_status,OBSERVATION_SITE,MAV_BATTERY_CHARGE_STATE,MAY,AP_BattMonitor.cpp:1169-1182 maps the enum; GCS_Common.cpp:408-422 sends BATTERY_STATUS with instance id. Fixed permalink: https://github.com/ArduPilot/ardupilot/blob/8f2e5db2efd69e4753b0bacb4d87fbe51566ba6e/libraries/GCS_MAVLink/GCS_Common.cpp#L419
