binding_id,system,term,binding_role,candidate_group,selection_note_zh,binding_kind,symbol,source_path,source_line,source_end_line,function_context,data_type,unit_coordinate,truth_condition_zh,validity_freshness_zh,confidence,confidence_reason_zh,mavlink_observability,mavlink_message_fields,observation_conversion_zh,observation_limit_zh,current_parameter_name,historical_current_relation,version_note_zh,implementation_satisfaction
PX4-TB-001,PX4,Mode_t,PRIMARY_VALUE,Mode_t:primary,该行是其候选组的核心真值实体；只有该组被性质选择时才参与判真。,UORB_FIELD,vehicle_status.nav_state,baseline/px4/msg/versioned/VehicleStatus.msg,35,35,,uint8 enum,,读取 Commander 发布的当前实际导航状态 nav_state。,使用 vehicle_status.timestamp 和 nav_state_timestamp；不要用用户意图字段替代当前状态。,EXACT,当前活动模式字段和枚举值有直接消息定义。,DIRECT,HEARTBEAT.custom_mode,按 px4_custom_mode 的 main_mode/sub_mode 打包表解码。,PGFuzz 的小整数 Flight_Mode 不能直接作为当前 packed custom_mode。,,NOT_APPLICABLE,,NOT_ASSESSED
PX4-TB-002,PX4,Mode_t,SUPPORTING_EVIDENCE,Mode_t:primary,该行只说明形成、消费、关联或发送路径，不会单独改善主值的可观测性。,MAVLINK_ENCODER,get_px4_custom_mode(vehicle_status.nav_state),baseline/px4/src/modules/commander/px4_custom_mode.h,102,102,get_px4_custom_mode(uint8_t nav_state),uint32 packed custom_mode,,把 nav_state 转成 16 位保留、8 位主模式、8 位子模式的 32 位值。,,EXACT,当前 HEARTBEAT 发送路径直接调用该转换函数。,DIRECT,HEARTBEAT.custom_mode,,,,NOT_APPLICABLE,,NOT_ASSESSED
PX4-TB-003,PX4,ALTITUDE,PRIMARY_VALUE,ALTITUDE:primary,该行是其候选组的核心真值实体；只有该组被性质选择时才参与判真。,ENUM_CONSTANT,vehicle_status_s::NAVIGATION_STATE_ALTCTL,baseline/px4/msg/versioned/VehicleStatus.msg,37,37,,uint8 enum,,Mode_t == NAVIGATION_STATE_ALTCTL。,,EXACT,当前 VehicleStatus 导航状态枚举直接定义。,DIRECT,HEARTBEAT.custom_mode,解码当前 PX4 主/子模式后比较。,,,NOT_APPLICABLE,,NOT_ASSESSED
PX4-TB-004,PX4,POSITION,PRIMARY_VALUE,POSITION:primary,该行是其候选组的核心真值实体；只有该组被性质选择时才参与判真。,ENUM_CONSTANT,vehicle_status_s::NAVIGATION_STATE_POSCTL,baseline/px4/msg/versioned/VehicleStatus.msg,38,38,,uint8 enum,,Mode_t == NAVIGATION_STATE_POSCTL。,,EXACT,当前 VehicleStatus 导航状态枚举直接定义。,DIRECT,HEARTBEAT.custom_mode,解码当前 PX4 主/子模式后比较。,,,NOT_APPLICABLE,,NOT_ASSESSED
PX4-TB-005,PX4,HOLD,PRIMARY_VALUE,HOLD:primary,该行是其候选组的核心真值实体；只有该组被性质选择时才参与判真。,ENUM_CONSTANT,vehicle_status_s::NAVIGATION_STATE_AUTO_LOITER,baseline/px4/msg/versioned/VehicleStatus.msg,40,40,,uint8 enum,,Mode_t == NAVIGATION_STATE_AUTO_LOITER。,,EXACT,当前 VehicleStatus 导航状态枚举直接定义。,DIRECT,HEARTBEAT.custom_mode,解码当前 PX4 主/子模式后比较。,,,NOT_APPLICABLE,,NOT_ASSESSED
PX4-TB-006,PX4,RTL,PRIMARY_VALUE,RTL:primary,该行是其候选组的核心真值实体；只有该组被性质选择时才参与判真。,ENUM_CONSTANT,vehicle_status_s::NAVIGATION_STATE_AUTO_RTL,baseline/px4/msg/versioned/VehicleStatus.msg,41,41,,uint8 enum,,Mode_t == NAVIGATION_STATE_AUTO_RTL。,,EXACT,当前 VehicleStatus 导航状态枚举直接定义。,DIRECT,HEARTBEAT.custom_mode,解码当前 PX4 主/子模式后比较。,,,NOT_APPLICABLE,,NOT_ASSESSED
PX4-TB-007,PX4,LAND,PRIMARY_VALUE,LAND:primary,该行是其候选组的核心真值实体；只有该组被性质选择时才参与判真。,ENUM_CONSTANT,vehicle_status_s::NAVIGATION_STATE_AUTO_LAND,baseline/px4/msg/versioned/VehicleStatus.msg,54,54,,uint8 enum,,Mode_t == NAVIGATION_STATE_AUTO_LAND。,,EXACT,当前 VehicleStatus 导航状态枚举直接定义。,DIRECT,HEARTBEAT.custom_mode,解码当前 PX4 主/子模式后比较。,,,NOT_APPLICABLE,,NOT_ASSESSED
PX4-TB-008,PX4,ORBIT,PRIMARY_VALUE,ORBIT:primary,该行是其候选组的核心真值实体；只有该组被性质选择时才参与判真。,ENUM_CONSTANT,vehicle_status_s::NAVIGATION_STATE_ORBIT,baseline/px4/msg/versioned/VehicleStatus.msg,57,57,,uint8 enum,,Mode_t == NAVIGATION_STATE_ORBIT。,,EXACT,当前 VehicleStatus 导航状态枚举直接定义。,DIRECT,HEARTBEAT.custom_mode,解码当前 PX4 主/子模式后比较。,,,NOT_APPLICABLE,,NOT_ASSESSED
PX4-TB-009,PX4,ALT_t,PRIMARY_VALUE,ALT_t:global_amsl,该行是其候选组的核心真值实体；只有该组被性质选择时才参与判真。,UORB_FIELD,vehicle_global_position.alt,baseline/px4/msg/versioned/VehicleGlobalPosition.msg,15,15,,float32,m AMSL,读取 alt 且 alt_valid=true。,检查 timestamp、timestamp_sample、alt_valid 和 alt_reset_counter。,MODELLED,字段身份精确，但论文 ALT 没有统一说明 AMSL、相对 Home 或局部高度。,CONDITIONAL,"GLOBAL_POSITION_INT.alt,time_boot_ms",alt 从毫米除以 1000 得到 AMSL 米。,GLOBAL_POSITION_INT 不携带 gpos.alt_valid 或 alt_reset_counter；外部数值存在不等于估计器样本有效。,,NOT_APPLICABLE,,NOT_ASSESSED
PX4-TB-010,PX4,ALT_t,SUPPORTING_EVIDENCE,ALT_t:global_amsl,该行只说明形成、消费、关联或发送路径，不会单独改善主值的可观测性。,ASSIGNMENT,"EKF2::PublishGlobalPosition(): lla.altitude(), alt_valid, alt_reset_counter",baseline/px4/src/modules/ekf2/EKF2.cpp,1200,1212,EKF2::PublishGlobalPosition(uint64_t),vehicle_global_position altitude plus validity/reset metadata,m AMSL,由 EKF 的 WGS84 高度形成 alt，并分别发布垂直有效位和重置计数。,判真必须同时订阅 alt_valid、alt_reset_counter、timestamp 和 timestamp_sample。,EXACT,当前 uORB 高度、有效位和重置元数据形成路径直接可证。,INSTRUMENTATION_REQUIRED,,,标准 GLOBAL_POSITION_INT 只发送数值，不发送这些有效性和重置字段。,,NOT_APPLICABLE,,NOT_ASSESSED
PX4-TB-011,PX4,ALT_t,SUPPORTING_EVIDENCE,ALT_t:global_amsl,该行只说明形成、消费、关联或发送路径，不会单独改善主值的可观测性。,MAVLINK_SENDER,MavlinkStreamGlobalPositionInt::send(): msg.alt = gpos.alt * 1000,baseline/px4/src/modules/mavlink/streams/GLOBAL_POSITION_INT.hpp,87,87,MavlinkStreamGlobalPositionInt::send(),int32 millimetres,mm AMSL,将 gpos.alt 编码到 GLOBAL_POSITION_INT.alt。,发送函数没有把 gpos.alt_valid 和 alt_reset_counter 一同编码。,EXACT,uORB 到 MAVLink 数值编码直接可证。,CONDITIONAL,"GLOBAL_POSITION_INT.alt,time_boot_ms",,,,NOT_APPLICABLE,,NOT_ASSESSED
PX4-TB-012,PX4,ALT_t,ALTERNATIVE_SEMANTICS,ALT_t:relative_home,该行属于互斥替代解释；只有人工切换到本候选组后才参与判真。,DERIVED_EXPRESSION,vehicle_global_position.alt - home_position.alt,baseline/px4/src/modules/mavlink/streams/GLOBAL_POSITION_INT.hpp,77,77,,float32,m above Home,当 Home 高度有效时，用全球高度减 Home 高度。,要求 gpos.alt_valid、home.valid_alt 和同一时间基准。,MODELLED,只适用于明确要求相对 Home 高度的公式解释。,CONDITIONAL,"GLOBAL_POSITION_INT.relative_alt,time_boot_ms",relative_alt 从毫米除以 1000。,Home 无效时发送器把绝对 AMSL 高度写入 relative_alt；消息还缺少 gpos.alt_valid 和重置计数。,,NOT_APPLICABLE,,NOT_ASSESSED
PX4-TB-013,PX4,ALT_t,ALTERNATIVE_SEMANTICS,ALT_t:relative_rtl_destination,该行属于互斥替代解释；只有人工切换到本候选组后才参与判真。,DERIVED_EXPRESSION,vehicle_global_position.alt - selected RTL destination altitude,baseline/px4/src/modules/navigator/rtl.cpp,477,530,RTL::findRtlDestination(); RTL::calculate_return_alt_from_cone_half_angle(),float derived from current AMSL and selected destination AMSL,"m above Home, safe point, or mission landing destination",RTL_RETURN_ALT 的参考面是当前选定目的地，不一定是 Home；用当前 AMSL 减该目的地 AMSL 才能与参数比较。,必须保存本次 RTL 选择的 destination type、目的地高度、锥角分支和同一有效全球高度样本。,MODELLED,当前参数文档和目的地选择源码直接证明参考面，但论文 ALT_t 没有公开此迁移定义。,INSTRUMENTATION_REQUIRED,,,HOME_POSITION 不会发布 safe point 或 mission landing destination；需要内部订阅/插桩。,,NOT_APPLICABLE,,NOT_ASSESSED
PX4-TB-014,PX4,ALT_t,ALTERNATIVE_SEMANTICS,ALT_t:relative_takeoff_reference,该行属于互斥替代解释；只有人工切换到本候选组后才参与判真。,DERIVED_EXPRESSION,vehicle_global_position.alt - takeoff-reference altitude captured at command/activation,baseline/px4/src/modules/navigator/takeoff.cpp,188,199,Takeoff::set_takeoff_position(),trace-derived float,m above takeoff reference,默认起飞目标由当前 AMSL 加 MIS_TAKEOFF_ALT 形成；监视时应在同一起飞实例捕获参考高度后计算相对高度。,必须关联同一 TAKEOFF 命令/模式实例；若命令已提供绝对目标高度，则默认参数路径不适用。,MODELLED,当前默认目标形成路径可证，但监视参考高度需要事件关联。,DERIVED,"GLOBAL_POSITION_INT.alt,time_boot_ms; COMMAND_LONG/COMMAND_INT 起飞事件",,需要保存起飞实例起点；不能直接把 AMSL 数值与相对高度参数比较。,,NOT_APPLICABLE,,NOT_ASSESSED
PX4-TB-015,PX4,ALT_t,ALTERNATIVE_SEMANTICS,ALT_t:local_ned,该行属于互斥替代解释；只有人工切换到本候选组后才参与判真。,DERIVED_EXPRESSION,-vehicle_local_position.z,baseline/px4/msg/versioned/VehicleLocalPosition.msg,17,17,,float32,m above local NED origin,若性质只要求局部高度变化，则由 NED 坐标向下为正的 z 取负得到向上高度。,要求 z_valid=true，timestamp 新鲜且 z_reset_counter 未变；局部原点不等于 Home 或海拔零点。,MODELLED,字段与符号换算精确，但论文 ALT_t 没有固定高度参考面。,CONDITIONAL,"LOCAL_POSITION_NED.z,time_boot_ms",将 z 取负，并拒绝跨 z_reset_counter 的比较。,,,NOT_APPLICABLE,,NOT_ASSESSED
PX4-TB-016,PX4,ALT_t,ALTERNATIVE_SEMANTICS,ALT_t:distance_to_ground,该行属于互斥替代解释；只有人工切换到本候选组后才参与判真。,UORB_FIELD,vehicle_local_position.dist_bottom,baseline/px4/msg/versioned/VehicleLocalPosition.msg,61,61,,float32,m distance above bottom/ground surface,若 LAND 性质中 ALT_t 实际指离地高度，则读取 dist_bottom。,要求 dist_bottom_valid=true，timestamp 新鲜且 dist_bottom_reset_counter 未变；传感器来源由 bitfield 说明。,MODELLED,当前有明确离地距离字段，但论文 ALT_t 没有说明此处是融合高度还是离地高度。,CONDITIONAL,"DISTANCE_SENSOR.current_distance,time_boot_ms 或 ALTITUDE.altitude_bottom,time_usec",DISTANCE_SENSOR.current_distance 从厘米除以 100；ALTITUDE.altitude_bottom 已为米。,消息只在距离/地形估计有效且对应流已启用时可用。,,NOT_APPLICABLE,,NOT_ASSESSED
PX4-TB-017,PX4,ALT_t-1,PRIMARY_VALUE,ALT_t-1:global_amsl,该行是其候选组的核心真值实体；只有该组被性质选择时才参与判真。,TRACE_PREVIOUS_SAMPLE,previous_accepted(vehicle_global_position.alt),baseline/px4/msg/versioned/VehicleGlobalPosition.msg,15,15,,float32 or trace-derived float,m AMSL,取同一数据源、同一坐标系的前一个已接受有效样本。,前后样本必须使用与当前 ALT_t 相同的候选组、参考面和运行实例，并拒绝跨高度重置的比较。,MODELLED,源码中不存在独立的 t-1 变量；必须由监视器保存历史。,DERIVED,"GLOBAL_POSITION_INT.alt,time_boot_ms",按发送端时间排序后保存前一有效样本；t-1 不是一秒前。,采样周期、丢包、重排和估计器重置会改变相邻样本语义。,,NOT_APPLICABLE,,NOT_ASSESSED
PX4-TB-018,PX4,ALT_t-1,ALTERNATIVE_SEMANTICS,ALT_t-1:relative_home,该行属于互斥替代解释；只有人工切换到本候选组后才参与判真。,TRACE_PREVIOUS_SAMPLE,previous_accepted(vehicle_global_position.alt-home_position.alt),baseline/px4/src/modules/mavlink/streams/GLOBAL_POSITION_INT.hpp,77,77,,float32 or trace-derived float,m above Home,取同一数据源、同一坐标系的前一个已接受有效样本。,前后样本必须使用与当前 ALT_t 相同的候选组、参考面和运行实例，并拒绝跨高度重置的比较。,MODELLED,源码中不存在独立的 t-1 变量；必须由监视器保存历史。,DERIVED,"GLOBAL_POSITION_INT.relative_alt,time_boot_ms",按发送端时间排序后保存前一有效样本；t-1 不是一秒前。,采样周期、丢包、重排和估计器重置会改变相邻样本语义。,,NOT_APPLICABLE,,NOT_ASSESSED
PX4-TB-019,PX4,ALT_t-1,ALTERNATIVE_SEMANTICS,ALT_t-1:local_ned,该行属于互斥替代解释；只有人工切换到本候选组后才参与判真。,TRACE_PREVIOUS_SAMPLE,previous_accepted(-vehicle_local_position.z),baseline/px4/msg/versioned/VehicleLocalPosition.msg,17,17,,float32 or trace-derived float,m above local NED origin,取同一数据源、同一坐标系的前一个已接受有效样本。,前后样本必须使用与当前 ALT_t 相同的候选组、参考面和运行实例，并拒绝跨高度重置的比较。,MODELLED,源码中不存在独立的 t-1 变量；必须由监视器保存历史。,DERIVED,"LOCAL_POSITION_NED.z,time_boot_ms",按发送端时间排序后保存前一有效样本；t-1 不是一秒前。,采样周期、丢包、重排和估计器重置会改变相邻样本语义。,,NOT_APPLICABLE,,NOT_ASSESSED
PX4-TB-020,PX4,ALT_t-1,ALTERNATIVE_SEMANTICS,ALT_t-1:distance_to_ground,该行属于互斥替代解释；只有人工切换到本候选组后才参与判真。,TRACE_PREVIOUS_SAMPLE,previous_accepted(vehicle_local_position.dist_bottom),baseline/px4/msg/versioned/VehicleLocalPosition.msg,61,61,,float32 or trace-derived float,m distance to ground,取同一数据源、同一坐标系的前一个已接受有效样本。,前后样本必须使用与当前 ALT_t 相同的候选组、参考面和运行实例，并拒绝跨高度重置的比较。,MODELLED,源码中不存在独立的 t-1 变量；必须由监视器保存历史。,DERIVED,DISTANCE_SENSOR.current_distance 或 ALTITUDE.altitude_bottom,按发送端时间排序后保存前一有效样本；t-1 不是一秒前。,采样周期、丢包、重排和估计器重置会改变相邻样本语义。,,NOT_APPLICABLE,,NOT_ASSESSED
PX4-TB-021,PX4,ALT_t-1,ALTERNATIVE_SEMANTICS,ALT_t-1:relative_rtl_destination,该行属于互斥替代解释；只有人工切换到本候选组后才参与判真。,TRACE_PREVIOUS_SAMPLE,previous_accepted(current AMSL-selected RTL destination AMSL),baseline/px4/src/modules/navigator/rtl.cpp,477,477,,float32 or trace-derived float,m above selected RTL destination,取同一数据源、同一坐标系的前一个已接受有效样本。,前后样本必须使用与当前 ALT_t 相同的候选组、参考面和运行实例，并拒绝跨高度重置的比较。,MODELLED,源码中不存在独立的 t-1 变量；必须由监视器保存历史。,DERIVED,内部目的地加 GLOBAL_POSITION_INT.alt,按发送端时间排序后保存前一有效样本；t-1 不是一秒前。,采样周期、丢包、重排和估计器重置会改变相邻样本语义。,,NOT_APPLICABLE,,NOT_ASSESSED
PX4-TB-022,PX4,ALT_t-1,ALTERNATIVE_SEMANTICS,ALT_t-1:relative_takeoff_reference,该行属于互斥替代解释；只有人工切换到本候选组后才参与判真。,TRACE_PREVIOUS_SAMPLE,previous_accepted(current AMSL-captured takeoff reference AMSL),baseline/px4/src/modules/navigator/takeoff.cpp,188,188,,float32 or trace-derived float,m above takeoff reference,取同一数据源、同一坐标系的前一个已接受有效样本。,前后样本必须使用与当前 ALT_t 相同的候选组、参考面和运行实例，并拒绝跨高度重置的比较。,MODELLED,源码中不存在独立的 t-1 变量；必须由监视器保存历史。,DERIVED,轨迹捕获加 GLOBAL_POSITION_INT.alt,按发送端时间排序后保存前一有效样本；t-1 不是一秒前。,采样周期、丢包、重排和估计器重置会改变相邻样本语义。,,NOT_APPLICABLE,,NOT_ASSESSED
PX4-TB-023,PX4,Pos_t,PRIMARY_VALUE,Pos_t:global_wgs84,该行是其候选组的核心真值实体；只有该组被性质选择时才参与判真。,UORB_FIELD,"vehicle_global_position.lat,lon",baseline/px4/msg/versioned/VehicleGlobalPosition.msg,13,13,,float64 tuple,degrees WGS84,读取 lat/lon 且 lat_lon_valid=true。,检查 timestamp、lat_lon_valid 和 lat_lon_reset_counter。,MODELLED,字段精确；论文位置严格相等需要距离容差和重置处理。,DIRECT,"GLOBAL_POSITION_INT.lat,lon,time_boot_ms",经纬度除以 1e7；比较时换算为地表距离。,,,NOT_APPLICABLE,,NOT_ASSESSED
PX4-TB-024,PX4,Pos_t,ALTERNATIVE_SEMANTICS,Pos_t:local_ned,该行属于互斥替代解释；只有人工切换到本候选组后才参与判真。,UORB_FIELD,"vehicle_local_position.x,y",baseline/px4/msg/versioned/VehicleLocalPosition.msg,15,15,,float32 tuple,m local NED,读取 x/y 且 xy_valid=true。,前后比较必须保持同一局部原点且 xy_reset_counter 不变。,MODELLED,可用于局部位移，但局部原点不等于 Home。,CONDITIONAL,"LOCAL_POSITION_NED.x,y,time_boot_ms",,,,NOT_APPLICABLE,,NOT_ASSESSED
PX4-TB-025,PX4,Pos_t-1,PRIMARY_VALUE,Pos_t-1:global_wgs84,该行是其候选组的核心真值实体；只有该组被性质选择时才参与判真。,TRACE_PREVIOUS_SAMPLE,"previous_accepted(vehicle_global_position.lat,lon)",baseline/px4/msg/versioned/VehicleGlobalPosition.msg,13,13,,position tuple,WGS84 degrees,取同一数据源、同一坐标系的前一个已接受有效样本。,必须与当前 Pos_t 使用同一候选组；拒绝跨 xy/lat_lon reset counter 的样本。,MODELLED,源码中不存在独立的 t-1 变量；必须由监视器保存历史。,DERIVED,"GLOBAL_POSITION_INT.lat,lon,time_boot_ms",按发送端时间排序后保存前一有效样本；t-1 不是一秒前。,采样周期、丢包、重排和估计器重置会改变相邻样本语义。,,NOT_APPLICABLE,,NOT_ASSESSED
PX4-TB-026,PX4,Pos_t-1,ALTERNATIVE_SEMANTICS,Pos_t-1:local_ned,该行属于互斥替代解释；只有人工切换到本候选组后才参与判真。,TRACE_PREVIOUS_SAMPLE,"previous_accepted(vehicle_local_position.x,y)",baseline/px4/msg/versioned/VehicleLocalPosition.msg,15,15,,position tuple,m local NED,取同一数据源、同一坐标系的前一个已接受有效样本。,必须与当前 Pos_t 使用同一候选组；拒绝跨 xy/lat_lon reset counter 的样本。,MODELLED,源码中不存在独立的 t-1 变量；必须由监视器保存历史。,DERIVED,"LOCAL_POSITION_NED.x,y,time_boot_ms",按发送端时间排序后保存前一有效样本；t-1 不是一秒前。,采样周期、丢包、重排和估计器重置会改变相邻样本语义。,,NOT_APPLICABLE,,NOT_ASSESSED
PX4-TB-027,PX4,home_position,PRIMARY_VALUE,home_position:primary,该行是其候选组的核心真值实体；只有该组被性质选择时才参与判真。,UORB_FIELD,"home_position.lat,lon",baseline/px4/msg/versioned/HomePosition.msg,7,7,,float64 tuple,degrees WGS84,读取 Home 经纬度且 valid_hpos=true。,检查 timestamp、valid_hpos 和 update_count。,EXACT,Home 字段与 MAVLink HOME_POSITION 发送路径直接对应。,DIRECT,"HOME_POSITION.latitude,longitude,time_usec",纬经度除以 1e7；Home 并非所有 RTL 配置下唯一目的地。,,,NOT_APPLICABLE,,NOT_ASSESSED
PX4-TB-028,PX4,GroundALT,PRIMARY_VALUE,GroundALT:untyped_unresolved,该行是其候选组的核心真值实体；只有该组被性质选择时才参与判真。,UNRESOLVED_ABSTRACTION,no type-compatible numeric GroundALT definition,,0,0,,undefined paper abstraction,,论文没有给 GroundALT 的数值类型、参考面或容差，不能把 vehicle_land_detected.landed 布尔量代入高度等式。,补充数值地面参考定义或明确改写为 landed 布尔性质前不判真。,UNRESOLVED,当前 landed、Home AMSL 和 terrain AMSL 是互斥候选，均未被论文确认。,UNRESOLVED,,,,,NOT_APPLICABLE,,NOT_ASSESSED
PX4-TB-029,PX4,GroundALT,ALTERNATIVE_SEMANTICS,GroundALT:landed_state,该行属于互斥替代解释；只有人工切换到本候选组后才参与判真。,UORB_FIELD,vehicle_land_detected.landed,baseline/px4/msg/versioned/VehicleLandDetected.msg,8,8,,bool,,若真实含义是触地，使用 landed==true 作为语义代理。,这是触地检测，不是数值高度。,MODELLED,论文 GroundALT 未定义；触地状态比高度严格等式更接近自然语言。,DIRECT,EXTENDED_SYS_STATE.landed_state,判断 MAV_LANDED_STATE_ON_GROUND。,,,NOT_APPLICABLE,,NOT_ASSESSED
PX4-TB-030,PX4,GroundALT,ALTERNATIVE_SEMANTICS,GroundALT:home_amsl,该行属于互斥替代解释；只有人工切换到本候选组后才参与判真。,UORB_FIELD,home_position.alt,baseline/px4/msg/versioned/HomePosition.msg,9,9,,float32,m AMSL,若论文把 GroundALT 简化为 Home 点地面海拔，则读取 home_position.alt。,要求 valid_alt=true；Home 地面海拔不等于飞行器当前下方地形高度。,MODELLED,字段身份精确，但 GroundALT 的论文定义缺失，只能作为一种有条件的参考面解释。,DIRECT,"HOME_POSITION.altitude,time_usec",altitude 从毫米除以 1000 得到 AMSL 米。,,,NOT_APPLICABLE,,NOT_ASSESSED
PX4-TB-031,PX4,GroundALT,ALTERNATIVE_SEMANTICS,GroundALT:terrain_amsl,该行属于互斥替代解释；只有人工切换到本候选组后才参与判真。,UORB_FIELD,vehicle_global_position.terrain_alt,baseline/px4/msg/versioned/VehicleGlobalPosition.msg,30,30,,float32,m WGS84 terrain altitude,只有 terrain_alt_valid=true 时才可解释为飞行器下方地形高度。,,UNRESOLVED,论文没有说明 GroundALT 是否是地形高度，标准消息也不直接携带该字段。,INSTRUMENTATION_REQUIRED,,,,,NOT_APPLICABLE,,NOT_ASSESSED
PX4-TB-032,PX4,Yaw_t,PRIMARY_VALUE,Yaw_t:primary,该行是其候选组的核心真值实体；只有该组被性质选择时才参与判真。,UORB_FIELD,vehicle_local_position.heading,baseline/px4/msg/versioned/VehicleLocalPosition.msg,42,42,,float32,radians in NED tangent plane,读取 heading，并要求 heading_good_for_control。,检查 timestamp 和 heading_reset_counter；使用环形角差。,EXACT,当前航向字段和 MAVLink 编码直接对应；它不是 yawspeed。,DIRECT,"GLOBAL_POSITION_INT.hdg,time_boot_ms",hdg 从百分之一度转为角度/弧度并处理 0/360 环绕。,,,NOT_APPLICABLE,,NOT_ASSESSED
PX4-TB-033,PX4,Yaw_t-1,PRIMARY_VALUE,Yaw_t-1:primary,该行是其候选组的核心真值实体；只有该组被性质选择时才参与判真。,TRACE_PREVIOUS_SAMPLE,previous_accepted(vehicle_local_position.heading),baseline/px4/msg/versioned/VehicleLocalPosition.msg,42,42,,float32,radians,取同一数据源、同一坐标系的前一个已接受有效样本。,只接受 heading_reset_counter 未变化的有序有效样本，并用环形角差。,MODELLED,源码中不存在独立的 t-1 变量；必须由监视器保存历史。,DERIVED,"GLOBAL_POSITION_INT.hdg,time_boot_ms",按发送端时间排序后保存前一有效样本；t-1 不是一秒前。,采样周期、丢包、重排和估计器重置会改变相邻样本语义。,,NOT_APPLICABLE,,NOT_ASSESSED
PX4-TB-034,PX4,Speed_vertical_t,PRIMARY_VALUE,Speed_vertical_t:primary,该行是其候选组的核心真值实体；只有该组被性质选择时才参与判真。,UORB_FIELD,vehicle_local_position.vz,baseline/px4/msg/versioned/VehicleLocalPosition.msg,28,28,,float32,m/s NED down-positive,着陆下降速率取 +vz；起飞上升速率取 -vz；要求 v_z_valid。,检查 timestamp、v_z_valid 和 vz_reset_counter。,MODELLED,字段身份精确，但论文没有统一速度方向且参数是约束/目标而非实际值保证。,DIRECT,"GLOBAL_POSITION_INT.vz,time_boot_ms",MAVLink vz 从厘米/秒除以 100；上升时再取负号。,,,NOT_APPLICABLE,,NOT_ASSESSED
PX4-TB-035,PX4,Circle_radius_t,PRIMARY_VALUE,Circle_radius_t:target_radius,该行是其候选组的核心真值实体；只有该组被性质选择时才参与判真。,CLASS_MEMBER,FlightTaskOrbit::_orbit_radius,baseline/px4/src/modules/flight_mode_manager/tasks/Orbit/FlightTaskOrbit.hpp,119,119,,float,m target radius,读取内部无符号目标半径。,只在当前 ORBIT 任务实例激活时有效。,EXACT,当前 Orbit 类成员直接定义。,INSTRUMENTATION_REQUIRED,,,,,NOT_APPLICABLE,,NOT_ASSESSED
PX4-TB-036,PX4,Circle_radius_t,SUPPORTING_EVIDENCE,Circle_radius_t:target_radius,该行只说明形成、消费、关联或发送路径，不会单独改善主值的可观测性。,DERIVED_EXPRESSION,fabs(orbit_status.radius),baseline/px4/msg/OrbitStatus.msg,10,10,,float32,m,取发布的带符号半径绝对值。,按 orbit_status.timestamp/ORBIT_EXECUTION_STATUS.time_usec 检查新鲜度。,EXACT,发送端明确用速度符号乘内部半径。,DIRECT,"ORBIT_EXECUTION_STATUS.radius,time_usec",半径取绝对值；符号另用于旋转方向。,,,NOT_APPLICABLE,,NOT_ASSESSED
PX4-TB-037,PX4,Circle_radius_t-1,PRIMARY_VALUE,Circle_radius_t-1:primary,该行是其候选组的核心真值实体；只有该组被性质选择时才参与判真。,TRACE_PREVIOUS_SAMPLE,previous_accepted(fabs(orbit_status.radius)),baseline/px4/msg/OrbitStatus.msg,10,10,,float32,m,取同一数据源、同一坐标系的前一个已接受有效样本。,只接受同一 ORBIT 实例且发送时间递增的样本。,MODELLED,源码中不存在独立的 t-1 变量；必须由监视器保存历史。,DERIVED,"ORBIT_EXECUTION_STATUS.radius,time_usec",按发送端时间排序后保存前一有效样本；t-1 不是一秒前。,采样周期、丢包、重排和估计器重置会改变相邻样本语义。,,NOT_APPLICABLE,,NOT_ASSESSED
PX4-TB-038,PX4,Circle_direction_t,PRIMARY_VALUE,Circle_direction_t:target_encoded_direction,该行是其候选组的核心真值实体；只有该组被性质选择时才参与判真。,DERIVED_EXPRESSION,sign(orbit_status.radius),baseline/px4/src/modules/flight_mode_manager/tasks/Orbit/FlightTaskOrbit.cpp,138,138,,bool derived from float sign,,radius>0 表示顺时针，radius<0 表示逆时针。,消息必须属于当前 ORBIT 实例；发布端 signNoZero 在 _orbit_velocity==0 时仍编码正半径，因此正号只是目标/编码方向，不证明正在运动。,MODELLED,发布代码精确编码目标方向，但论文没有证明 direction 指目标编码而非实际运动方向。,DIRECT,ORBIT_EXECUTION_STATUS.radius,,,,NOT_APPLICABLE,,NOT_ASSESSED
PX4-TB-039,PX4,Circle_direction_t,SUPPORTING_EVIDENCE,Circle_direction_t:target_encoded_direction,该行只说明形成、消费、关联或发送路径，不会单独改善主值的可观测性。,DERIVED_EXPRESSION,sign(FlightTaskOrbit::_orbit_velocity),baseline/px4/src/modules/flight_mode_manager/tasks/Orbit/FlightTaskOrbit.hpp,118,118,,direction derived from float sign,signed target tangential velocity,内部目标圆周速度的符号决定旋转方向，并在发布 orbit_status.radius 时编码到半径符号。,只在当前 ORBIT 任务实例激活且 _orbit_velocity 非零时有方向意义。,EXACT,内部方向来源与对外带符号半径的编码路径直接可证。,INSTRUMENTATION_REQUIRED,,,直接读内部成员需要插桩；对外可优先使用上一行 ORBIT_EXECUTION_STATUS.radius 的符号。,,NOT_APPLICABLE,,NOT_ASSESSED
PX4-TB-040,PX4,Circle_direction_t,SUPPORTING_EVIDENCE,Circle_direction_t:target_encoded_direction,该行只说明形成、消费、关联或发送路径，不会单独改善主值的可观测性。,ASSIGNMENT,FlightTaskOrbit::applyCommandParameters(): command.param1 sign -> _orbit_velocity,baseline/px4/src/modules/flight_mode_manager/tasks/Orbit/FlightTaskOrbit.cpp,68,68,"FlightTaskOrbit::applyCommandParameters(const vehicle_command_s&, bool&)",signed float target velocity,param1 radius sign plus param2 m/s speed,ORBIT 命令 param1 的符号选方向，param2 提供速度大小，最后写入带符号 _orbit_velocity。,参数必须为有限数并通过半径范围检查。,EXACT,命令参数到内部目标的赋值路径直接可证。,CONDITIONAL,"COMMAND_LONG.command=MAV_CMD_DO_ORBIT,param1,param2; COMMAND_ACK",,发送值不等于飞控已接受，需关联 ACK 和后续 ORBIT_EXECUTION_STATUS。,,NOT_APPLICABLE,,NOT_ASSESSED
PX4-TB-041,PX4,Circle_direction_t,SUPPORTING_EVIDENCE,Circle_direction_t:target_encoded_direction,该行只说明形成、消费、关联或发送路径，不会单独改善主值的可观测性。,MAVLINK_SENDER,MavlinkStreamOrbitStatus::send(),baseline/px4/src/modules/mavlink/streams/ORBIT_EXECUTION_STATUS.hpp,70,70,MavlinkStreamOrbitStatus::send(),signed radius encoder,,将 orbit_status.radius 保持符号发送为 ORBIT_EXECUTION_STATUS.radius。,按 orbit_status.timestamp 关联当前 ORBIT 实例。,EXACT,uORB 字段到 MAVLink 字段的编码直接可证。,DIRECT,"ORBIT_EXECUTION_STATUS.radius,time_usec",,,,NOT_APPLICABLE,,NOT_ASSESSED
PX4-TB-042,PX4,Circle_direction_t,ALTERNATIVE_SEMANTICS,Circle_direction_t:actual_motion_direction,该行属于互斥替代解释；只有人工切换到本候选组后才参与判真。,DERIVED_EXPRESSION,"sign(cross_2d(position - orbit_center, horizontal_velocity))",baseline/px4/msg/versioned/VehicleLocalPosition.msg,26,26,,"direction derived from position, center and velocity",one common local tangent frame,若性质指实际飞行方向，则把位置到圆心的径向向量与水平速度做二维叉积，由符号判断旋转方向。,圆心、位置和速度必须转到同一坐标系，且速度大小高于有来源的噪声门限；论文未给门限。,MODELLED,这是实际运动方向的可观测派生定义，但论文不明确要目标还是实际方向。,DERIVED,"ORBIT_EXECUTION_STATUS.x,y; GLOBAL_POSITION_INT.lat,lon,vx,vy,time_boot_ms",,,,NOT_APPLICABLE,,NOT_ASSESSED
PX4-TB-043,PX4,Circle_speed_t,PRIMARY_VALUE,Circle_speed_t:target_tangential_speed,该行是其候选组的核心真值实体；只有该组被性质选择时才参与判真。,CLASS_MEMBER,fabs(FlightTaskOrbit::_orbit_velocity),baseline/px4/src/modules/flight_mode_manager/tasks/Orbit/FlightTaskOrbit.hpp,118,118,,float,m/s target tangential speed magnitude,若论文 speed 指内部目标圆周速度，则取 _orbit_velocity 绝对值。,只在 ORBIT 激活时有效，并保留方向符号供 direction 命题使用。,MODELLED,论文未区分目标速度和实际水平地速。,INSTRUMENTATION_REQUIRED,,,,,NOT_APPLICABLE,,NOT_ASSESSED
PX4-TB-044,PX4,Circle_speed_t,ALTERNATIVE_SEMANTICS,Circle_speed_t:actual_ground_speed,该行属于互斥替代解释；只有人工切换到本候选组后才参与判真。,DERIVED_EXPRESSION,"hypot(vehicle_local_position.vx, vehicle_local_position.vy)",baseline/px4/msg/versioned/VehicleLocalPosition.msg,26,26,,float32,m/s actual horizontal ground speed,若论文指实际速度，则由 vx、vy 计算水平速度大小。,要求 v_xy_valid 且前后样本未跨速度重置。,MODELLED,实际速度可派生，但不等于内部目标 _orbit_velocity。,DERIVED,"GLOBAL_POSITION_INT.vx,vy,time_boot_ms",vx、vy 从厘米/秒除以 100 后计算平方和开方。,,,NOT_APPLICABLE,,NOT_ASSESSED
PX4-TB-045,PX4,Circle_speed_t-1,PRIMARY_VALUE,Circle_speed_t-1:target_tangential_speed,该行是其候选组的核心真值实体；只有该组被性质选择时才参与判真。,TRACE_PREVIOUS_SAMPLE,previous_accepted(fabs(FlightTaskOrbit::_orbit_velocity)),baseline/px4/src/modules/flight_mode_manager/tasks/Orbit/FlightTaskOrbit.hpp,118,118,,float,m/s,取同一数据源、同一坐标系的前一个已接受有效样本。,前后必须与当前 Circle_speed_t 使用同一候选组；不能混用目标速度和实际地速。,MODELLED,源码中不存在独立的 t-1 变量；必须由监视器保存历史。,DERIVED,内部插桩,按发送端时间排序后保存前一有效样本；t-1 不是一秒前。,采样周期、丢包、重排和估计器重置会改变相邻样本语义。,,NOT_APPLICABLE,,NOT_ASSESSED
PX4-TB-046,PX4,Circle_speed_t-1,ALTERNATIVE_SEMANTICS,Circle_speed_t-1:actual_ground_speed,该行属于互斥替代解释；只有人工切换到本候选组后才参与判真。,TRACE_PREVIOUS_SAMPLE,"previous_accepted(hypot(vehicle_local_position.vx,vehicle_local_position.vy))",baseline/px4/msg/versioned/VehicleLocalPosition.msg,26,26,,float,m/s,取同一数据源、同一坐标系的前一个已接受有效样本。,前后必须与当前 Circle_speed_t 使用同一候选组；不能混用目标速度和实际地速。,MODELLED,源码中不存在独立的 t-1 变量；必须由监视器保存历史。,DERIVED,"GLOBAL_POSITION_INT.vx,vy,time_boot_ms",按发送端时间排序后保存前一有效样本；t-1 不是一秒前。,采样周期、丢包、重排和估计器重置会改变相邻样本语义。,,NOT_APPLICABLE,,NOT_ASSESSED
PX4-TB-047,PX4,RC_pitch,ALTERNATIVE_SEMANTICS,RC_pitch:normalized_manual_control,该行属于互斥替代解释；只有人工切换到本候选组后才参与判真。,UORB_FIELD,manual_control_setpoint.pitch,baseline/px4/msg/versioned/ManualControlSetpoint.msg,27,27,,"float32 normalized [-1,1]",,读取有效的标准化俯仰输入。,要求 valid=true、timestamp 新鲜，并保留 data_source。,MODELLED,当前控制使用标准化输入；论文 1500 是原始 PWM，二者需校准映射。,DIRECT,MANUAL_CONTROL 对应轴字段,不要把标准化零值直接写成原始 PWM 1500。,,,NOT_APPLICABLE,,NOT_ASSESSED
PX4-TB-048,PX4,RC_pitch,PRIMARY_VALUE,RC_pitch:raw_pwm,该行是其候选组的核心真值实体；只有该组被性质选择时才参与判真。,DERIVED_EXPRESSION,input_rc.values[RC_MAP_PITCH-1],baseline/px4/src/modules/rc_update/rc_update.cpp,440,440,RCUpdate::Run() raw-channel scaling loop,uint16 raw PWM,microseconds/PWM,论文与 1500 比较时使用当前 RC_MAP 选择的原始俯仰通道。,RC_MAP 必须有效；检查 rc_lost、rc_failsafe、timestamp_last_signal。,MODELLED,原始值可定位，但物理通道号、反向、校准和死区均为配置。,CONDITIONAL,"RC_CHANNELS.chanN_raw,time_boot_ms",N 由当前 RC_MAP 参数决定，不能固定假设 chan1/2/3。,,,NOT_APPLICABLE,,NOT_ASSESSED
PX4-TB-049,PX4,RC_pitch,SUPPORTING_EVIDENCE,RC_pitch:raw_pwm,该行只说明形成、消费、关联或发送路径，不会单独改善主值的可观测性。,ASSIGNMENT,RCUpdate::_rc.function[FUNCTION_PITCH] = RC_MAP_PITCH - 1,baseline/px4/src/modules/rc_update/rc_update.cpp,195,195,RCUpdate::update_rc_functions(),int8 channel-index mapping,,当前 RC_MAP_PITCH 参数减一得到俯仰功能对应的 values[] 索引。,参数值必须在有效通道范围内，并与当前 channel_count 联合检查。,EXACT,通道功能到原始数组索引的赋值直接可证。,DIRECT,"PARAM_VALUE.param_id=RC_MAP_PITCH,param_value",,,,NOT_APPLICABLE,,NOT_ASSESSED
PX4-TB-050,PX4,RC_roll,ALTERNATIVE_SEMANTICS,RC_roll:normalized_manual_control,该行属于互斥替代解释；只有人工切换到本候选组后才参与判真。,UORB_FIELD,manual_control_setpoint.roll,baseline/px4/msg/versioned/ManualControlSetpoint.msg,26,26,,"float32 normalized [-1,1]",,读取有效的标准化横滚输入。,要求 valid=true、timestamp 新鲜，并保留 data_source。,MODELLED,当前控制使用标准化输入；论文 1500 是原始 PWM，二者需校准映射。,DIRECT,MANUAL_CONTROL 对应轴字段,不要把标准化零值直接写成原始 PWM 1500。,,,NOT_APPLICABLE,,NOT_ASSESSED
PX4-TB-051,PX4,RC_roll,PRIMARY_VALUE,RC_roll:raw_pwm,该行是其候选组的核心真值实体；只有该组被性质选择时才参与判真。,DERIVED_EXPRESSION,input_rc.values[RC_MAP_ROLL-1],baseline/px4/src/modules/rc_update/rc_update.cpp,440,440,RCUpdate::Run() raw-channel scaling loop,uint16 raw PWM,microseconds/PWM,论文与 1500 比较时使用当前 RC_MAP 选择的原始横滚通道。,RC_MAP 必须有效；检查 rc_lost、rc_failsafe、timestamp_last_signal。,MODELLED,原始值可定位，但物理通道号、反向、校准和死区均为配置。,CONDITIONAL,"RC_CHANNELS.chanN_raw,time_boot_ms",N 由当前 RC_MAP 参数决定，不能固定假设 chan1/2/3。,,,NOT_APPLICABLE,,NOT_ASSESSED
PX4-TB-052,PX4,RC_roll,SUPPORTING_EVIDENCE,RC_roll:raw_pwm,该行只说明形成、消费、关联或发送路径，不会单独改善主值的可观测性。,ASSIGNMENT,RCUpdate::_rc.function[FUNCTION_ROLL] = RC_MAP_ROLL - 1,baseline/px4/src/modules/rc_update/rc_update.cpp,194,194,RCUpdate::update_rc_functions(),int8 channel-index mapping,,当前 RC_MAP_ROLL 参数减一得到横滚功能对应的 values[] 索引。,参数值必须在有效通道范围内，并与当前 channel_count 联合检查。,EXACT,通道功能到原始数组索引的赋值直接可证。,DIRECT,"PARAM_VALUE.param_id=RC_MAP_ROLL,param_value",,,,NOT_APPLICABLE,,NOT_ASSESSED
PX4-TB-053,PX4,Throttle_t,ALTERNATIVE_SEMANTICS,Throttle_t:normalized_manual_control,该行属于互斥替代解释；只有人工切换到本候选组后才参与判真。,UORB_FIELD,manual_control_setpoint.throttle,baseline/px4/msg/versioned/ManualControlSetpoint.msg,29,29,,"float32 normalized [-1,1]",,读取有效的标准化油门输入。,要求 valid=true、timestamp 新鲜，并保留 data_source。,MODELLED,当前控制使用标准化输入；论文 1500 是原始 PWM，二者需校准映射。,DIRECT,MANUAL_CONTROL 对应轴字段,不要把标准化零值直接写成原始 PWM 1500。,,,NOT_APPLICABLE,,NOT_ASSESSED
PX4-TB-054,PX4,Throttle_t,PRIMARY_VALUE,Throttle_t:raw_pwm,该行是其候选组的核心真值实体；只有该组被性质选择时才参与判真。,DERIVED_EXPRESSION,input_rc.values[RC_MAP_THROTTLE-1],baseline/px4/src/modules/rc_update/rc_update.cpp,440,440,RCUpdate::Run() raw-channel scaling loop,uint16 raw PWM,microseconds/PWM,论文与 1500 比较时使用当前 RC_MAP 选择的原始油门通道。,RC_MAP 必须有效；检查 rc_lost、rc_failsafe、timestamp_last_signal。,MODELLED,原始值可定位，但物理通道号、反向、校准和死区均为配置。,CONDITIONAL,"RC_CHANNELS.chanN_raw,time_boot_ms",N 由当前 RC_MAP 参数决定，不能固定假设 chan1/2/3。,,,NOT_APPLICABLE,,NOT_ASSESSED
PX4-TB-055,PX4,Throttle_t,SUPPORTING_EVIDENCE,Throttle_t:raw_pwm,该行只说明形成、消费、关联或发送路径，不会单独改善主值的可观测性。,ASSIGNMENT,RCUpdate::_rc.function[FUNCTION_THROTTLE] = RC_MAP_THROTTLE - 1,baseline/px4/src/modules/rc_update/rc_update.cpp,193,193,RCUpdate::update_rc_functions(),int8 channel-index mapping,,当前 RC_MAP_THROTTLE 参数减一得到油门功能对应的 values[] 索引。,参数值必须在有效通道范围内，并与当前 channel_count 联合检查。,EXACT,通道功能到原始数组索引的赋值直接可证。,DIRECT,"PARAM_VALUE.param_id=RC_MAP_THROTTLE,param_value",,,,NOT_APPLICABLE,,NOT_ASSESSED
PX4-TB-056,PX4,RC_pitch,SUPPORTING_EVIDENCE,RC_pitch:normalized_manual_control,该行只说明形成、消费、关联或发送路径，不会单独改善主值的可观测性。,ASSOCIATED_FIELD,manual_control_setpoint.data_source == SOURCE_RC,baseline/px4/msg/versioned/ManualControlSetpoint.msg,8,17,,uint8 source enum and field,,只有 data_source==SOURCE_RC 时，标准化轴值才代表物理 RC，而不是 MAVLink 手动控制源。,与同一条 manual_control_setpoint 的 valid、timestamp_sample 和轴字段配对。,EXACT,SOURCE_RC 枚举和 data_source 字段在当前消息定义中直接给出。,INSTRUMENTATION_REQUIRED,,,标准 MANUAL_CONTROL 消息不回传 PX4 内部 data_source 字段。,,NOT_APPLICABLE,,NOT_ASSESSED
PX4-TB-057,PX4,RC_roll,SUPPORTING_EVIDENCE,RC_roll:normalized_manual_control,该行只说明形成、消费、关联或发送路径，不会单独改善主值的可观测性。,ASSOCIATED_FIELD,manual_control_setpoint.data_source == SOURCE_RC,baseline/px4/msg/versioned/ManualControlSetpoint.msg,8,17,,uint8 source enum and field,,只有 data_source==SOURCE_RC 时，标准化轴值才代表物理 RC，而不是 MAVLink 手动控制源。,与同一条 manual_control_setpoint 的 valid、timestamp_sample 和轴字段配对。,EXACT,SOURCE_RC 枚举和 data_source 字段在当前消息定义中直接给出。,INSTRUMENTATION_REQUIRED,,,标准 MANUAL_CONTROL 消息不回传 PX4 内部 data_source 字段。,,NOT_APPLICABLE,,NOT_ASSESSED
PX4-TB-058,PX4,Throttle_t,SUPPORTING_EVIDENCE,Throttle_t:normalized_manual_control,该行只说明形成、消费、关联或发送路径，不会单独改善主值的可观测性。,ASSOCIATED_FIELD,manual_control_setpoint.data_source == SOURCE_RC,baseline/px4/msg/versioned/ManualControlSetpoint.msg,8,17,,uint8 source enum and field,,只有 data_source==SOURCE_RC 时，标准化轴值才代表物理 RC，而不是 MAVLink 手动控制源。,与同一条 manual_control_setpoint 的 valid、timestamp_sample 和轴字段配对。,EXACT,SOURCE_RC 枚举和 data_source 字段在当前消息定义中直接给出。,INSTRUMENTATION_REQUIRED,,,标准 MANUAL_CONTROL 消息不回传 PX4 内部 data_source 字段。,,NOT_APPLICABLE,,NOT_ASSESSED
PX4-TB-059,PX4,RC_t,ALTERNATIVE_SEMANTICS,RC_t:manual_control_availability,该行属于互斥替代解释；只有人工切换到本候选组后才参与判真。,UORB_FIELD,failsafe_flags.manual_control_signal_lost,baseline/px4/msg/FailsafeFlags.msg,39,39,,bool,,RC_t=off 当且仅当该标志为 true；RC_t=on 当且仅当为 false。,当前检查还依赖 manual_control_setpoint.valid、时间戳和 COM_RC_LOSS_T；若要表示物理 RC，还要求 data_source==SOURCE_RC。,EXACT,当前 failsafe 状态机使用的手动控制丢失字段直接定义。,CONDITIONAL,HIGH_LATENCY2.failure_flags & HL_FAILURE_FLAG_RC_RECEIVER,,只有 HIGH_LATENCY2 流已启用时才能读取；该位编码 manual_control_signal_lost，不证明丢失的一定是物理 RC。,,NOT_APPLICABLE,,NOT_ASSESSED
PX4-TB-060,PX4,RC_t,SUPPORTING_EVIDENCE,RC_t:manual_control_availability,该行只说明形成、消费、关联或发送路径，不会单独改善主值的可观测性。,ASSIGNMENT,manual_control_setpoint.valid && age <= COM_RC_LOSS_T,baseline/px4/src/modules/commander/HealthAndArmingChecks/checks/rcAndDataLinkCheck.cpp,48,48,RcAndDataLinkChecks::checkAndReport(),derived bool,,有效且未超过实际 COM_RC_LOSS_T 时视为 RC 可用。,必须读取当前参数值和飞控单调时间，不能用观察端固定超时替代。,EXACT,当前赋值条件直接定义 manual_control_signal_lost。,DERIVED,MANUAL_CONTROL或RC_CHANNELS到达序列，加 PARAM_VALUE(COM_RC_LOSS_T),,,,NOT_APPLICABLE,,NOT_ASSESSED
PX4-TB-061,PX4,RC_t,SUPPORTING_EVIDENCE,RC_t:manual_control_availability,该行只说明形成、消费、关联或发送路径，不会单独改善主值的可观测性。,MAVLINK_SENDER,HIGH_LATENCY2.failure_flags |= HL_FAILURE_FLAG_RC_RECEIVER,baseline/px4/src/modules/mavlink/streams/HIGH_LATENCY2.hpp,484,484,MavlinkStreamHighLatency2::write_failsafe_flags(),uint16 failure bitmask,,manual_control_signal_lost 为真时，把 RC_RECEIVER 故障位写入 HIGH_LATENCY2.failure_flags。,只有 HIGH_LATENCY2 流已发送且消息新鲜时可用。,EXACT,uORB failsafe 字段到 MAVLink 位的编码直接可证。,CONDITIONAL,HIGH_LATENCY2.failure_flags & HL_FAILURE_FLAG_RC_RECEIVER,,位名为 RC_RECEIVER，但源状态是更广义的 manual_control_signal_lost。,,NOT_APPLICABLE,,NOT_ASSESSED
PX4-TB-062,PX4,RC_t,PRIMARY_VALUE,RC_t:physical_receiver,该行是其候选组的核心真值实体；只有该组被性质选择时才参与判真。,SEMANTIC_CANDIDATE,!(input_rc.rc_lost || input_rc.rc_failsafe),baseline/px4/msg/InputRc.msg,29,29,,bool derived from receiver flags,,若 RC_t 只指底层接收器链路，则 rc_lost 和 rc_failsafe 均为 false 时候选为 on。,同时检查 timestamp_last_signal 与 input_source；部分接收器在链路丢失后仍发帧，因此两个标志都可能不完整。,MODELLED,底层链路字段直接可证，但当前 failsafe 真正使用的是上层 manual_control_signal_lost。,CONDITIONAL,"RC_CHANNELS.time_boot_ms,rssi,chanN_raw",,标准 RC_CHANNELS 没有完全等价发布 rc_lost 和 rc_failsafe 布尔位。,,NOT_APPLICABLE,,NOT_ASSESSED
PX4-TB-063,PX4,RC_t,SUPPORTING_EVIDENCE,RC_t:physical_receiver,该行只说明形成、消费、关联或发送路径，不会单独改善主值的可观测性。,ASSOCIATED_FIELD,input_rc.timestamp_last_signal,baseline/px4/msg/InputRc.msg,22,22,,uint64 boot-time timestamp,microseconds since system start,物理接收器候选必须确认最后一次有效信号时间仍新鲜。,阈值必须来自当前接收器/检查逻辑，不能用观察端任意秒数。,EXACT,当前消息直接定义最后有效接收时刻。,INSTRUMENTATION_REQUIRED,,,,,NOT_APPLICABLE,,NOT_ASSESSED
PX4-TB-064,PX4,RC_t,SUPPORTING_EVIDENCE,RC_t:physical_receiver,该行只说明形成、消费、关联或发送路径，不会单独改善主值的可观测性。,ASSOCIATED_FIELD,input_rc.input_source,baseline/px4/msg/InputRc.msg,36,36,,uint8 RC_INPUT_SOURCE enum,,确认 input_rc 来自哪一种物理接收器或 MAVLink 输入源。,物理 RC 解释需要排除 RC_INPUT_SOURCE_MAVLINK 等非接收器来源。,EXACT,输入来源字段和枚举直接定义。,INSTRUMENTATION_REQUIRED,,,,,NOT_APPLICABLE,,NOT_ASSESSED
PX4-TB-065,PX4,RC_t,SUPPORTING_EVIDENCE,RC_t:physical_receiver,该行只说明形成、消费、关联或发送路径，不会单独改善主值的可观测性。,ASSOCIATED_FIELD,input_rc.rc_lost,baseline/px4/msg/InputRc.msg,30,30,,bool receiver frame-loss state,,物理 RC 候选还要求 rc_lost==false；该位表示预期时间内未收到帧。,与 rc_failsafe、timestamp_last_signal 和 input_source 联合判定。,MODELLED,是物理接收器连接的直接字段，但不等于上层手动控制可用性。,CONDITIONAL,RC_CHANNELS 到达序列与 timestamp,,RC_CHANNELS 不直接携带 rc_lost 位。,,NOT_APPLICABLE,,NOT_ASSESSED
PX4-TB-066,PX4,Disarm,PRIMARY_VALUE,Disarm:vehicle_arming_state,该行是其候选组的核心真值实体；只有该组被性质选择时才参与判真。,UORB_FIELD,vehicle_status.arming_state == ARMING_STATE_DISARMED,baseline/px4/msg/versioned/VehicleStatus.msg,10,10,,uint8 enum comparison,,arming_state 等于 ARMING_STATE_DISARMED。,,EXACT,状态及枚举常量在同一当前消息定义。,DIRECT,HEARTBEAT.base_mode,MAV_MODE_FLAG_SAFETY_ARMED 位不存在。,,,NOT_APPLICABLE,,NOT_ASSESSED
PX4-TB-067,PX4,Disarm,SUPPORTING_EVIDENCE,Disarm:vehicle_arming_state,该行只说明形成、消费、关联或发送路径，不会单独改善主值的可观测性。,ENUM_CONSTANT,vehicle_status_s::ARMING_STATE_DISARMED,baseline/px4/msg/versioned/VehicleStatus.msg,11,11,,uint8 value 1,,Disarm 的主状态比较值为 ARMING_STATE_DISARMED。,,EXACT,枚举常量在当前消息定义中直接给出。,DIRECT,HEARTBEAT.base_mode,,,,NOT_APPLICABLE,,NOT_ASSESSED
PX4-TB-068,PX4,Disarm,SUPPORTING_EVIDENCE,Disarm:vehicle_arming_state,该行只说明形成、消费、关联或发送路径，不会单独改善主值的可观测性。,UORB_FIELD,actuator_armed.armed == false,baseline/px4/msg/ActuatorArmed.msg,3,3,,bool,,执行器武装字段为 false。,,EXACT,直接电机/执行器武装状态字段。,DIRECT,HEARTBEAT.base_mode,,,,NOT_APPLICABLE,,NOT_ASSESSED
PX4-TB-069,PX4,Command_t,PRIMARY_VALUE,Command_t:input_event,该行是其候选组的核心真值实体；只有该组被性质选择时才参与判真。,UORB_FIELD,vehicle_command.command,baseline/px4/msg/versioned/VehicleCommand.msg,190,190,,uint32 command ID,,读取当前 vehicle_command.command，并保存 timestamp、source_system 和 source_component。,收到命令不等于接受或执行；应关联 COMMAND_ACK 或后续模式状态。,MODELLED,命令字段身份精确，但论文 Command_t 没有说明是收到、接受还是开始执行；当前主组选择输入事件。,CONDITIONAL,COMMAND_LONG.command 或 COMMAND_INT.command,,,,NOT_APPLICABLE,,NOT_ASSESSED
PX4-TB-070,PX4,Command_t,SUPPORTING_EVIDENCE,Command_t:input_event,该行只说明形成、消费、关联或发送路径，不会单独改善主值的可观测性。,ASSOCIATED_FIELD,"vehicle_command.param1..param7,source_system,source_component",baseline/px4/msg/versioned/VehicleCommand.msg,183,196,,command envelope fields,,对 Command_t 的完整关联需保留 param1–7 和发送端身份；特别是 NAV_TAKEOFF 的 param7 携带绝对目标高度。,该行是命令上下文，不是 command ID 本身；必须与同一 timestamp 和 source 关联。,EXACT,字段结构与类型在当前 vehicle_command 消息中直接定义。,CONDITIONAL,"COMMAND_LONG.param1–param7,target_system,target_component 或 COMMAND_INT.x,y,z",,发出命令只证明输入；是否接受需另外关联 COMMAND_ACK。,,NOT_APPLICABLE,,NOT_ASSESSED
PX4-TB-071,PX4,Command_t,SUPPORTING_EVIDENCE,Command_t:input_event,该行只说明形成、消费、关联或发送路径，不会单独改善主值的可观测性。,ASSIGNMENT,MavlinkReceiver::handle_message_command_long(): COMMAND_LONG -> vehicle_command,baseline/px4/src/modules/mavlink/mavlink_receiver.cpp,484,500,MavlinkReceiver::handle_message_command_long(mavlink_message_t*),MAVLink command envelope to vehicle_command_s,,把外部 COMMAND_LONG 的 command、param1–7 和来源身份复制到 vehicle_command，再交给公共处理函数。,保留 from_external、source_system、source_component 和 timestamp；无效参数会在此前拒绝。,EXACT,COMMAND_LONG 的独立复制路径直接可证。,CONDITIONAL,COMMAND_LONG 输入记录,,这只是输入形成，不是接受或执行。,,NOT_APPLICABLE,,NOT_ASSESSED
PX4-TB-072,PX4,Command_t,SUPPORTING_EVIDENCE,Command_t:input_event,该行只说明形成、消费、关联或发送路径，不会单独改善主值的可观测性。,ASSIGNMENT,MavlinkReceiver::handle_message_command_int(): COMMAND_INT -> vehicle_command,baseline/px4/src/modules/mavlink/mavlink_receiver.cpp,520,545,MavlinkReceiver::handle_message_command_int(mavlink_message_t*),MAVLink command envelope to vehicle_command_s,,把 COMMAND_INT 参数、缩放后的 x/y、z、命令身份和来源复制到 vehicle_command。,INT32_MAX/NAN 特殊值和来源身份必须与原消息一起保存。,EXACT,COMMAND_INT 的独立复制路径直接可证。,CONDITIONAL,COMMAND_INT 输入记录,,这只是输入形成，不是接受或执行。,,NOT_APPLICABLE,,NOT_ASSESSED
PX4-TB-073,PX4,Command_t,SUPPORTING_EVIDENCE,Command_t:input_event,该行只说明形成、消费、关联或发送路径，不会单独改善主值的可观测性。,ASSIGNMENT,MavlinkReceiver::handle_message_command_both(): publish vehicle_command,baseline/px4/src/modules/mavlink/mavlink_receiver.cpp,548,753,MavlinkReceiver::handle_message_command_both<T>(...) ,templated common command path,,公共路径处理本地 microservice 后，在无需立即 ACK 时发布 vehicle_command。,某些命令在 MAVLink 模块内处理并只返回 ACK，不会发布同一 uORB 输入事件。,EXACT,公共处理和发布点直接可证。,CONDITIONAL,COMMAND_LONG/COMMAND_INT 输入记录,,只有实际到达 publish 分支的命令才形成 vehicle_command 事件。,,NOT_APPLICABLE,,NOT_ASSESSED
PX4-TB-074,PX4,Command_t,ALTERNATIVE_SEMANTICS,Command_t:accepted_event,只在公式把 Command_t 定义为“已接受命令”时选用。,COMMAND_ACCEPTANCE,Commander::handle_command(): VEHICLE_CMD_NAV_TAKEOFF acceptance,baseline/px4/src/modules/commander/Commander.cpp,1064,1064,Commander::handle_command(const vehicle_command_s&),vehicle_command_ack result,,TAKEOFF 命令只有在用户模式意图成功切到 AUTO_TAKEOFF 时才标记 ACCEPTED，否则可临时拒绝。,按命令来源、command ID 和 ACK timestamp 与输入事件关联。,EXACT,当前接受/拒绝分支直接可证。,DIRECT,"COMMAND_ACK.command,result,target_system,target_component",,,,NOT_APPLICABLE,,NOT_ASSESSED
PX4-TB-075,PX4,Command_t,SUPPORTING_EVIDENCE,Command_t:accepted_event,该行只说明形成、消费、关联或发送路径，不会单独改善主值的可观测性。,COMMAND_ACK,Commander::answer_command(): publish vehicle_command_ack,baseline/px4/src/modules/commander/Commander.cpp,2673,2673,"Commander::answer_command(const vehicle_command_s&, result)",vehicle_command_ack_s,,把命令 ID、结果和原发送端身份发布到 vehicle_command_ack。,使用 command、target system/component 和 timestamp 关联。,EXACT,ACK 形成赋值路径直接可证。,DIRECT,"COMMAND_ACK.command,result,target_system,target_component",,,,NOT_APPLICABLE,,NOT_ASSESSED
PX4-TB-076,PX4,Command_t,ALTERNATIVE_SEMANTICS,Command_t:execution_state,只在公式把 Command_t 定义为“正在执行起飞”时选用。,EXECUTION_STATE,vehicle_status.nav_state == NAVIGATION_STATE_AUTO_TAKEOFF,baseline/px4/src/modules/navigator/navigator_main.cpp,799,799,Navigator::run(),uint8 navigation state,,Navigator 在 AUTO_TAKEOFF 状态选择 Takeoff 导航模块。,这是执行阶段状态，可能晚于命令接收和 ACK。,EXACT,导航模式分支直接可证。,DIRECT,HEARTBEAT.custom_mode 解码为 AUTO_TAKEOFF,,,,NOT_APPLICABLE,,NOT_ASSESSED
PX4-TB-077,PX4,takeoff,PRIMARY_VALUE,takeoff:primary,该行是其候选组的核心真值实体；只有该组被性质选择时才参与判真。,ENUM_CONSTANT,vehicle_command_s::VEHICLE_CMD_NAV_TAKEOFF,baseline/px4/msg/versioned/VehicleCommand.msg,17,17,,uint16 value 22,,Command_t == VEHICLE_CMD_NAV_TAKEOFF。,,EXACT,当前命令枚举直接定义；Commander 有接收分支。,DIRECT,COMMAND_LONG.command=22或COMMAND_INT.command=22,,若命题指开始执行，还应检查 COMMAND_ACK 和 AUTO_TAKEOFF 状态。,,NOT_APPLICABLE,,NOT_ASSESSED
PX4-TB-078,PX4,Target_ALT,PRIMARY_VALUE,Target_ALT:amsl_navigator_setpoint,该行是其候选组的核心真值实体；只有该组被性质选择时才参与判真。,UORB_FIELD,position_setpoint_triplet.current.alt,baseline/px4/msg/PositionSetpoint.msg,24,24,,float32,m AMSL,current.valid=true 且 current.type 与 TAKEOFF/HOLD 上下文匹配时读取 alt。,必须保存 triplet.timestamp、current.timestamp、valid 和 type。,MODELLED,字段明确，但 Target_ALT 在 TAKEOFF 与 HOLD 的形成路径不同。,CONDITIONAL,"POSITION_TARGET_GLOBAL_INT.alt,time_boot_ms",,发送要求位置控制启用、triplet/current 有效且经纬度有限；消息不携带 current.type 和内部 timestamp。,,NOT_APPLICABLE,,NOT_ASSESSED
PX4-TB-079,PX4,Target_ALT,SUPPORTING_EVIDENCE,Target_ALT:amsl_navigator_setpoint,该行只说明形成、消费、关联或发送路径，不会单独改善主值的可观测性。,ASSOCIATED_FIELD,position_setpoint_triplet.current,baseline/px4/msg/PositionSetpointTriplet.msg,7,7,,PositionSetpoint current container,,Target_ALT 属于 current 容器，必须同时保留 current.valid、type 和 timestamp。,不得只读 alt 而忽略容器有效位和任务类型。,EXACT,嵌套容器身份在当前 uORB 消息中直接定义。,INSTRUMENTATION_REQUIRED,,,,,NOT_APPLICABLE,,NOT_ASSESSED
PX4-TB-080,PX4,Target_ALT,SUPPORTING_EVIDENCE,Target_ALT:amsl_navigator_setpoint,该行只说明形成、消费、关联或发送路径，不会单独改善主值的可观测性。,ASSIGNMENT,rep->current.alt = cmd.param7,baseline/px4/src/modules/navigator/navigator_main.cpp,636,636,Navigator::run(),float32,m AMSL,在接受的 NAV_TAKEOFF 命令路径中，目标高度等于 param7。,要求命令参数有限、目标记录有效并与同一命令关联。,EXACT,当前赋值语句直接绑定起飞命令目标高度。,CONDITIONAL,COMMAND_LONG.param7或COMMAND_INT.z,,测试端知道发送值，但飞控内部接受后的 setpoint 仍建议插桩确认。,,NOT_APPLICABLE,,NOT_ASSESSED
PX4-TB-081,PX4,Target_ALT,ALTERNATIVE_SEMANTICS,Target_ALT:relative_home,该行属于互斥替代解释；只有人工切换到本候选组后才参与判真。,DERIVED_EXPRESSION,position_setpoint_triplet.current.alt - home_position.alt,baseline/px4/src/modules/mavlink/streams/POSITION_TARGET_GLOBAL_INT.hpp,75,84,MavlinkStreamPositionTargetGlobalInt::send(),float derived from two AMSL altitudes,m above Home,HOLD 最小高度参数以 Home 为参考时，用当前目标 AMSL 减 Home AMSL 后与 NAV_MIN_LTR_ALT 比较。,要求 setpoint、Home 和消息有效且属于同一 HOLD 实例；还要记录多旋翼 braking 路径可能绕过最小高度逻辑。,MODELLED,当前参数元数据明确 Home 参考面，但历史性质和当前多旋翼路径不保证总使用该逻辑。,DERIVED,"POSITION_TARGET_GLOBAL_INT.alt,time_boot_ms; HOME_POSITION.altitude,time_usec",两字段统一为米 AMSL 后相减。,,,NOT_APPLICABLE,,NOT_ASSESSED
PX4-TB-082,PX4,Target_ALT,ALTERNATIVE_SEMANTICS,Target_ALT:relative_takeoff_reference,该行属于互斥替代解释；只有人工切换到本候选组后才参与判真。,DERIVED_EXPRESSION,position_setpoint_triplet.current.alt - captured takeoff-reference altitude,baseline/px4/src/modules/navigator/takeoff.cpp,188,199,Takeoff::set_takeoff_position(),trace-derived float,m above takeoff reference,默认起飞路径把当前 AMSL 加 MIS_TAKEOFF_ALT 作为目标；相对目标需减去同一起飞实例捕获的参考高度。,若输入命令已提供有限绝对目标高度，则默认参数等式不适用。,MODELLED,默认形成路径可证，但命令覆盖和事件关联使该等式不是无条件状态事实。,DERIVED,POSITION_TARGET_GLOBAL_INT.alt; GLOBAL_POSITION_INT.alt; TAKEOFF 关联事件,,必须捕获起飞参考高度并区分默认目标与命令显式目标。,,NOT_APPLICABLE,,NOT_ASSESSED
PX4-TB-083,PX4,GPS_loss,PRIMARY_VALUE,GPS_loss:primary,该行是其候选组的核心真值实体；只有该组被性质选择时才参与判真。,UORB_FIELD,"sensor_gps.timestamp,fix_type",baseline/px4/msg/SensorGps.msg,3,3,,uint64 time plus uint8 enum,,只能在另有来源的 freshness 阈值或最低 fix_type 规则下判定丢失。,论文没有给出 loss 超时和最低 fix_type，不能人工补值。,MODELLED,原始 GPS 状态可观测，但论文事件边界未定义。,DIRECT,"GPS_RAW_INT.time_usec,fix_type,satellites_visible",,,,NOT_APPLICABLE,,NOT_ASSESSED
PX4-TB-084,PX4,GPS_loss,SUPPORTING_EVIDENCE,GPS_loss:primary,该行只说明形成、消费、关联或发送路径，不会单独改善主值的可观测性。,ASSOCIATED_FIELD,sensor_gps.fix_type,baseline/px4/msg/SensorGps.msg,22,22,,uint8 fix enum,,GPS_loss 候选定义需保留修复类型，不能只看时间戳。,最低可接受 fix_type 和超时均未由论文给出。,MODELLED,字段身份精确，事件门限未定义。,DIRECT,"GPS_RAW_INT.fix_type,time_usec",,,,NOT_APPLICABLE,,NOT_ASSESSED
PX4-TB-085,PX4,GPS_fail,PRIMARY_VALUE,GPS_fail:global_position_invalid,该行是其候选组的核心真值实体；只有该组被性质选择时才参与判真。,UORB_FIELD,failsafe_flags.global_position_invalid,baseline/px4/msg/FailsafeFlags.msg,32,32,,bool,,候选解释：当前全球位置估计无效标志为 true。,该状态可能由 GNSS、视觉、光流等定位链共同决定，不是 GPS 专用故障。,MODELLED,这是当前最接近的 failsafe 状态，但与论文旧 GPS_fail 非完全等价。,INSTRUMENTATION_REQUIRED,,,标准 MAVLink 没有直接携带该 failsafe_flags 位。,,NOT_APPLICABLE,,NOT_ASSESSED
PX4-TB-086,PX4,GPS_fail,SUPPORTING_EVIDENCE,GPS_fail:global_position_invalid,该行只说明形成、消费、关联或发送路径，不会单独改善主值的可观测性。,ASSIGNMENT,global_position_invalid = !checkPosVelValidity(...) ,baseline/px4/src/modules/commander/HealthAndArmingChecks/checks/estimatorCheck.cpp,681,681,EstimatorChecks::setModeRequirementFlags(),bool,,按当前位置有效性、精度、新鲜度和迟滞逻辑计算。,,MODELLED,说明当前标志的真实形成路径，但不能证明等价于 GPS 专用故障。,CONDITIONAL,STATUSTEXT/EVENTS 仅可能提供条件性提示,,,,NOT_APPLICABLE,,NOT_ASSESSED
PX4-TB-087,PX4,k,PRIMARY_VALUE,k:primary,该行是其候选组的核心真值实体；只有该组被性质选择时才参与判真。,UNRESOLVED_BOUND,no current PX4 symbol,,0,0,,,,PGFuzz 未公开调度余量操作数和具体数值。,,UNRESOLVED,不得把循环次数、3 秒 sleep 或 t-1 猜成 k。,UNRESOLVED,,,,,NOT_APPLICABLE,,NOT_ASSESSED
PX4-TB-088,PX4,RTL_RETURN_ALT,PRIMARY_VALUE,RTL_RETURN_ALT:primary,该行是其候选组的核心真值实体；只有该组被性质选择时才参与判真。,PARAMETER_DEFINITION,RTL_RETURN_ALT,baseline/px4/src/modules/navigator/rtl_params.c,59,59,,float32,m above selected RTL destination,当前运行参数值等于 PARAM 协议读取值。,在测试开始及参数变更后重新读取实际值；不得把默认值当作不可变运行值。,EXACT,当前参数名为 RTL_RETURN_ALT；源码/元数据默认字段为 60.0；冻结 SITL 快照值为 30.0。,DIRECT,"PARAM_VALUE.param_id,param_value",按参数元数据单位解释 PARAM_VALUE.param_value；变更后重新读取确认。,本任务只验证过读取身份，未执行运行时写入与生效测试；是否需要重启及何时生效必须逐参数验证。,RTL_RETURN_ALT,EXACT_SAME_NAME,,NOT_ASSESSED
PX4-TB-089,PX4,RTL_DESCEND_ALT,PRIMARY_VALUE,RTL_DESCEND_ALT:primary,该行是其候选组的核心真值实体；只有该组被性质选择时才参与判真。,PARAMETER_DEFINITION,RTL_DESCEND_ALT,baseline/px4/src/modules/navigator/rtl_params.c,75,75,,float32,m above selected RTL destination,当前运行参数值等于 PARAM 协议读取值。,在测试开始及参数变更后重新读取实际值；不得把默认值当作不可变运行值。,EXACT,当前参数名为 RTL_DESCEND_ALT；源码/元数据默认字段为 30.0；冻结 SITL 快照值为 10.0。,DIRECT,"PARAM_VALUE.param_id,param_value",按参数元数据单位解释 PARAM_VALUE.param_value；变更后重新读取确认。,本任务只验证过读取身份，未执行运行时写入与生效测试；是否需要重启及何时生效必须逐参数验证。,RTL_DESCEND_ALT,EXACT_SAME_NAME,当前合法最小值为 0；论文公式写 -1 是公式冲突，不是绑定失败。,NOT_ASSESSED
PX4-TB-090,PX4,RTL_LAND_DELAY,PRIMARY_VALUE,RTL_LAND_DELAY:primary,该行是其候选组的核心真值实体；只有该组被性质选择时才参与判真。,PARAMETER_DEFINITION,RTL_LAND_DELAY,baseline/px4/src/modules/navigator/rtl_params.c,89,89,,float32,s,读取当前延迟；-1 明确定义为不着陆并在 RTL_DESCEND_ALT 盘旋。,在测试开始及参数变更后重新读取实际值；不得把默认值当作不可变运行值。,EXACT,当前参数名为 RTL_LAND_DELAY；源码/元数据默认字段为 0.0；冻结 SITL 快照值为 0.0。,DIRECT,"PARAM_VALUE.param_id,param_value",按参数元数据单位解释 PARAM_VALUE.param_value；变更后重新读取确认。,本任务只验证过读取身份，未执行运行时写入与生效测试；是否需要重启及何时生效必须逐参数验证。,RTL_LAND_DELAY,EXACT_SAME_NAME,,NOT_ASSESSED
PX4-TB-091,PX4,MPC_LAND_SPEED,PRIMARY_VALUE,MPC_LAND_SPEED:primary,该行是其候选组的核心真值实体；只有该组被性质选择时才参与判真。,PARAMETER_DEFINITION,MPC_LAND_SPEED,baseline/px4/src/modules/mc_pos_control/multicopter_takeoff_land_params.c,111,111,,float32,m/s down-rate magnitude,读取当前着陆下降速率配置；实际 setpoint 还会插值或使用 crawl 速率。,在测试开始及参数变更后重新读取实际值；不得把默认值当作不可变运行值。,EXACT,当前参数名为 MPC_LAND_SPEED；源码/元数据默认字段为 0.7；冻结 SITL 快照值为 0.699999988079071。,DIRECT,"PARAM_VALUE.param_id,param_value",按参数元数据单位解释 PARAM_VALUE.param_value；变更后重新读取确认。,本任务只验证过读取身份，未执行运行时写入与生效测试；是否需要重启及何时生效必须逐参数验证。,MPC_LAND_SPEED,EXACT_SAME_NAME,,NOT_ASSESSED
PX4-TB-092,PX4,MIS_LTRMIN_ALT,PRIMARY_VALUE,MIS_LTRMIN_ALT:primary,该行是其候选组的核心真值实体；只有该组被性质选择时才参与判真。,PARAMETER_DEFINITION,NAV_MIN_LTR_ALT,baseline/px4/src/modules/navigator/navigator_params.c,192,192,,float32,m above Home,读取当前语义后继 NAV_MIN_LTR_ALT；负值表示禁用。,在测试开始及参数变更后重新读取实际值；不得把默认值当作不可变运行值。,MODELLED,当前参数名为 NAV_MIN_LTR_ALT；源码/元数据默认字段为 -1.0；冻结 SITL 快照值为 -1.0。,DIRECT,"PARAM_VALUE.param_id,param_value",按参数元数据单位解释 PARAM_VALUE.param_value；变更后重新读取确认。,本任务只验证过读取身份，未执行运行时写入与生效测试；是否需要重启及何时生效必须逐参数验证。,NAV_MIN_LTR_ALT,SEMANTIC_SUCCESSOR_NOT_PROVEN_RENAME,旧 MIS_LTRMIN_ALT 当前不存在；源码语义相近，但没有本地历史证明一对一迁移。,NOT_ASSESSED
PX4-TB-093,PX4,MIS_TAKEOFF_ALT,PRIMARY_VALUE,MIS_TAKEOFF_ALT:primary,该行是其候选组的核心真值实体；只有该组被性质选择时才参与判真。,PARAMETER_DEFINITION,MIS_TAKEOFF_ALT,baseline/px4/src/modules/navigator/mission_params.c,58,58,,float32,m relative takeoff altitude,读取未另行指定目标时使用的默认相对起飞高度。,在测试开始及参数变更后重新读取实际值；不得把默认值当作不可变运行值。,EXACT,当前参数名为 MIS_TAKEOFF_ALT；源码/元数据默认字段为 2.5；冻结 SITL 快照值为 2.5。,DIRECT,"PARAM_VALUE.param_id,param_value",按参数元数据单位解释 PARAM_VALUE.param_value；变更后重新读取确认。,本任务只验证过读取身份，未执行运行时写入与生效测试；是否需要重启及何时生效必须逐参数验证。,MIS_TAKEOFF_ALT,EXACT_SAME_NAME,,NOT_ASSESSED
PX4-TB-094,PX4,MPC_TKO_SPEED,PRIMARY_VALUE,MPC_TKO_SPEED:primary,该行是其候选组的核心真值实体；只有该组被性质选择时才参与判真。,PARAMETER_DEFINITION,MPC_TKO_SPEED,baseline/px4/src/modules/mc_pos_control/multicopter_takeoff_land_params.c,57,57,,float32,m/s up-rate magnitude,读取当前起飞速度约束；不等于每个实际物理样本必须严格相等。,在测试开始及参数变更后重新读取实际值；不得把默认值当作不可变运行值。,EXACT,当前参数名为 MPC_TKO_SPEED；源码/元数据默认字段为 1.5；冻结 SITL 快照值为 1.5。,DIRECT,"PARAM_VALUE.param_id,param_value",按参数元数据单位解释 PARAM_VALUE.param_value；变更后重新读取确认。,本任务只验证过读取身份，未执行运行时写入与生效测试；是否需要重启及何时生效必须逐参数验证。,MPC_TKO_SPEED,EXACT_SAME_NAME,,NOT_ASSESSED
PX4-TB-095,PX4,RTL_RETURN_ALT,SUPPORTING_EVIDENCE,RTL_RETURN_ALT:primary,该行只说明形成、消费、关联或发送路径，不会单独改善主值的可观测性。,PARAMETER_HANDLE,RTL::_param_rtl_return_alt,baseline/px4/src/modules/navigator/rtl.h,236,236,,ParamFloat class member,,该成员是模块内的强类型参数句柄；定义行、句柄声明和真实 .get() 消费行分开保留。,参数更新后必须确认对应模块已处理 parameter_update；本任务未做写入生效实验。,EXACT,当前参数定义和模块成员为同一生成参数身份。,DIRECT,"PARAM_VALUE.param_id=RTL_RETURN_ALT,param_value",,PARAM_VALUE 显示当前存储/运行值，不单独证明该模块已在当前状态使用它。,RTL_RETURN_ALT,EXACT_SAME_NAME,,NOT_ASSESSED
PX4-TB-096,PX4,RTL_DESCEND_ALT,SUPPORTING_EVIDENCE,RTL_DESCEND_ALT:primary,该行只说明形成、消费、关联或发送路径，不会单独改善主值的可观测性。,PARAMETER_HANDLE,RtlDirect::_param_rtl_descend_alt,baseline/px4/src/modules/navigator/rtl_direct.h,176,176,,ParamFloat class member,,该成员是模块内的强类型参数句柄；定义行、句柄声明和真实 .get() 消费行分开保留。,参数更新后必须确认对应模块已处理 parameter_update；本任务未做写入生效实验。,EXACT,当前参数定义和模块成员为同一生成参数身份。,DIRECT,"PARAM_VALUE.param_id=RTL_DESCEND_ALT,param_value",,PARAM_VALUE 显示当前存储/运行值，不单独证明该模块已在当前状态使用它。,RTL_DESCEND_ALT,EXACT_SAME_NAME,,NOT_ASSESSED
PX4-TB-097,PX4,RTL_LAND_DELAY,SUPPORTING_EVIDENCE,RTL_LAND_DELAY:primary,该行只说明形成、消费、关联或发送路径，不会单独改善主值的可观测性。,PARAMETER_HANDLE,RtlDirect::_param_rtl_land_delay,baseline/px4/src/modules/navigator/rtl_direct.h,177,177,,ParamFloat class member,,该成员是模块内的强类型参数句柄；定义行、句柄声明和真实 .get() 消费行分开保留。,参数更新后必须确认对应模块已处理 parameter_update；本任务未做写入生效实验。,EXACT,当前参数定义和模块成员为同一生成参数身份。,DIRECT,"PARAM_VALUE.param_id=RTL_LAND_DELAY,param_value",,PARAM_VALUE 显示当前存储/运行值，不单独证明该模块已在当前状态使用它。,RTL_LAND_DELAY,EXACT_SAME_NAME,,NOT_ASSESSED
PX4-TB-098,PX4,MPC_LAND_SPEED,SUPPORTING_EVIDENCE,MPC_LAND_SPEED:primary,该行只说明形成、消费、关联或发送路径，不会单独改善主值的可观测性。,PARAMETER_HANDLE,FlightTaskAuto::_param_mpc_land_speed,baseline/px4/src/modules/flight_mode_manager/tasks/Auto/FlightTaskAuto.hpp,169,169,,ParamFloat class member,,该成员是模块内的强类型参数句柄；定义行、句柄声明和真实 .get() 消费行分开保留。,参数更新后必须确认对应模块已处理 parameter_update；本任务未做写入生效实验。,EXACT,当前参数定义和模块成员为同一生成参数身份。,DIRECT,"PARAM_VALUE.param_id=MPC_LAND_SPEED,param_value",,PARAM_VALUE 显示当前存储/运行值，不单独证明该模块已在当前状态使用它。,MPC_LAND_SPEED,EXACT_SAME_NAME,,NOT_ASSESSED
PX4-TB-099,PX4,MPC_TKO_SPEED,SUPPORTING_EVIDENCE,MPC_TKO_SPEED:primary,该行只说明形成、消费、关联或发送路径，不会单独改善主值的可观测性。,PARAMETER_HANDLE,FlightTaskAuto::_param_mpc_tko_speed,baseline/px4/src/modules/flight_mode_manager/tasks/Auto/FlightTaskAuto.hpp,178,178,,ParamFloat class member,,该成员是模块内的强类型参数句柄；定义行、句柄声明和真实 .get() 消费行分开保留。,参数更新后必须确认对应模块已处理 parameter_update；本任务未做写入生效实验。,EXACT,当前参数定义和模块成员为同一生成参数身份。,DIRECT,"PARAM_VALUE.param_id=MPC_TKO_SPEED,param_value",,PARAM_VALUE 显示当前存储/运行值，不单独证明该模块已在当前状态使用它。,MPC_TKO_SPEED,EXACT_SAME_NAME,,NOT_ASSESSED
PX4-TB-100,PX4,MIS_LTRMIN_ALT,SUPPORTING_EVIDENCE,MIS_LTRMIN_ALT:primary,该行只说明形成、消费、关联或发送路径，不会单独改善主值的可观测性。,PARAMETER_HANDLE,Navigator::_param_min_ltr_alt,baseline/px4/src/modules/navigator/navigator.h,437,437,,ParamFloat class member,,该成员是模块内的强类型参数句柄；定义行、句柄声明和真实 .get() 消费行分开保留。,参数更新后必须确认对应模块已处理 parameter_update；本任务未做写入生效实验。,MODELLED,当前成员身份可证，但旧 MIS_LTRMIN_ALT 到 NAV_MIN_LTR_ALT 仍只是语义后继候选。,DIRECT,"PARAM_VALUE.param_id=NAV_MIN_LTR_ALT,param_value",,PARAM_VALUE 显示当前存储/运行值，不单独证明该模块已在当前状态使用它。,NAV_MIN_LTR_ALT,SEMANTIC_SUCCESSOR_NOT_PROVEN_RENAME,,NOT_ASSESSED
PX4-TB-101,PX4,MIS_TAKEOFF_ALT,SUPPORTING_EVIDENCE,MIS_TAKEOFF_ALT:primary,该行只说明形成、消费、关联或发送路径，不会单独改善主值的可观测性。,PARAMETER_HANDLE,Navigator::_param_mis_takeoff_alt,baseline/px4/src/modules/navigator/navigator.h,442,442,,ParamFloat class member,,该成员是模块内的强类型参数句柄；定义行、句柄声明和真实 .get() 消费行分开保留。,参数更新后必须确认对应模块已处理 parameter_update；本任务未做写入生效实验。,EXACT,当前参数定义和模块成员为同一生成参数身份。,DIRECT,"PARAM_VALUE.param_id=MIS_TAKEOFF_ALT,param_value",,PARAM_VALUE 显示当前存储/运行值，不单独证明该模块已在当前状态使用它。,MIS_TAKEOFF_ALT,EXACT_SAME_NAME,,NOT_ASSESSED
PX4-TB-102,PX4,RTL_RETURN_ALT,SUPPORTING_EVIDENCE,RTL_RETURN_ALT:primary,该行只说明形成、消费、关联或发送路径，不会单独改善主值的可观测性。,PARAMETER_CONSUMER,_param_rtl_return_alt.get(),baseline/px4/src/modules/navigator/rtl.cpp,477,477,RTL::findRtlDestination(),runtime parameter value consumed by control/navigation logic,,该 .get() 或 getter 调用是当前参数值被使用的具体路径。,只在所列模式和分支执行时消费；不得由此控制流反推性质已满足。,EXACT,当前参数句柄的真实消费语句直接可证。,INSTRUMENTATION_REQUIRED,"PARAM_VALUE.param_id=RTL_RETURN_ALT,param_value",,PARAM_VALUE 只报告参数值；要证明当前运行确实进入该消费点，需要分支事件或内部插桩。,RTL_RETURN_ALT,NOT_APPLICABLE,,NOT_ASSESSED
PX4-TB-103,PX4,RTL_RETURN_ALT,SUPPORTING_EVIDENCE,RTL_RETURN_ALT:primary,该行只说明形成、消费、关联或发送路径，不会单独改善主值的可观测性。,PARAMETER_CONSUMER,_param_rtl_return_alt.get(),baseline/px4/src/modules/navigator/rtl.cpp,530,530,RTL::calculate_return_alt_from_cone_half_angle(),runtime parameter value consumed by control/navigation logic,,该 .get() 或 getter 调用是当前参数值被使用的具体路径。,只在所列模式和分支执行时消费；不得由此控制流反推性质已满足。,EXACT,当前参数句柄的真实消费语句直接可证。,INSTRUMENTATION_REQUIRED,"PARAM_VALUE.param_id=RTL_RETURN_ALT,param_value",,PARAM_VALUE 只报告参数值；要证明当前运行确实进入该消费点，需要分支事件或内部插桩。,RTL_RETURN_ALT,NOT_APPLICABLE,,NOT_ASSESSED
PX4-TB-104,PX4,RTL_DESCEND_ALT,SUPPORTING_EVIDENCE,RTL_DESCEND_ALT:primary,该行只说明形成、消费、关联或发送路径，不会单独改善主值的可观测性。,PARAMETER_CONSUMER,_param_rtl_descend_alt.get(),baseline/px4/src/modules/navigator/rtl_direct.cpp,587,587,RtlDirect::sanitizeLandApproach(),runtime parameter value consumed by control/navigation logic,,该 .get() 或 getter 调用是当前参数值被使用的具体路径。,只在所列模式和分支执行时消费；不得由此控制流反推性质已满足。,EXACT,当前参数句柄的真实消费语句直接可证。,INSTRUMENTATION_REQUIRED,"PARAM_VALUE.param_id=RTL_DESCEND_ALT,param_value",,PARAM_VALUE 只报告参数值；要证明当前运行确实进入该消费点，需要分支事件或内部插桩。,RTL_DESCEND_ALT,NOT_APPLICABLE,,NOT_ASSESSED
PX4-TB-105,PX4,RTL_LAND_DELAY,SUPPORTING_EVIDENCE,RTL_LAND_DELAY:primary,该行只说明形成、消费、关联或发送路径，不会单独改善主值的可观测性。,PARAMETER_CONSUMER,_param_rtl_land_delay.get(),baseline/px4/src/modules/navigator/rtl_direct.cpp,166,166,RtlDirect::_updateRtlState(),runtime parameter value consumed by control/navigation logic,,该 .get() 或 getter 调用是当前参数值被使用的具体路径。,只在所列模式和分支执行时消费；不得由此控制流反推性质已满足。,EXACT,当前参数句柄的真实消费语句直接可证。,INSTRUMENTATION_REQUIRED,"PARAM_VALUE.param_id=RTL_LAND_DELAY,param_value",,PARAM_VALUE 只报告参数值；要证明当前运行确实进入该消费点，需要分支事件或内部插桩。,RTL_LAND_DELAY,NOT_APPLICABLE,,NOT_ASSESSED
PX4-TB-106,PX4,RTL_LAND_DELAY,SUPPORTING_EVIDENCE,RTL_LAND_DELAY:primary,该行只说明形成、消费、关联或发送路径，不会单独改善主值的可观测性。,PARAMETER_CONSUMER,_param_rtl_land_delay.get(),baseline/px4/src/modules/navigator/rtl_direct.cpp,307,307,RtlDirect::set_rtl_item(),runtime parameter value consumed by control/navigation logic,,该 .get() 或 getter 调用是当前参数值被使用的具体路径。,只在所列模式和分支执行时消费；不得由此控制流反推性质已满足。,EXACT,当前参数句柄的真实消费语句直接可证。,INSTRUMENTATION_REQUIRED,"PARAM_VALUE.param_id=RTL_LAND_DELAY,param_value",,PARAM_VALUE 只报告参数值；要证明当前运行确实进入该消费点，需要分支事件或内部插桩。,RTL_LAND_DELAY,NOT_APPLICABLE,,NOT_ASSESSED
PX4-TB-107,PX4,RTL_LAND_DELAY,SUPPORTING_EVIDENCE,RTL_LAND_DELAY:primary,该行只说明形成、消费、关联或发送路径，不会单独改善主值的可观测性。,PARAMETER_CONSUMER,_param_rtl_land_delay.get() < -FLT_EPSILON,baseline/px4/src/modules/navigator/rtl_direct.cpp,309,309,RtlDirect::set_rtl_item(),runtime parameter value consumed by control/navigation logic,,该 .get() 或 getter 调用是当前参数值被使用的具体路径。,只在所列模式和分支执行时消费；不得由此控制流反推性质已满足。,EXACT,当前参数句柄的真实消费语句直接可证。,INSTRUMENTATION_REQUIRED,"PARAM_VALUE.param_id=RTL_LAND_DELAY,param_value",,PARAM_VALUE 只报告参数值；要证明当前运行确实进入该消费点，需要分支事件或内部插桩。,RTL_LAND_DELAY,NOT_APPLICABLE,,NOT_ASSESSED
PX4-TB-108,PX4,MPC_LAND_SPEED,SUPPORTING_EVIDENCE,MPC_LAND_SPEED:primary,该行只说明形成、消费、关联或发送路径，不会单独改善主值的可观测性。,PARAMETER_CONSUMER,_param_mpc_land_speed.get(),baseline/px4/src/modules/flight_mode_manager/tasks/Auto/FlightTaskAuto.cpp,234,234,FlightTaskAuto::_prepareLandSetpoints(),runtime parameter value consumed by control/navigation logic,,该 .get() 或 getter 调用是当前参数值被使用的具体路径。,只在所列模式和分支执行时消费；不得由此控制流反推性质已满足。,EXACT,当前参数句柄的真实消费语句直接可证。,INSTRUMENTATION_REQUIRED,"PARAM_VALUE.param_id=MPC_LAND_SPEED,param_value",,PARAM_VALUE 只报告参数值；要证明当前运行确实进入该消费点，需要分支事件或内部插桩。,MPC_LAND_SPEED,NOT_APPLICABLE,,NOT_ASSESSED
PX4-TB-109,PX4,MPC_LAND_SPEED,SUPPORTING_EVIDENCE,MPC_LAND_SPEED:primary,该行只说明形成、消费、关联或发送路径，不会单独改善主值的可观测性。,PARAMETER_CONSUMER,_param_mpc_land_speed.get(),baseline/px4/src/modules/flight_mode_manager/tasks/Descend/FlightTaskDescend.cpp,52,52,FlightTaskDescend::update(),runtime parameter value consumed by control/navigation logic,,该 .get() 或 getter 调用是当前参数值被使用的具体路径。,只在所列模式和分支执行时消费；不得由此控制流反推性质已满足。,EXACT,当前参数句柄的真实消费语句直接可证。,INSTRUMENTATION_REQUIRED,"PARAM_VALUE.param_id=MPC_LAND_SPEED,param_value",,PARAM_VALUE 只报告参数值；要证明当前运行确实进入该消费点，需要分支事件或内部插桩。,MPC_LAND_SPEED,NOT_APPLICABLE,,NOT_ASSESSED
PX4-TB-110,PX4,MPC_TKO_SPEED,SUPPORTING_EVIDENCE,MPC_TKO_SPEED:primary,该行只说明形成、消费、关联或发送路径，不会单独改善主值的可观测性。,PARAMETER_CONSUMER,_param_mpc_tko_speed.get(),baseline/px4/src/modules/flight_mode_manager/tasks/Auto/FlightTaskAuto.cpp,812,812,FlightTaskAuto::_updateTrajConstraints(),runtime parameter value consumed by control/navigation logic,,该 .get() 或 getter 调用是当前参数值被使用的具体路径。,只在所列模式和分支执行时消费；不得由此控制流反推性质已满足。,EXACT,当前参数句柄的真实消费语句直接可证。,INSTRUMENTATION_REQUIRED,"PARAM_VALUE.param_id=MPC_TKO_SPEED,param_value",,PARAM_VALUE 只报告参数值；要证明当前运行确实进入该消费点，需要分支事件或内部插桩。,MPC_TKO_SPEED,NOT_APPLICABLE,,NOT_ASSESSED
PX4-TB-111,PX4,MIS_TAKEOFF_ALT,SUPPORTING_EVIDENCE,MIS_TAKEOFF_ALT:primary,该行只说明形成、消费、关联或发送路径，不会单独改善主值的可观测性。,PARAMETER_CONSUMER,Navigator::get_param_mis_takeoff_alt(),baseline/px4/src/modules/navigator/takeoff.cpp,188,188,Takeoff::set_takeoff_position(),runtime parameter value consumed by control/navigation logic,,该 .get() 或 getter 调用是当前参数值被使用的具体路径。,只在所列模式和分支执行时消费；不得由此控制流反推性质已满足。,EXACT,当前参数句柄的真实消费语句直接可证。,INSTRUMENTATION_REQUIRED,"PARAM_VALUE.param_id=MIS_TAKEOFF_ALT,param_value",,PARAM_VALUE 只报告参数值；要证明当前运行确实进入该消费点，需要分支事件或内部插桩。,MIS_TAKEOFF_ALT,NOT_APPLICABLE,,NOT_ASSESSED
PX4-TB-112,PX4,MIS_LTRMIN_ALT,SUPPORTING_EVIDENCE,MIS_LTRMIN_ALT:primary,该行只说明形成、消费、关联或发送路径，不会单独改善主值的可观测性。,PARAMETER_CONSUMER,Navigator::get_loiter_min_alt(),baseline/px4/src/modules/navigator/mission_block.cpp,727,727,MissionBlock::setLoiterItemFromCurrentPosition(),runtime parameter value consumed by control/navigation logic,,该 .get() 或 getter 调用是当前参数值被使用的具体路径。,只在所列模式和分支执行时消费；不得由此控制流反推性质已满足。,MODELLED,当前消费路径可证，但旧 MIS_LTRMIN_ALT 到 NAV_MIN_LTR_ALT 的历史等价关系仍未证明。,INSTRUMENTATION_REQUIRED,"PARAM_VALUE.param_id=NAV_MIN_LTR_ALT,param_value",,PARAM_VALUE 只报告参数值；要证明当前运行确实进入该消费点，需要分支事件或内部插桩。,NAV_MIN_LTR_ALT,NOT_APPLICABLE,,NOT_ASSESSED
PX4-TB-113,PX4,COM_POS_FS_DELAY,PRIMARY_VALUE,COM_POS_FS_DELAY:primary,该行是其候选组的核心真值实体；只有该组被性质选择时才参与判真。,REMOVED_PARAMETER,COM_POS_FS_DELAY,baseline/px4/docs/en/releases/1.16.md,58,58,,removed seconds parameter,,当前没有可读取的同名运行参数值。,当前发行说明写明该位置丢失延迟参数已删除。,UNRESOLVED,没有可靠的一对一当前替代项，不能自动用 EKF2_NOAID_TOUT 等参数代替。,UNRESOLVED,,,,COM_POS_FS_DELAY,REMOVED_NO_EQUIVALENT,,NOT_ASSESSED
PX4-TB-114,PX4,COM_POS_FS_DELAY,ALTERNATIVE_SEMANTICS,COM_POS_FS_DELAY:ekf2_noaid_tout_non_equivalent,该行属于互斥替代解释；只有人工切换到本候选组后才参与判真。,NON_EQUIVALENT_CANDIDATE,EKF2_NOAID_TOUT,baseline/px4/src/modules/ekf2/module.yaml,76,76,,int32 microseconds parameter,us maximum inertial dead-reckoning time,只记录一个当前相关但不等价的超时：最后一次约束速度漂移的测量融合后，允许的最大惯性航推时间。,它是 EKF 水平导航有效性门限，不是旧 COM_POS_FS_DELAY 的 Commander 位置丢失动作延迟。,UNRESOLVED,发行说明只证明旧参数已删除，没有一对一替代证据；本行不能用于改写公式。,DIRECT,"PARAM_VALUE.param_id=EKF2_NOAID_TOUT,param_value","微秒除以 1,000,000 可转为秒，但只能解释 EKF2_NOAID_TOUT 自身。",禁止将它自动代入历史 COM_POS_FS_DELAY 公式。,EKF2_NOAID_TOUT,NON_EQUIVALENT_CANDIDATE,,NOT_ASSESSED
PX4-TB-115,PX4,COM_POS_FS_DELAY,ALTERNATIVE_SEMANTICS,COM_POS_FS_DELAY:com_pos_fs_eph_non_equivalent,该行属于互斥替代解释；只有人工切换到本候选组后才参与判真。,NON_EQUIVALENT_CANDIDATE,COM_POS_FS_EPH,baseline/px4/src/modules/commander/commander_params.c,538,538,,float32 accuracy threshold,m horizontal position uncertainty,当前多旋翼位置故障的另一种机制使用水平位置精度阈值；它不是时间延迟。,只在相应位置有效性检查和飞行阶段使用；负值禁用。,UNRESOLVED,它说明当前相关位置故障机制，但类型是距离阈值，不能用于改写历史 COM_POS_FS_DELAY 时间公式。,DIRECT,"PARAM_VALUE.param_id=COM_POS_FS_EPH,param_value",,禁止将距离阈值自动代入历史秒数上界。,COM_POS_FS_EPH,NON_EQUIVALENT_CANDIDATE,,NOT_ASSESSED
PX4-TB-116,PX4,COM_POS_FS_DELAY,ALTERNATIVE_SEMANTICS,COM_POS_FS_DELAY:com_pos_fs_eph_non_equivalent,该行属于互斥替代解释；只有人工切换到本候选组后才参与判真。,PARAMETER_CONSUMER,EstimatorChecks::setModeRequirementFlags(): _param_com_pos_fs_eph.get(),baseline/px4/src/modules/commander/HealthAndArmingChecks/checks/estimatorCheck.cpp,664,664,EstimatorChecks::setModeRequirementFlags(),float position-accuracy threshold comparison,m EPH threshold,读取 COM_POS_FS_EPH 形成当前位置精度失效阈值。,这是精度阈值消费，不是旧 Commander 延迟计时器。,UNRESOLVED,真实消费点可证，但与历史时间参数非等价。,INSTRUMENTATION_REQUIRED,"PARAM_VALUE.param_id=COM_POS_FS_EPH,param_value",,禁止把当前分支消费解释成历史 COM_POS_FS_DELAY 的计时起止。,COM_POS_FS_EPH,NON_EQUIVALENT_CANDIDATE,,NOT_ASSESSED
PX4-TB-117,PX4,COM_POS_FS_DELAY,ALTERNATIVE_SEMANTICS,COM_POS_FS_DELAY:ekf2_noaid_tout_non_equivalent,该行属于互斥替代解释；只有人工切换到本候选组后才参与判真。,PARAMETER_CONSUMER,Ekf::updateHorizontalDeadReckoningstatus(): _params.ekf2_noaid_tout,baseline/px4/src/modules/ekf2/EKF/ekf_helper.cpp,880,880,Ekf::updateHorizontalDeadReckoningstatus(),uint64 timeout comparison,microseconds since last horizontal aiding,EKF2_NOAID_TOUT 只用于判定水平惯性航推是否超时。,起点是 _time_last_horizontal_aiding，属于 EKF 内部单调时间；不是旧 Commander 故障动作延迟。,UNRESOLVED,实际消费路径可证，但这也进一步证明它与 COM_POS_FS_DELAY 非等价。,INSTRUMENTATION_REQUIRED,"PARAM_VALUE.param_id=EKF2_NOAID_TOUT,param_value",,禁止代入历史 COM_POS_FS_DELAY 公式。,EKF2_NOAID_TOUT,NON_EQUIVALENT_CANDIDATE,,NOT_ASSESSED
